ISO-10303-21;
HEADER;

FILE_DESCRIPTION( (''), '2;1');
FILE_NAME ('EMT3F.stp','2019-05-29T12:25:35',(''),(''),'spGate 14.4.10','','');

FILE_SCHEMA (('AUTOMOTIVE_DESIGN'));
ENDSEC;

DATA;
#10=(GEOMETRIC_REPRESENTATION_CONTEXT(3) GLOBAL_UNCERTAINTY_ASSIGNED_CONTEXT((#12)) GLOBAL_UNIT_ASSIGNED_CONTEXT((#13,#14,#15)) REPRESENTATION_CONTEXT('ID1','3D'));
#12=UNCERTAINTY_MEASURE_WITH_UNIT(LENGTH_MEASURE(0.01),#16,'DISTANCE_ACCURACY_VALUE','Maximum model space distance between geometric entities at asserted connectivities');
#13=(NAMED_UNIT(*) SI_UNIT($,.STERADIAN.) SOLID_ANGLE_UNIT());
#14=(CONVERSION_BASED_UNIT('DEGREE',#49) NAMED_UNIT(#50) PLANE_ANGLE_UNIT());
#15=(LENGTH_UNIT() NAMED_UNIT(*) SI_UNIT(.MILLI.,.METRE.));
#16=(LENGTH_UNIT() NAMED_UNIT(*) SI_UNIT(.MILLI.,.METRE.));
#17=AXIS2_PLACEMENT_3D('',#52,#53,#54);
#18=AXIS2_PLACEMENT_3D('',#55,#56,#57);
#19=PRODUCT_DEFINITION('','',#62,#63);
#20=AXIS2_PLACEMENT_3D('',#64,#65,#66);
#21=AXIS2_PLACEMENT_3D('',#67,#68,#69);
#22=AXIS2_PLACEMENT_3D('',#70,#71,#72);
#23=AXIS2_PLACEMENT_3D('',#73,#74,#75);
#24=SHAPE_REPRESENTATION('Assembly',(#18,#20,#21,#22,#23),#10);
#25=AXIS2_PLACEMENT_3D('',#78,#79,#80);
#26=PRODUCT_DEFINITION('','',#85,#86);
#27=SHAPE_REPRESENTATION('EMT3F-prt0',(#25),#10);
#28=ITEM_DEFINED_TRANSFORMATION('','',#20,#25);
#29=(REPRESENTATION_RELATIONSHIP('','',#24,#27) REPRESENTATION_RELATIONSHIP_WITH_TRANSFORMATION(#28) SHAPE_REPRESENTATION_RELATIONSHIP());
#31=AXIS2_PLACEMENT_3D('',#93,#94,#95);
#32=PRODUCT_DEFINITION('','',#100,#101);
#33=SHAPE_REPRESENTATION('EMT3F-prt1',(#31),#10);
#34=ITEM_DEFINED_TRANSFORMATION('','',#21,#31);
#35=(REPRESENTATION_RELATIONSHIP('','',#24,#33) REPRESENTATION_RELATIONSHIP_WITH_TRANSFORMATION(#34) SHAPE_REPRESENTATION_RELATIONSHIP());
#37=AXIS2_PLACEMENT_3D('',#108,#109,#110);
#38=PRODUCT_DEFINITION('','',#115,#116);
#39=SHAPE_REPRESENTATION('EMT3F-prt2',(#37),#10);
#40=ITEM_DEFINED_TRANSFORMATION('','',#22,#37);
#41=(REPRESENTATION_RELATIONSHIP('','',#24,#39) REPRESENTATION_RELATIONSHIP_WITH_TRANSFORMATION(#40) SHAPE_REPRESENTATION_RELATIONSHIP());
#43=AXIS2_PLACEMENT_3D('',#123,#124,#125);
#44=PRODUCT_DEFINITION('','',#130,#131);
#45=SHAPE_REPRESENTATION('EMT3F-prt3',(#43),#10);
#46=ITEM_DEFINED_TRANSFORMATION('','',#23,#43);
#47=(REPRESENTATION_RELATIONSHIP('','',#24,#45) REPRESENTATION_RELATIONSHIP_WITH_TRANSFORMATION(#46) SHAPE_REPRESENTATION_RELATIONSHIP());
#49=PLANE_ANGLE_MEASURE_WITH_UNIT(PLANE_ANGLE_MEASURE(0.01745329252),#51);
#50=DIMENSIONAL_EXPONENTS(0.0,0.0,0.0,0.0,0.0,0.0,0.0);
#51=(NAMED_UNIT(*) PLANE_ANGLE_UNIT() SI_UNIT($,.RADIAN.));
#52=CARTESIAN_POINT('',(0.00000000000E+000,0.00000000000E+000,0.00000000000E+000));
#53=DIRECTION('',(0.00000000000E+000,0.00000000000E+000,1.00000000000E+000));
#54=DIRECTION('',(1.00000000000E+000,0.00000000000E+000,0.00000000000E+000));
#55=CARTESIAN_POINT('',(0.00000000000E+000,0.00000000000E+000,0.00000000000E+000));
#56=DIRECTION('',(0.00000000000E+000,0.00000000000E+000,1.00000000000E+000));
#57=DIRECTION('',(1.00000000000E+000,0.00000000000E+000,0.00000000000E+000));
#58=APPLICATION_CONTEXT('configuration controlled 3d designs of mechanical parts and assemblies');
#59=APPLICATION_PROTOCOL_DEFINITION('International Standard','automotive_design',1999,#58);
#60=PRODUCT_CONTEXT('',#58,'');
#61=PRODUCT('Assembly','Assembly','',(#60));
#62=PRODUCT_DEFINITION_FORMATION_WITH_SPECIFIED_SOURCE('','',#61,.NOT_KNOWN.);
#63=PRODUCT_DEFINITION_CONTEXT('design',#58,'');
#64=CARTESIAN_POINT('',(0.00000000000E+000,0.00000000000E+000,0.00000000000E+000));
#65=DIRECTION('',(0.00000000000E+000,0.00000000000E+000,1.00000000000E+000));
#66=DIRECTION('',(1.00000000000E+000,0.00000000000E+000,0.00000000000E+000));
#67=CARTESIAN_POINT('',(0.00000000000E+000,0.00000000000E+000,0.00000000000E+000));
#68=DIRECTION('',(0.00000000000E+000,0.00000000000E+000,1.00000000000E+000));
#69=DIRECTION('',(1.00000000000E+000,0.00000000000E+000,0.00000000000E+000));
#70=CARTESIAN_POINT('',(0.00000000000E+000,0.00000000000E+000,0.00000000000E+000));
#71=DIRECTION('',(0.00000000000E+000,0.00000000000E+000,1.00000000000E+000));
#72=DIRECTION('',(1.00000000000E+000,0.00000000000E+000,0.00000000000E+000));
#73=CARTESIAN_POINT('',(0.00000000000E+000,0.00000000000E+000,0.00000000000E+000));
#74=DIRECTION('',(0.00000000000E+000,0.00000000000E+000,1.00000000000E+000));
#75=DIRECTION('',(1.00000000000E+000,0.00000000000E+000,0.00000000000E+000));
#76=PRODUCT_DEFINITION_SHAPE('','',#19);
#77=SHAPE_DEFINITION_REPRESENTATION(#76,#24);
#78=CARTESIAN_POINT('',(0.00000000000E+000,0.00000000000E+000,0.00000000000E+000));
#79=DIRECTION('',(0.00000000000E+000,0.00000000000E+000,1.00000000000E+000));
#80=DIRECTION('',(1.00000000000E+000,0.00000000000E+000,0.00000000000E+000));
#81=APPLICATION_CONTEXT('configuration controlled 3d designs of mechanical parts and assemblies');
#82=APPLICATION_PROTOCOL_DEFINITION('International Standard','automotive_design',1999,#81);
#83=PRODUCT_CONTEXT('',#81,'');
#84=PRODUCT('EMT3F-prt0','EMT3F-prt0','',(#83));
#85=PRODUCT_DEFINITION_FORMATION_WITH_SPECIFIED_SOURCE('','',#84,.NOT_KNOWN.);
#86=PRODUCT_DEFINITION_CONTEXT('design',#81,'');
#87=PRODUCT_DEFINITION_SHAPE('','',#26);
#88=SHAPE_DEFINITION_REPRESENTATION(#87,#27);
#89=NEXT_ASSEMBLY_USAGE_OCCURRENCE('','','',#19,#26,'');
#90=PRODUCT_DEFINITION_SHAPE('','',#89);
#91=CONTEXT_DEPENDENT_SHAPE_REPRESENTATION(#29,#90);
#93=CARTESIAN_POINT('',(0.00000000000E+000,0.00000000000E+000,0.00000000000E+000));
#94=DIRECTION('',(0.00000000000E+000,0.00000000000E+000,1.00000000000E+000));
#95=DIRECTION('',(1.00000000000E+000,0.00000000000E+000,0.00000000000E+000));
#96=APPLICATION_CONTEXT('configuration controlled 3d designs of mechanical parts and assemblies');
#97=APPLICATION_PROTOCOL_DEFINITION('International Standard','automotive_design',1999,#96);
#98=PRODUCT_CONTEXT('',#96,'');
#99=PRODUCT('EMT3F-prt1','EMT3F-prt1','',(#98));
#100=PRODUCT_DEFINITION_FORMATION_WITH_SPECIFIED_SOURCE('','',#99,.NOT_KNOWN.);
#101=PRODUCT_DEFINITION_CONTEXT('design',#96,'');
#102=PRODUCT_DEFINITION_SHAPE('','',#32);
#103=SHAPE_DEFINITION_REPRESENTATION(#102,#33);
#104=NEXT_ASSEMBLY_USAGE_OCCURRENCE('','','',#19,#32,'');
#105=PRODUCT_DEFINITION_SHAPE('','',#104);
#106=CONTEXT_DEPENDENT_SHAPE_REPRESENTATION(#35,#105);
#108=CARTESIAN_POINT('',(0.00000000000E+000,0.00000000000E+000,0.00000000000E+000));
#109=DIRECTION('',(0.00000000000E+000,0.00000000000E+000,1.00000000000E+000));
#110=DIRECTION('',(1.00000000000E+000,0.00000000000E+000,0.00000000000E+000));
#111=APPLICATION_CONTEXT('configuration controlled 3d designs of mechanical parts and assemblies');
#112=APPLICATION_PROTOCOL_DEFINITION('International Standard','automotive_design',1999,#111);
#113=PRODUCT_CONTEXT('',#111,'');
#114=PRODUCT('EMT3F-prt2','EMT3F-prt2','',(#113));
#115=PRODUCT_DEFINITION_FORMATION_WITH_SPECIFIED_SOURCE('','',#114,.NOT_KNOWN.);
#116=PRODUCT_DEFINITION_CONTEXT('design',#111,'');
#117=PRODUCT_DEFINITION_SHAPE('','',#38);
#118=SHAPE_DEFINITION_REPRESENTATION(#117,#39);
#119=NEXT_ASSEMBLY_USAGE_OCCURRENCE('','','',#19,#38,'');
#120=PRODUCT_DEFINITION_SHAPE('','',#119);
#121=CONTEXT_DEPENDENT_SHAPE_REPRESENTATION(#41,#120);
#123=CARTESIAN_POINT('',(0.00000000000E+000,0.00000000000E+000,0.00000000000E+000));
#124=DIRECTION('',(0.00000000000E+000,0.00000000000E+000,1.00000000000E+000));
#125=DIRECTION('',(1.00000000000E+000,0.00000000000E+000,0.00000000000E+000));
#126=APPLICATION_CONTEXT('configuration controlled 3d designs of mechanical parts and assemblies');
#127=APPLICATION_PROTOCOL_DEFINITION('International Standard','automotive_design',1999,#126);
#128=PRODUCT_CONTEXT('',#126,'');
#129=PRODUCT('EMT3F-prt3','EMT3F-prt3','',(#128));
#130=PRODUCT_DEFINITION_FORMATION_WITH_SPECIFIED_SOURCE('','',#129,.NOT_KNOWN.);
#131=PRODUCT_DEFINITION_CONTEXT('design',#126,'');
#132=PRODUCT_DEFINITION_SHAPE('','',#44);
#133=SHAPE_DEFINITION_REPRESENTATION(#132,#45);
#134=NEXT_ASSEMBLY_USAGE_OCCURRENCE('','','',#19,#44,'');
#135=PRODUCT_DEFINITION_SHAPE('','',#134);
#136=CONTEXT_DEPENDENT_SHAPE_REPRESENTATION(#47,#135);
#138=SHAPE_REPRESENTATION_RELATIONSHIP('','',#27,#143);
#139=SHAPE_REPRESENTATION_RELATIONSHIP('','',#33,#145);
#140=SHAPE_REPRESENTATION_RELATIONSHIP('','',#39,#147);
#141=SHAPE_REPRESENTATION_RELATIONSHIP('','',#45,#149);
#142=MANIFOLD_SOLID_BREP('',#150);
#143=ADVANCED_BREP_SHAPE_REPRESENTATION('',(#142),#10);
#144=MANIFOLD_SOLID_BREP('',#159);
#145=ADVANCED_BREP_SHAPE_REPRESENTATION('',(#144),#10);
#146=MANIFOLD_SOLID_BREP('',#168);
#147=ADVANCED_BREP_SHAPE_REPRESENTATION('',(#146),#10);
#148=MANIFOLD_SOLID_BREP('',#177);
#149=ADVANCED_BREP_SHAPE_REPRESENTATION('',(#148),#10);
#150=CLOSED_SHELL('',(#186,#187,#188,#189,#190,#191,#192,#193));
#151=COLOUR_RGB('',0.00000000000E+000,0.00000000000E+000,0.00000000000E+000);
#152=FILL_AREA_STYLE_COLOUR('',#151);
#153=FILL_AREA_STYLE('',(#152));
#154=SURFACE_STYLE_FILL_AREA(#153);
#155=SURFACE_SIDE_STYLE('',(#154));
#156=SURFACE_STYLE_USAGE(.BOTH.,#155);
#157=PRESENTATION_STYLE_ASSIGNMENT((#156));
#158=STYLED_ITEM('',(#157),#142);
#159=CLOSED_SHELL('',(#194,#195,#196,#197,#198,#199,#200,#201));
#160=COLOUR_RGB('',0.00000000000E+000,0.00000000000E+000,0.00000000000E+000);
#161=FILL_AREA_STYLE_COLOUR('',#160);
#162=FILL_AREA_STYLE('',(#161));
#163=SURFACE_STYLE_FILL_AREA(#162);
#164=SURFACE_SIDE_STYLE('',(#163));
#165=SURFACE_STYLE_USAGE(.BOTH.,#164);
#166=PRESENTATION_STYLE_ASSIGNMENT((#165));
#167=STYLED_ITEM('',(#166),#144);
#168=CLOSED_SHELL('',(#202,#203,#204,#205,#206,#207,#208,#209));
#169=COLOUR_RGB('',0.00000000000E+000,0.00000000000E+000,0.00000000000E+000);
#170=FILL_AREA_STYLE_COLOUR('',#169);
#171=FILL_AREA_STYLE('',(#170));
#172=SURFACE_STYLE_FILL_AREA(#171);
#173=SURFACE_SIDE_STYLE('',(#172));
#174=SURFACE_STYLE_USAGE(.BOTH.,#173);
#175=PRESENTATION_STYLE_ASSIGNMENT((#174));
#176=STYLED_ITEM('',(#175),#146);
#177=CLOSED_SHELL('',(#210,#211,#212,#213,#214,#215,#216,#217,#218,#219,#220,#221,#222,#223,#224,#225,#226,#227,#228,#229,#230,#231,#232,#233,#234,#235,#236,#237,#238,#239,#240,#241,#242));
#178=COLOUR_RGB('',0.00000000000E+000,0.00000000000E+000,0.00000000000E+000);
#179=FILL_AREA_STYLE_COLOUR('',#178);
#180=FILL_AREA_STYLE('',(#179));
#181=SURFACE_STYLE_FILL_AREA(#180);
#182=SURFACE_SIDE_STYLE('',(#181));
#183=SURFACE_STYLE_USAGE(.BOTH.,#182);
#184=PRESENTATION_STYLE_ASSIGNMENT((#183));
#185=STYLED_ITEM('',(#184),#148);
#186=ADVANCED_FACE('',(#244),#243,.T.);
#187=ADVANCED_FACE('',(#254),#253,.T.);
#188=ADVANCED_FACE('',(#264),#263,.T.);
#189=ADVANCED_FACE('',(#274),#273,.T.);
#190=ADVANCED_FACE('',(#284),#283,.T.);
#191=ADVANCED_FACE('',(#294),#293,.T.);
#192=ADVANCED_FACE('',(#304),#303,.T.);
#193=ADVANCED_FACE('',(#314),#313,.F.);
#194=ADVANCED_FACE('',(#324),#323,.T.);
#195=ADVANCED_FACE('',(#334),#333,.T.);
#196=ADVANCED_FACE('',(#344),#343,.T.);
#197=ADVANCED_FACE('',(#354),#353,.T.);
#198=ADVANCED_FACE('',(#364),#363,.T.);
#199=ADVANCED_FACE('',(#374),#373,.T.);
#200=ADVANCED_FACE('',(#384),#383,.T.);
#201=ADVANCED_FACE('',(#394),#393,.F.);
#202=ADVANCED_FACE('',(#404),#403,.T.);
#203=ADVANCED_FACE('',(#414),#413,.T.);
#204=ADVANCED_FACE('',(#424),#423,.T.);
#205=ADVANCED_FACE('',(#434),#433,.T.);
#206=ADVANCED_FACE('',(#444),#443,.T.);
#207=ADVANCED_FACE('',(#454),#453,.T.);
#208=ADVANCED_FACE('',(#464),#463,.T.);
#209=ADVANCED_FACE('',(#474),#473,.F.);
#210=ADVANCED_FACE('',(#484),#483,.F.);
#211=ADVANCED_FACE('',(#494),#493,.F.);
#212=ADVANCED_FACE('',(#504),#503,.F.);
#213=ADVANCED_FACE('',(#514),#513,.T.);
#214=ADVANCED_FACE('',(#524),#523,.T.);
#215=ADVANCED_FACE('',(#534),#533,.T.);
#216=ADVANCED_FACE('',(#544),#543,.T.);
#217=ADVANCED_FACE('',(#554),#553,.F.);
#218=ADVANCED_FACE('',(#564),#563,.F.);
#219=ADVANCED_FACE('',(#574),#573,.F.);
#220=ADVANCED_FACE('',(#584),#583,.T.);
#221=ADVANCED_FACE('',(#594),#593,.T.);
#222=ADVANCED_FACE('',(#604),#603,.F.);
#223=ADVANCED_FACE('',(#614),#613,.F.);
#224=ADVANCED_FACE('',(#624),#623,.F.);
#225=ADVANCED_FACE('',(#634),#633,.F.);
#226=ADVANCED_FACE('',(#644),#643,.F.);
#227=ADVANCED_FACE('',(#654),#653,.T.);
#228=ADVANCED_FACE('',(#664),#663,.F.);
#229=ADVANCED_FACE('',(#674),#673,.F.);
#230=ADVANCED_FACE('',(#684),#683,.F.);
#231=ADVANCED_FACE('',(#694),#693,.F.);
#232=ADVANCED_FACE('',(#704),#703,.F.);
#233=ADVANCED_FACE('',(#714),#713,.T.);
#234=ADVANCED_FACE('',(#724),#723,.F.);
#235=ADVANCED_FACE('',(#734),#733,.F.);
#236=ADVANCED_FACE('',(#744),#743,.F.);
#237=ADVANCED_FACE('',(#754),#753,.F.);
#238=ADVANCED_FACE('',(#764),#763,.F.);
#239=ADVANCED_FACE('',(#774),#773,.T.);
#240=ADVANCED_FACE('',(#784),#783,.F.);
#241=ADVANCED_FACE('',(#794),#793,.F.);
#242=ADVANCED_FACE('',(#804),#803,.F.);
#243=PLANE('',#816);
#244=FACE_OUTER_BOUND('',#817,.T.);
#245=COLOUR_RGB('',6.58823549747E-001,6.58823549747E-001,6.58823549747E-001);
#246=FILL_AREA_STYLE_COLOUR('',#245);
#247=FILL_AREA_STYLE('',(#246));
#248=SURFACE_STYLE_FILL_AREA(#247);
#249=SURFACE_SIDE_STYLE('',(#248));
#250=SURFACE_STYLE_USAGE(.BOTH.,#249);
#251=PRESENTATION_STYLE_ASSIGNMENT((#250));
#252=STYLED_ITEM('',(#251),#186);
#253=PLANE('',#821);
#254=FACE_OUTER_BOUND('',#822,.T.);
#255=COLOUR_RGB('',6.58823549747E-001,6.58823549747E-001,6.58823549747E-001);
#256=FILL_AREA_STYLE_COLOUR('',#255);
#257=FILL_AREA_STYLE('',(#256));
#258=SURFACE_STYLE_FILL_AREA(#257);
#259=SURFACE_SIDE_STYLE('',(#258));
#260=SURFACE_STYLE_USAGE(.BOTH.,#259);
#261=PRESENTATION_STYLE_ASSIGNMENT((#260));
#262=STYLED_ITEM('',(#261),#187);
#263=CYLINDRICAL_SURFACE('',#826,5.00000000000E-002);
#264=FACE_OUTER_BOUND('',#827,.T.);
#265=COLOUR_RGB('',6.58823549747E-001,6.58823549747E-001,6.58823549747E-001);
#266=FILL_AREA_STYLE_COLOUR('',#265);
#267=FILL_AREA_STYLE('',(#266));
#268=SURFACE_STYLE_FILL_AREA(#267);
#269=SURFACE_SIDE_STYLE('',(#268));
#270=SURFACE_STYLE_USAGE(.BOTH.,#269);
#271=PRESENTATION_STYLE_ASSIGNMENT((#270));
#272=STYLED_ITEM('',(#271),#188);
#273=PLANE('',#831);
#274=FACE_OUTER_BOUND('',#832,.T.);
#275=COLOUR_RGB('',6.58823549747E-001,6.58823549747E-001,6.58823549747E-001);
#276=FILL_AREA_STYLE_COLOUR('',#275);
#277=FILL_AREA_STYLE('',(#276));
#278=SURFACE_STYLE_FILL_AREA(#277);
#279=SURFACE_SIDE_STYLE('',(#278));
#280=SURFACE_STYLE_USAGE(.BOTH.,#279);
#281=PRESENTATION_STYLE_ASSIGNMENT((#280));
#282=STYLED_ITEM('',(#281),#189);
#283=CYLINDRICAL_SURFACE('',#836,5.00000000000E-002);
#284=FACE_OUTER_BOUND('',#837,.T.);
#285=COLOUR_RGB('',6.58823549747E-001,6.58823549747E-001,6.58823549747E-001);
#286=FILL_AREA_STYLE_COLOUR('',#285);
#287=FILL_AREA_STYLE('',(#286));
#288=SURFACE_STYLE_FILL_AREA(#287);
#289=SURFACE_SIDE_STYLE('',(#288));
#290=SURFACE_STYLE_USAGE(.BOTH.,#289);
#291=PRESENTATION_STYLE_ASSIGNMENT((#290));
#292=STYLED_ITEM('',(#291),#190);
#293=PLANE('',#841);
#294=FACE_OUTER_BOUND('',#842,.T.);
#295=COLOUR_RGB('',6.58823549747E-001,6.58823549747E-001,6.58823549747E-001);
#296=FILL_AREA_STYLE_COLOUR('',#295);
#297=FILL_AREA_STYLE('',(#296));
#298=SURFACE_STYLE_FILL_AREA(#297);
#299=SURFACE_SIDE_STYLE('',(#298));
#300=SURFACE_STYLE_USAGE(.BOTH.,#299);
#301=PRESENTATION_STYLE_ASSIGNMENT((#300));
#302=STYLED_ITEM('',(#301),#191);
#303=PLANE('',#846);
#304=FACE_OUTER_BOUND('',#847,.T.);
#305=COLOUR_RGB('',6.58823549747E-001,6.58823549747E-001,6.58823549747E-001);
#306=FILL_AREA_STYLE_COLOUR('',#305);
#307=FILL_AREA_STYLE('',(#306));
#308=SURFACE_STYLE_FILL_AREA(#307);
#309=SURFACE_SIDE_STYLE('',(#308));
#310=SURFACE_STYLE_USAGE(.BOTH.,#309);
#311=PRESENTATION_STYLE_ASSIGNMENT((#310));
#312=STYLED_ITEM('',(#311),#192);
#313=PLANE('',#851);
#314=FACE_OUTER_BOUND('',#852,.T.);
#315=COLOUR_RGB('',6.58823549747E-001,6.58823549747E-001,6.58823549747E-001);
#316=FILL_AREA_STYLE_COLOUR('',#315);
#317=FILL_AREA_STYLE('',(#316));
#318=SURFACE_STYLE_FILL_AREA(#317);
#319=SURFACE_SIDE_STYLE('',(#318));
#320=SURFACE_STYLE_USAGE(.BOTH.,#319);
#321=PRESENTATION_STYLE_ASSIGNMENT((#320));
#322=STYLED_ITEM('',(#321),#193);
#323=PLANE('',#856);
#324=FACE_OUTER_BOUND('',#857,.T.);
#325=COLOUR_RGB('',6.58823549747E-001,6.58823549747E-001,6.58823549747E-001);
#326=FILL_AREA_STYLE_COLOUR('',#325);
#327=FILL_AREA_STYLE('',(#326));
#328=SURFACE_STYLE_FILL_AREA(#327);
#329=SURFACE_SIDE_STYLE('',(#328));
#330=SURFACE_STYLE_USAGE(.BOTH.,#329);
#331=PRESENTATION_STYLE_ASSIGNMENT((#330));
#332=STYLED_ITEM('',(#331),#194);
#333=CYLINDRICAL_SURFACE('',#861,5.00000000000E-002);
#334=FACE_OUTER_BOUND('',#862,.T.);
#335=COLOUR_RGB('',6.58823549747E-001,6.58823549747E-001,6.58823549747E-001);
#336=FILL_AREA_STYLE_COLOUR('',#335);
#337=FILL_AREA_STYLE('',(#336));
#338=SURFACE_STYLE_FILL_AREA(#337);
#339=SURFACE_SIDE_STYLE('',(#338));
#340=SURFACE_STYLE_USAGE(.BOTH.,#339);
#341=PRESENTATION_STYLE_ASSIGNMENT((#340));
#342=STYLED_ITEM('',(#341),#195);
#343=PLANE('',#866);
#344=FACE_OUTER_BOUND('',#867,.T.);
#345=COLOUR_RGB('',6.58823549747E-001,6.58823549747E-001,6.58823549747E-001);
#346=FILL_AREA_STYLE_COLOUR('',#345);
#347=FILL_AREA_STYLE('',(#346));
#348=SURFACE_STYLE_FILL_AREA(#347);
#349=SURFACE_SIDE_STYLE('',(#348));
#350=SURFACE_STYLE_USAGE(.BOTH.,#349);
#351=PRESENTATION_STYLE_ASSIGNMENT((#350));
#352=STYLED_ITEM('',(#351),#196);
#353=CYLINDRICAL_SURFACE('',#871,5.00000000000E-002);
#354=FACE_OUTER_BOUND('',#872,.T.);
#355=COLOUR_RGB('',6.58823549747E-001,6.58823549747E-001,6.58823549747E-001);
#356=FILL_AREA_STYLE_COLOUR('',#355);
#357=FILL_AREA_STYLE('',(#356));
#358=SURFACE_STYLE_FILL_AREA(#357);
#359=SURFACE_SIDE_STYLE('',(#358));
#360=SURFACE_STYLE_USAGE(.BOTH.,#359);
#361=PRESENTATION_STYLE_ASSIGNMENT((#360));
#362=STYLED_ITEM('',(#361),#197);
#363=PLANE('',#876);
#364=FACE_OUTER_BOUND('',#877,.T.);
#365=COLOUR_RGB('',6.58823549747E-001,6.58823549747E-001,6.58823549747E-001);
#366=FILL_AREA_STYLE_COLOUR('',#365);
#367=FILL_AREA_STYLE('',(#366));
#368=SURFACE_STYLE_FILL_AREA(#367);
#369=SURFACE_SIDE_STYLE('',(#368));
#370=SURFACE_STYLE_USAGE(.BOTH.,#369);
#371=PRESENTATION_STYLE_ASSIGNMENT((#370));
#372=STYLED_ITEM('',(#371),#198);
#373=PLANE('',#881);
#374=FACE_OUTER_BOUND('',#882,.T.);
#375=COLOUR_RGB('',6.58823549747E-001,6.58823549747E-001,6.58823549747E-001);
#376=FILL_AREA_STYLE_COLOUR('',#375);
#377=FILL_AREA_STYLE('',(#376));
#378=SURFACE_STYLE_FILL_AREA(#377);
#379=SURFACE_SIDE_STYLE('',(#378));
#380=SURFACE_STYLE_USAGE(.BOTH.,#379);
#381=PRESENTATION_STYLE_ASSIGNMENT((#380));
#382=STYLED_ITEM('',(#381),#199);
#383=PLANE('',#886);
#384=FACE_OUTER_BOUND('',#887,.T.);
#385=COLOUR_RGB('',6.58823549747E-001,6.58823549747E-001,6.58823549747E-001);
#386=FILL_AREA_STYLE_COLOUR('',#385);
#387=FILL_AREA_STYLE('',(#386));
#388=SURFACE_STYLE_FILL_AREA(#387);
#389=SURFACE_SIDE_STYLE('',(#388));
#390=SURFACE_STYLE_USAGE(.BOTH.,#389);
#391=PRESENTATION_STYLE_ASSIGNMENT((#390));
#392=STYLED_ITEM('',(#391),#200);
#393=PLANE('',#891);
#394=FACE_OUTER_BOUND('',#892,.T.);
#395=COLOUR_RGB('',6.58823549747E-001,6.58823549747E-001,6.58823549747E-001);
#396=FILL_AREA_STYLE_COLOUR('',#395);
#397=FILL_AREA_STYLE('',(#396));
#398=SURFACE_STYLE_FILL_AREA(#397);
#399=SURFACE_SIDE_STYLE('',(#398));
#400=SURFACE_STYLE_USAGE(.BOTH.,#399);
#401=PRESENTATION_STYLE_ASSIGNMENT((#400));
#402=STYLED_ITEM('',(#401),#201);
#403=PLANE('',#896);
#404=FACE_OUTER_BOUND('',#897,.T.);
#405=COLOUR_RGB('',6.58823549747E-001,6.58823549747E-001,6.58823549747E-001);
#406=FILL_AREA_STYLE_COLOUR('',#405);
#407=FILL_AREA_STYLE('',(#406));
#408=SURFACE_STYLE_FILL_AREA(#407);
#409=SURFACE_SIDE_STYLE('',(#408));
#410=SURFACE_STYLE_USAGE(.BOTH.,#409);
#411=PRESENTATION_STYLE_ASSIGNMENT((#410));
#412=STYLED_ITEM('',(#411),#202);
#413=PLANE('',#901);
#414=FACE_OUTER_BOUND('',#902,.T.);
#415=COLOUR_RGB('',6.58823549747E-001,6.58823549747E-001,6.58823549747E-001);
#416=FILL_AREA_STYLE_COLOUR('',#415);
#417=FILL_AREA_STYLE('',(#416));
#418=SURFACE_STYLE_FILL_AREA(#417);
#419=SURFACE_SIDE_STYLE('',(#418));
#420=SURFACE_STYLE_USAGE(.BOTH.,#419);
#421=PRESENTATION_STYLE_ASSIGNMENT((#420));
#422=STYLED_ITEM('',(#421),#203);
#423=PLANE('',#906);
#424=FACE_OUTER_BOUND('',#907,.T.);
#425=COLOUR_RGB('',6.58823549747E-001,6.58823549747E-001,6.58823549747E-001);
#426=FILL_AREA_STYLE_COLOUR('',#425);
#427=FILL_AREA_STYLE('',(#426));
#428=SURFACE_STYLE_FILL_AREA(#427);
#429=SURFACE_SIDE_STYLE('',(#428));
#430=SURFACE_STYLE_USAGE(.BOTH.,#429);
#431=PRESENTATION_STYLE_ASSIGNMENT((#430));
#432=STYLED_ITEM('',(#431),#204);
#433=CYLINDRICAL_SURFACE('',#911,5.00000000000E-002);
#434=FACE_OUTER_BOUND('',#912,.T.);
#435=COLOUR_RGB('',6.58823549747E-001,6.58823549747E-001,6.58823549747E-001);
#436=FILL_AREA_STYLE_COLOUR('',#435);
#437=FILL_AREA_STYLE('',(#436));
#438=SURFACE_STYLE_FILL_AREA(#437);
#439=SURFACE_SIDE_STYLE('',(#438));
#440=SURFACE_STYLE_USAGE(.BOTH.,#439);
#441=PRESENTATION_STYLE_ASSIGNMENT((#440));
#442=STYLED_ITEM('',(#441),#205);
#443=PLANE('',#916);
#444=FACE_OUTER_BOUND('',#917,.T.);
#445=COLOUR_RGB('',6.58823549747E-001,6.58823549747E-001,6.58823549747E-001);
#446=FILL_AREA_STYLE_COLOUR('',#445);
#447=FILL_AREA_STYLE('',(#446));
#448=SURFACE_STYLE_FILL_AREA(#447);
#449=SURFACE_SIDE_STYLE('',(#448));
#450=SURFACE_STYLE_USAGE(.BOTH.,#449);
#451=PRESENTATION_STYLE_ASSIGNMENT((#450));
#452=STYLED_ITEM('',(#451),#206);
#453=CYLINDRICAL_SURFACE('',#921,5.00000000000E-002);
#454=FACE_OUTER_BOUND('',#922,.T.);
#455=COLOUR_RGB('',6.58823549747E-001,6.58823549747E-001,6.58823549747E-001);
#456=FILL_AREA_STYLE_COLOUR('',#455);
#457=FILL_AREA_STYLE('',(#456));
#458=SURFACE_STYLE_FILL_AREA(#457);
#459=SURFACE_SIDE_STYLE('',(#458));
#460=SURFACE_STYLE_USAGE(.BOTH.,#459);
#461=PRESENTATION_STYLE_ASSIGNMENT((#460));
#462=STYLED_ITEM('',(#461),#207);
#463=PLANE('',#926);
#464=FACE_OUTER_BOUND('',#927,.T.);
#465=COLOUR_RGB('',6.58823549747E-001,6.58823549747E-001,6.58823549747E-001);
#466=FILL_AREA_STYLE_COLOUR('',#465);
#467=FILL_AREA_STYLE('',(#466));
#468=SURFACE_STYLE_FILL_AREA(#467);
#469=SURFACE_SIDE_STYLE('',(#468));
#470=SURFACE_STYLE_USAGE(.BOTH.,#469);
#471=PRESENTATION_STYLE_ASSIGNMENT((#470));
#472=STYLED_ITEM('',(#471),#208);
#473=PLANE('',#931);
#474=FACE_OUTER_BOUND('',#932,.T.);
#475=COLOUR_RGB('',6.58823549747E-001,6.58823549747E-001,6.58823549747E-001);
#476=FILL_AREA_STYLE_COLOUR('',#475);
#477=FILL_AREA_STYLE('',(#476));
#478=SURFACE_STYLE_FILL_AREA(#477);
#479=SURFACE_SIDE_STYLE('',(#478));
#480=SURFACE_STYLE_USAGE(.BOTH.,#479);
#481=PRESENTATION_STYLE_ASSIGNMENT((#480));
#482=STYLED_ITEM('',(#481),#209);
#483=PLANE('',#936);
#484=FACE_OUTER_BOUND('',#937,.T.);
#485=COLOUR_RGB('',1.92156866193E-001,1.92156866193E-001,1.92156866193E-001);
#486=FILL_AREA_STYLE_COLOUR('',#485);
#487=FILL_AREA_STYLE('',(#486));
#488=SURFACE_STYLE_FILL_AREA(#487);
#489=SURFACE_SIDE_STYLE('',(#488));
#490=SURFACE_STYLE_USAGE(.BOTH.,#489);
#491=PRESENTATION_STYLE_ASSIGNMENT((#490));
#492=STYLED_ITEM('',(#491),#210);
#493=PLANE('',#941);
#494=FACE_OUTER_BOUND('',#942,.T.);
#495=COLOUR_RGB('',1.92156866193E-001,1.92156866193E-001,1.92156866193E-001);
#496=FILL_AREA_STYLE_COLOUR('',#495);
#497=FILL_AREA_STYLE('',(#496));
#498=SURFACE_STYLE_FILL_AREA(#497);
#499=SURFACE_SIDE_STYLE('',(#498));
#500=SURFACE_STYLE_USAGE(.BOTH.,#499);
#501=PRESENTATION_STYLE_ASSIGNMENT((#500));
#502=STYLED_ITEM('',(#501),#211);
#503=PLANE('',#946);
#504=FACE_OUTER_BOUND('',#947,.T.);
#505=COLOUR_RGB('',1.92156866193E-001,1.92156866193E-001,1.92156866193E-001);
#506=FILL_AREA_STYLE_COLOUR('',#505);
#507=FILL_AREA_STYLE('',(#506));
#508=SURFACE_STYLE_FILL_AREA(#507);
#509=SURFACE_SIDE_STYLE('',(#508));
#510=SURFACE_STYLE_USAGE(.BOTH.,#509);
#511=PRESENTATION_STYLE_ASSIGNMENT((#510));
#512=STYLED_ITEM('',(#511),#212);
#513=PLANE('',#951);
#514=FACE_OUTER_BOUND('',#952,.T.);
#515=COLOUR_RGB('',1.92156866193E-001,1.92156866193E-001,1.92156866193E-001);
#516=FILL_AREA_STYLE_COLOUR('',#515);
#517=FILL_AREA_STYLE('',(#516));
#518=SURFACE_STYLE_FILL_AREA(#517);
#519=SURFACE_SIDE_STYLE('',(#518));
#520=SURFACE_STYLE_USAGE(.BOTH.,#519);
#521=PRESENTATION_STYLE_ASSIGNMENT((#520));
#522=STYLED_ITEM('',(#521),#213);
#523=PLANE('',#956);
#524=FACE_OUTER_BOUND('',#957,.T.);
#525=COLOUR_RGB('',1.92156866193E-001,1.92156866193E-001,1.92156866193E-001);
#526=FILL_AREA_STYLE_COLOUR('',#525);
#527=FILL_AREA_STYLE('',(#526));
#528=SURFACE_STYLE_FILL_AREA(#527);
#529=SURFACE_SIDE_STYLE('',(#528));
#530=SURFACE_STYLE_USAGE(.BOTH.,#529);
#531=PRESENTATION_STYLE_ASSIGNMENT((#530));
#532=STYLED_ITEM('',(#531),#214);
#533=PLANE('',#961);
#534=FACE_OUTER_BOUND('',#962,.T.);
#535=COLOUR_RGB('',1.92156866193E-001,1.92156866193E-001,1.92156866193E-001);
#536=FILL_AREA_STYLE_COLOUR('',#535);
#537=FILL_AREA_STYLE('',(#536));
#538=SURFACE_STYLE_FILL_AREA(#537);
#539=SURFACE_SIDE_STYLE('',(#538));
#540=SURFACE_STYLE_USAGE(.BOTH.,#539);
#541=PRESENTATION_STYLE_ASSIGNMENT((#540));
#542=STYLED_ITEM('',(#541),#215);
#543=PLANE('',#966);
#544=FACE_OUTER_BOUND('',#967,.T.);
#545=COLOUR_RGB('',1.92156866193E-001,1.92156866193E-001,1.92156866193E-001);
#546=FILL_AREA_STYLE_COLOUR('',#545);
#547=FILL_AREA_STYLE('',(#546));
#548=SURFACE_STYLE_FILL_AREA(#547);
#549=SURFACE_SIDE_STYLE('',(#548));
#550=SURFACE_STYLE_USAGE(.BOTH.,#549);
#551=PRESENTATION_STYLE_ASSIGNMENT((#550));
#552=STYLED_ITEM('',(#551),#216);
#553=PLANE('',#971);
#554=FACE_OUTER_BOUND('',#972,.T.);
#555=COLOUR_RGB('',1.92156866193E-001,1.92156866193E-001,1.92156866193E-001);
#556=FILL_AREA_STYLE_COLOUR('',#555);
#557=FILL_AREA_STYLE('',(#556));
#558=SURFACE_STYLE_FILL_AREA(#557);
#559=SURFACE_SIDE_STYLE('',(#558));
#560=SURFACE_STYLE_USAGE(.BOTH.,#559);
#561=PRESENTATION_STYLE_ASSIGNMENT((#560));
#562=STYLED_ITEM('',(#561),#217);
#563=PLANE('',#976);
#564=FACE_OUTER_BOUND('',#977,.T.);
#565=COLOUR_RGB('',1.92156866193E-001,1.92156866193E-001,1.92156866193E-001);
#566=FILL_AREA_STYLE_COLOUR('',#565);
#567=FILL_AREA_STYLE('',(#566));
#568=SURFACE_STYLE_FILL_AREA(#567);
#569=SURFACE_SIDE_STYLE('',(#568));
#570=SURFACE_STYLE_USAGE(.BOTH.,#569);
#571=PRESENTATION_STYLE_ASSIGNMENT((#570));
#572=STYLED_ITEM('',(#571),#218);
#573=PLANE('',#981);
#574=FACE_OUTER_BOUND('',#982,.T.);
#575=COLOUR_RGB('',1.92156866193E-001,1.92156866193E-001,1.92156866193E-001);
#576=FILL_AREA_STYLE_COLOUR('',#575);
#577=FILL_AREA_STYLE('',(#576));
#578=SURFACE_STYLE_FILL_AREA(#577);
#579=SURFACE_SIDE_STYLE('',(#578));
#580=SURFACE_STYLE_USAGE(.BOTH.,#579);
#581=PRESENTATION_STYLE_ASSIGNMENT((#580));
#582=STYLED_ITEM('',(#581),#219);
#583=PLANE('',#986);
#584=FACE_OUTER_BOUND('',#987,.T.);
#585=COLOUR_RGB('',1.92156866193E-001,1.92156866193E-001,1.92156866193E-001);
#586=FILL_AREA_STYLE_COLOUR('',#585);
#587=FILL_AREA_STYLE('',(#586));
#588=SURFACE_STYLE_FILL_AREA(#587);
#589=SURFACE_SIDE_STYLE('',(#588));
#590=SURFACE_STYLE_USAGE(.BOTH.,#589);
#591=PRESENTATION_STYLE_ASSIGNMENT((#590));
#592=STYLED_ITEM('',(#591),#220);
#593=PLANE('',#991);
#594=FACE_OUTER_BOUND('',#992,.T.);
#595=COLOUR_RGB('',1.92156866193E-001,1.92156866193E-001,1.92156866193E-001);
#596=FILL_AREA_STYLE_COLOUR('',#595);
#597=FILL_AREA_STYLE('',(#596));
#598=SURFACE_STYLE_FILL_AREA(#597);
#599=SURFACE_SIDE_STYLE('',(#598));
#600=SURFACE_STYLE_USAGE(.BOTH.,#599);
#601=PRESENTATION_STYLE_ASSIGNMENT((#600));
#602=STYLED_ITEM('',(#601),#221);
#603=PLANE('',#996);
#604=FACE_OUTER_BOUND('',#997,.T.);
#605=COLOUR_RGB('',1.92156866193E-001,1.92156866193E-001,1.92156866193E-001);
#606=FILL_AREA_STYLE_COLOUR('',#605);
#607=FILL_AREA_STYLE('',(#606));
#608=SURFACE_STYLE_FILL_AREA(#607);
#609=SURFACE_SIDE_STYLE('',(#608));
#610=SURFACE_STYLE_USAGE(.BOTH.,#609);
#611=PRESENTATION_STYLE_ASSIGNMENT((#610));
#612=STYLED_ITEM('',(#611),#222);
#613=CYLINDRICAL_SURFACE('',#1001,5.00000000000E-002);
#614=FACE_OUTER_BOUND('',#1002,.T.);
#615=COLOUR_RGB('',1.92156866193E-001,1.92156866193E-001,1.92156866193E-001);
#616=FILL_AREA_STYLE_COLOUR('',#615);
#617=FILL_AREA_STYLE('',(#616));
#618=SURFACE_STYLE_FILL_AREA(#617);
#619=SURFACE_SIDE_STYLE('',(#618));
#620=SURFACE_STYLE_USAGE(.BOTH.,#619);
#621=PRESENTATION_STYLE_ASSIGNMENT((#620));
#622=STYLED_ITEM('',(#621),#223);
#623=PLANE('',#1006);
#624=FACE_OUTER_BOUND('',#1007,.T.);
#625=COLOUR_RGB('',1.92156866193E-001,1.92156866193E-001,1.92156866193E-001);
#626=FILL_AREA_STYLE_COLOUR('',#625);
#627=FILL_AREA_STYLE('',(#626));
#628=SURFACE_STYLE_FILL_AREA(#627);
#629=SURFACE_SIDE_STYLE('',(#628));
#630=SURFACE_STYLE_USAGE(.BOTH.,#629);
#631=PRESENTATION_STYLE_ASSIGNMENT((#630));
#632=STYLED_ITEM('',(#631),#224);
#633=CYLINDRICAL_SURFACE('',#1011,5.00000000000E-002);
#634=FACE_OUTER_BOUND('',#1012,.T.);
#635=COLOUR_RGB('',1.92156866193E-001,1.92156866193E-001,1.92156866193E-001);
#636=FILL_AREA_STYLE_COLOUR('',#635);
#637=FILL_AREA_STYLE('',(#636));
#638=SURFACE_STYLE_FILL_AREA(#637);
#639=SURFACE_SIDE_STYLE('',(#638));
#640=SURFACE_STYLE_USAGE(.BOTH.,#639);
#641=PRESENTATION_STYLE_ASSIGNMENT((#640));
#642=STYLED_ITEM('',(#641),#225);
#643=PLANE('',#1016);
#644=FACE_OUTER_BOUND('',#1017,.T.);
#645=COLOUR_RGB('',1.92156866193E-001,1.92156866193E-001,1.92156866193E-001);
#646=FILL_AREA_STYLE_COLOUR('',#645);
#647=FILL_AREA_STYLE('',(#646));
#648=SURFACE_STYLE_FILL_AREA(#647);
#649=SURFACE_SIDE_STYLE('',(#648));
#650=SURFACE_STYLE_USAGE(.BOTH.,#649);
#651=PRESENTATION_STYLE_ASSIGNMENT((#650));
#652=STYLED_ITEM('',(#651),#226);
#653=PLANE('',#1021);
#654=FACE_OUTER_BOUND('',#1022,.T.);
#655=COLOUR_RGB('',1.92156866193E-001,1.92156866193E-001,1.92156866193E-001);
#656=FILL_AREA_STYLE_COLOUR('',#655);
#657=FILL_AREA_STYLE('',(#656));
#658=SURFACE_STYLE_FILL_AREA(#657);
#659=SURFACE_SIDE_STYLE('',(#658));
#660=SURFACE_STYLE_USAGE(.BOTH.,#659);
#661=PRESENTATION_STYLE_ASSIGNMENT((#660));
#662=STYLED_ITEM('',(#661),#227);
#663=PLANE('',#1026);
#664=FACE_OUTER_BOUND('',#1027,.T.);
#665=COLOUR_RGB('',1.92156866193E-001,1.92156866193E-001,1.92156866193E-001);
#666=FILL_AREA_STYLE_COLOUR('',#665);
#667=FILL_AREA_STYLE('',(#666));
#668=SURFACE_STYLE_FILL_AREA(#667);
#669=SURFACE_SIDE_STYLE('',(#668));
#670=SURFACE_STYLE_USAGE(.BOTH.,#669);
#671=PRESENTATION_STYLE_ASSIGNMENT((#670));
#672=STYLED_ITEM('',(#671),#228);
#673=CYLINDRICAL_SURFACE('',#1031,5.00000000000E-002);
#674=FACE_OUTER_BOUND('',#1032,.T.);
#675=COLOUR_RGB('',1.92156866193E-001,1.92156866193E-001,1.92156866193E-001);
#676=FILL_AREA_STYLE_COLOUR('',#675);
#677=FILL_AREA_STYLE('',(#676));
#678=SURFACE_STYLE_FILL_AREA(#677);
#679=SURFACE_SIDE_STYLE('',(#678));
#680=SURFACE_STYLE_USAGE(.BOTH.,#679);
#681=PRESENTATION_STYLE_ASSIGNMENT((#680));
#682=STYLED_ITEM('',(#681),#229);
#683=PLANE('',#1036);
#684=FACE_OUTER_BOUND('',#1037,.T.);
#685=COLOUR_RGB('',1.92156866193E-001,1.92156866193E-001,1.92156866193E-001);
#686=FILL_AREA_STYLE_COLOUR('',#685);
#687=FILL_AREA_STYLE('',(#686));
#688=SURFACE_STYLE_FILL_AREA(#687);
#689=SURFACE_SIDE_STYLE('',(#688));
#690=SURFACE_STYLE_USAGE(.BOTH.,#689);
#691=PRESENTATION_STYLE_ASSIGNMENT((#690));
#692=STYLED_ITEM('',(#691),#230);
#693=CYLINDRICAL_SURFACE('',#1041,5.00000000000E-002);
#694=FACE_OUTER_BOUND('',#1042,.T.);
#695=COLOUR_RGB('',1.92156866193E-001,1.92156866193E-001,1.92156866193E-001);
#696=FILL_AREA_STYLE_COLOUR('',#695);
#697=FILL_AREA_STYLE('',(#696));
#698=SURFACE_STYLE_FILL_AREA(#697);
#699=SURFACE_SIDE_STYLE('',(#698));
#700=SURFACE_STYLE_USAGE(.BOTH.,#699);
#701=PRESENTATION_STYLE_ASSIGNMENT((#700));
#702=STYLED_ITEM('',(#701),#231);
#703=PLANE('',#1046);
#704=FACE_OUTER_BOUND('',#1047,.T.);
#705=COLOUR_RGB('',1.92156866193E-001,1.92156866193E-001,1.92156866193E-001);
#706=FILL_AREA_STYLE_COLOUR('',#705);
#707=FILL_AREA_STYLE('',(#706));
#708=SURFACE_STYLE_FILL_AREA(#707);
#709=SURFACE_SIDE_STYLE('',(#708));
#710=SURFACE_STYLE_USAGE(.BOTH.,#709);
#711=PRESENTATION_STYLE_ASSIGNMENT((#710));
#712=STYLED_ITEM('',(#711),#232);
#713=PLANE('',#1051);
#714=FACE_OUTER_BOUND('',#1052,.T.);
#715=COLOUR_RGB('',1.92156866193E-001,1.92156866193E-001,1.92156866193E-001);
#716=FILL_AREA_STYLE_COLOUR('',#715);
#717=FILL_AREA_STYLE('',(#716));
#718=SURFACE_STYLE_FILL_AREA(#717);
#719=SURFACE_SIDE_STYLE('',(#718));
#720=SURFACE_STYLE_USAGE(.BOTH.,#719);
#721=PRESENTATION_STYLE_ASSIGNMENT((#720));
#722=STYLED_ITEM('',(#721),#233);
#723=PLANE('',#1056);
#724=FACE_OUTER_BOUND('',#1057,.T.);
#725=COLOUR_RGB('',1.92156866193E-001,1.92156866193E-001,1.92156866193E-001);
#726=FILL_AREA_STYLE_COLOUR('',#725);
#727=FILL_AREA_STYLE('',(#726));
#728=SURFACE_STYLE_FILL_AREA(#727);
#729=SURFACE_SIDE_STYLE('',(#728));
#730=SURFACE_STYLE_USAGE(.BOTH.,#729);
#731=PRESENTATION_STYLE_ASSIGNMENT((#730));
#732=STYLED_ITEM('',(#731),#234);
#733=PLANE('',#1061);
#734=FACE_OUTER_BOUND('',#1062,.T.);
#735=COLOUR_RGB('',1.92156866193E-001,1.92156866193E-001,1.92156866193E-001);
#736=FILL_AREA_STYLE_COLOUR('',#735);
#737=FILL_AREA_STYLE('',(#736));
#738=SURFACE_STYLE_FILL_AREA(#737);
#739=SURFACE_SIDE_STYLE('',(#738));
#740=SURFACE_STYLE_USAGE(.BOTH.,#739);
#741=PRESENTATION_STYLE_ASSIGNMENT((#740));
#742=STYLED_ITEM('',(#741),#235);
#743=CYLINDRICAL_SURFACE('',#1066,5.00000000000E-002);
#744=FACE_OUTER_BOUND('',#1067,.T.);
#745=COLOUR_RGB('',1.92156866193E-001,1.92156866193E-001,1.92156866193E-001);
#746=FILL_AREA_STYLE_COLOUR('',#745);
#747=FILL_AREA_STYLE('',(#746));
#748=SURFACE_STYLE_FILL_AREA(#747);
#749=SURFACE_SIDE_STYLE('',(#748));
#750=SURFACE_STYLE_USAGE(.BOTH.,#749);
#751=PRESENTATION_STYLE_ASSIGNMENT((#750));
#752=STYLED_ITEM('',(#751),#236);
#753=PLANE('',#1071);
#754=FACE_OUTER_BOUND('',#1072,.T.);
#755=COLOUR_RGB('',1.92156866193E-001,1.92156866193E-001,1.92156866193E-001);
#756=FILL_AREA_STYLE_COLOUR('',#755);
#757=FILL_AREA_STYLE('',(#756));
#758=SURFACE_STYLE_FILL_AREA(#757);
#759=SURFACE_SIDE_STYLE('',(#758));
#760=SURFACE_STYLE_USAGE(.BOTH.,#759);
#761=PRESENTATION_STYLE_ASSIGNMENT((#760));
#762=STYLED_ITEM('',(#761),#237);
#763=CYLINDRICAL_SURFACE('',#1076,5.00000000000E-002);
#764=FACE_OUTER_BOUND('',#1077,.T.);
#765=COLOUR_RGB('',1.92156866193E-001,1.92156866193E-001,1.92156866193E-001);
#766=FILL_AREA_STYLE_COLOUR('',#765);
#767=FILL_AREA_STYLE('',(#766));
#768=SURFACE_STYLE_FILL_AREA(#767);
#769=SURFACE_SIDE_STYLE('',(#768));
#770=SURFACE_STYLE_USAGE(.BOTH.,#769);
#771=PRESENTATION_STYLE_ASSIGNMENT((#770));
#772=STYLED_ITEM('',(#771),#238);
#773=PLANE('',#1081);
#774=FACE_OUTER_BOUND('',#1082,.T.);
#775=COLOUR_RGB('',1.92156866193E-001,1.92156866193E-001,1.92156866193E-001);
#776=FILL_AREA_STYLE_COLOUR('',#775);
#777=FILL_AREA_STYLE('',(#776));
#778=SURFACE_STYLE_FILL_AREA(#777);
#779=SURFACE_SIDE_STYLE('',(#778));
#780=SURFACE_STYLE_USAGE(.BOTH.,#779);
#781=PRESENTATION_STYLE_ASSIGNMENT((#780));
#782=STYLED_ITEM('',(#781),#239);
#783=PLANE('',#1086);
#784=FACE_OUTER_BOUND('',#1087,.T.);
#785=COLOUR_RGB('',1.92156866193E-001,1.92156866193E-001,1.92156866193E-001);
#786=FILL_AREA_STYLE_COLOUR('',#785);
#787=FILL_AREA_STYLE('',(#786));
#788=SURFACE_STYLE_FILL_AREA(#787);
#789=SURFACE_SIDE_STYLE('',(#788));
#790=SURFACE_STYLE_USAGE(.BOTH.,#789);
#791=PRESENTATION_STYLE_ASSIGNMENT((#790));
#792=STYLED_ITEM('',(#791),#240);
#793=PLANE('',#1091);
#794=FACE_OUTER_BOUND('',#1092,.T.);
#795=COLOUR_RGB('',1.92156866193E-001,1.92156866193E-001,1.92156866193E-001);
#796=FILL_AREA_STYLE_COLOUR('',#795);
#797=FILL_AREA_STYLE('',(#796));
#798=SURFACE_STYLE_FILL_AREA(#797);
#799=SURFACE_SIDE_STYLE('',(#798));
#800=SURFACE_STYLE_USAGE(.BOTH.,#799);
#801=PRESENTATION_STYLE_ASSIGNMENT((#800));
#802=STYLED_ITEM('',(#801),#241);
#803=PLANE('',#1096);
#804=FACE_OUTER_BOUND('',#1097,.T.);
#805=COLOUR_RGB('',1.92156866193E-001,1.92156866193E-001,1.92156866193E-001);
#806=FILL_AREA_STYLE_COLOUR('',#805);
#807=FILL_AREA_STYLE('',(#806));
#808=SURFACE_STYLE_FILL_AREA(#807);
#809=SURFACE_SIDE_STYLE('',(#808));
#810=SURFACE_STYLE_USAGE(.BOTH.,#809);
#811=PRESENTATION_STYLE_ASSIGNMENT((#810));
#812=STYLED_ITEM('',(#811),#242);
#813=CARTESIAN_POINT('',(-3.44000000000E-001,-8.00000000000E-001,-2.20000000000E-002));
#814=DIRECTION('',(0.00000000000E+000,-1.00000000000E+000,0.00000000000E+000));
#815=DIRECTION('',(0.00000000000E+000,0.00000000000E+000,1.00000000000E+000));
#816=AXIS2_PLACEMENT_3D('',#813,#814,#815);
#817=EDGE_LOOP('',(#1098,#1099,#1100,#1101));
#818=CARTESIAN_POINT('',(-6.30000000000E-001,-8.40000000000E-001,1.22000000000E-001));
#819=DIRECTION('',(-1.00000000000E+000,-7.21644966006E-015,0.00000000000E+000));
#820=DIRECTION('',(-7.21644966006E-015,1.00000000000E+000,0.00000000000E+000));
#821=AXIS2_PLACEMENT_3D('',#818,#819,#820);
#822=EDGE_LOOP('',(#1102,#1103,#1104,#1105));
#823=CARTESIAN_POINT('',(-5.80000000000E-001,-4.00000000000E-001,1.10000000000E-001));
#824=DIRECTION('',(-0.00000000000E+000,-0.00000000000E+000,1.00000000000E+000));
#825=DIRECTION('',(1.00000000000E+000,-0.00000000000E+000,-0.00000000000E+000));
#826=AXIS2_PLACEMENT_3D('',#823,#824,#825);
#827=EDGE_LOOP('',(#1106,#1107,#1108,#1109));
#828=CARTESIAN_POINT('',(-5.96000000000E-001,-3.50000000000E-001,1.22000000000E-001));
#829=DIRECTION('',(8.67361737988E-017,1.00000000000E+000,0.00000000000E+000));
#830=DIRECTION('',(1.00000000000E+000,-8.67361737988E-017,0.00000000000E+000));
#831=AXIS2_PLACEMENT_3D('',#828,#829,#830);
#832=EDGE_LOOP('',(#1110,#1111,#1112,#1113));
#833=CARTESIAN_POINT('',(-4.20000000000E-001,-4.00000000000E-001,1.10000000000E-001));
#834=DIRECTION('',(-0.00000000000E+000,-0.00000000000E+000,1.00000000000E+000));
#835=DIRECTION('',(1.00000000000E+000,-0.00000000000E+000,-0.00000000000E+000));
#836=AXIS2_PLACEMENT_3D('',#833,#834,#835);
#837=EDGE_LOOP('',(#1114,#1115,#1116,#1117));
#838=CARTESIAN_POINT('',(-3.70000000000E-001,-3.60000000000E-001,1.22000000000E-001));
#839=DIRECTION('',(1.00000000000E+000,-7.21644966006E-015,0.00000000000E+000));
#840=DIRECTION('',(-7.21644966006E-015,-1.00000000000E+000,0.00000000000E+000));
#841=AXIS2_PLACEMENT_3D('',#838,#839,#840);
#842=EDGE_LOOP('',(#1118,#1119,#1120,#1121));
#843=CARTESIAN_POINT('',(-3.44000000000E-001,-8.45000000000E-001,-1.00000000000E-002));
#844=DIRECTION('',(0.00000000000E+000,0.00000000000E+000,-1.00000000000E+000));
#845=DIRECTION('',(-1.00000000000E+000,0.00000000000E+000,0.00000000000E+000));
#846=AXIS2_PLACEMENT_3D('',#843,#844,#845);
#847=EDGE_LOOP('',(#1122,#1123,#1124,#1125,#1126,#1127));
#848=CARTESIAN_POINT('',(-3.44000000000E-001,-8.45000000000E-001,1.10000000000E-001));
#849=DIRECTION('',(0.00000000000E+000,0.00000000000E+000,-1.00000000000E+000));
#850=DIRECTION('',(-1.00000000000E+000,0.00000000000E+000,0.00000000000E+000));
#851=AXIS2_PLACEMENT_3D('',#848,#849,#850);
#852=EDGE_LOOP('',(#1128,#1129,#1130,#1131,#1132,#1133));
#853=CARTESIAN_POINT('',(3.70000000000E-001,-8.40000000000E-001,1.22000000000E-001));
#854=DIRECTION('',(-1.00000000000E+000,-7.07767178199E-015,0.00000000000E+000));
#855=DIRECTION('',(-7.07767178199E-015,1.00000000000E+000,0.00000000000E+000));
#856=AXIS2_PLACEMENT_3D('',#853,#854,#855);
#857=EDGE_LOOP('',(#1134,#1135,#1136,#1137));
#858=CARTESIAN_POINT('',(4.20000000000E-001,-4.00000000000E-001,1.10000000000E-001));
#859=DIRECTION('',(-0.00000000000E+000,-0.00000000000E+000,1.00000000000E+000));
#860=DIRECTION('',(1.00000000000E+000,-0.00000000000E+000,-0.00000000000E+000));
#861=AXIS2_PLACEMENT_3D('',#858,#859,#860);
#862=EDGE_LOOP('',(#1138,#1139,#1140,#1141));
#863=CARTESIAN_POINT('',(4.04000000000E-001,-3.50000000000E-001,1.22000000000E-001));
#864=DIRECTION('',(-8.67361737988E-017,1.00000000000E+000,0.00000000000E+000));
#865=DIRECTION('',(1.00000000000E+000,8.67361737988E-017,0.00000000000E+000));
#866=AXIS2_PLACEMENT_3D('',#863,#864,#865);
#867=EDGE_LOOP('',(#1142,#1143,#1144,#1145));
#868=CARTESIAN_POINT('',(5.80000000000E-001,-4.00000000000E-001,1.10000000000E-001));
#869=DIRECTION('',(-0.00000000000E+000,-0.00000000000E+000,1.00000000000E+000));
#870=DIRECTION('',(1.00000000000E+000,-0.00000000000E+000,-0.00000000000E+000));
#871=AXIS2_PLACEMENT_3D('',#868,#869,#870);
#872=EDGE_LOOP('',(#1146,#1147,#1148,#1149));
#873=CARTESIAN_POINT('',(6.30000000000E-001,-3.60000000000E-001,1.22000000000E-001));
#874=DIRECTION('',(1.00000000000E+000,-7.07767178199E-015,0.00000000000E+000));
#875=DIRECTION('',(-7.07767178199E-015,-1.00000000000E+000,0.00000000000E+000));
#876=AXIS2_PLACEMENT_3D('',#873,#874,#875);
#877=EDGE_LOOP('',(#1150,#1151,#1152,#1153));
#878=CARTESIAN_POINT('',(6.56000000000E-001,-8.00000000000E-001,-2.20000000000E-002));
#879=DIRECTION('',(0.00000000000E+000,-1.00000000000E+000,0.00000000000E+000));
#880=DIRECTION('',(0.00000000000E+000,0.00000000000E+000,1.00000000000E+000));
#881=AXIS2_PLACEMENT_3D('',#878,#879,#880);
#882=EDGE_LOOP('',(#1154,#1155,#1156,#1157));
#883=CARTESIAN_POINT('',(6.56000000000E-001,-8.45000000000E-001,-1.00000000000E-002));
#884=DIRECTION('',(0.00000000000E+000,0.00000000000E+000,-1.00000000000E+000));
#885=DIRECTION('',(-1.00000000000E+000,0.00000000000E+000,0.00000000000E+000));
#886=AXIS2_PLACEMENT_3D('',#883,#884,#885);
#887=EDGE_LOOP('',(#1158,#1159,#1160,#1161,#1162,#1163));
#888=CARTESIAN_POINT('',(6.56000000000E-001,-8.45000000000E-001,1.10000000000E-001));
#889=DIRECTION('',(0.00000000000E+000,0.00000000000E+000,-1.00000000000E+000));
#890=DIRECTION('',(-1.00000000000E+000,0.00000000000E+000,0.00000000000E+000));
#891=AXIS2_PLACEMENT_3D('',#888,#889,#890);
#892=EDGE_LOOP('',(#1164,#1165,#1166,#1167,#1168,#1169));
#893=CARTESIAN_POINT('',(-1.30000000000E-001,3.60000000000E-001,1.22000000000E-001));
#894=DIRECTION('',(-1.00000000000E+000,7.49400541622E-015,0.00000000000E+000));
#895=DIRECTION('',(7.49400541622E-015,1.00000000000E+000,0.00000000000E+000));
#896=AXIS2_PLACEMENT_3D('',#893,#894,#895);
#897=EDGE_LOOP('',(#1170,#1171,#1172,#1173));
#898=CARTESIAN_POINT('',(1.56000000000E-001,8.00000000000E-001,1.22000000000E-001));
#899=DIRECTION('',(0.00000000000E+000,1.00000000000E+000,0.00000000000E+000));
#900=DIRECTION('',(0.00000000000E+000,0.00000000000E+000,-1.00000000000E+000));
#901=AXIS2_PLACEMENT_3D('',#898,#899,#900);
#902=EDGE_LOOP('',(#1174,#1175,#1176,#1177));
#903=CARTESIAN_POINT('',(1.30000000000E-001,8.40000000000E-001,1.22000000000E-001));
#904=DIRECTION('',(1.00000000000E+000,7.21644966006E-015,0.00000000000E+000));
#905=DIRECTION('',(7.21644966006E-015,-1.00000000000E+000,0.00000000000E+000));
#906=AXIS2_PLACEMENT_3D('',#903,#904,#905);
#907=EDGE_LOOP('',(#1178,#1179,#1180,#1181));
#908=CARTESIAN_POINT('',(8.00000000000E-002,4.00000000000E-001,1.10000000000E-001));
#909=DIRECTION('',(-0.00000000000E+000,-0.00000000000E+000,1.00000000000E+000));
#910=DIRECTION('',(1.00000000000E+000,-0.00000000000E+000,-0.00000000000E+000));
#911=AXIS2_PLACEMENT_3D('',#908,#909,#910);
#912=EDGE_LOOP('',(#1182,#1183,#1184,#1185));
#913=CARTESIAN_POINT('',(9.60000000000E-002,3.50000000000E-001,1.22000000000E-001));
#914=DIRECTION('',(6.93889390391E-016,-1.00000000000E+000,0.00000000000E+000));
#915=DIRECTION('',(-1.00000000000E+000,-6.93889390391E-016,0.00000000000E+000));
#916=AXIS2_PLACEMENT_3D('',#913,#914,#915);
#917=EDGE_LOOP('',(#1186,#1187,#1188,#1189));
#918=CARTESIAN_POINT('',(-8.00000000000E-002,4.00000000000E-001,1.10000000000E-001));
#919=DIRECTION('',(-0.00000000000E+000,-0.00000000000E+000,1.00000000000E+000));
#920=DIRECTION('',(1.00000000000E+000,-0.00000000000E+000,-0.00000000000E+000));
#921=AXIS2_PLACEMENT_3D('',#918,#919,#920);
#922=EDGE_LOOP('',(#1190,#1191,#1192,#1193));
#923=CARTESIAN_POINT('',(1.56000000000E-001,3.05000000000E-001,-1.00000000000E-002));
#924=DIRECTION('',(0.00000000000E+000,0.00000000000E+000,-1.00000000000E+000));
#925=DIRECTION('',(-1.00000000000E+000,0.00000000000E+000,0.00000000000E+000));
#926=AXIS2_PLACEMENT_3D('',#923,#924,#925);
#927=EDGE_LOOP('',(#1194,#1195,#1196,#1197,#1198,#1199));
#928=CARTESIAN_POINT('',(1.56000000000E-001,3.05000000000E-001,1.10000000000E-001));
#929=DIRECTION('',(0.00000000000E+000,0.00000000000E+000,-1.00000000000E+000));
#930=DIRECTION('',(-1.00000000000E+000,0.00000000000E+000,0.00000000000E+000));
#931=AXIS2_PLACEMENT_3D('',#928,#929,#930);
#932=EDGE_LOOP('',(#1200,#1201,#1202,#1203,#1204,#1205));
#933=CARTESIAN_POINT('',(7.90874956307E-001,5.16000000000E-001,1.10000000000E-001));
#934=DIRECTION('',(-9.96194095450E-001,0.00000000000E+000,8.71626307046E-002));
#935=DIRECTION('',(-8.71626307046E-002,0.00000000000E+000,-9.96194095450E-001));
#936=AXIS2_PLACEMENT_3D('',#933,#934,#935);
#937=EDGE_LOOP('',(#1206,#1207,#1208,#1209));
#938=CARTESIAN_POINT('',(-8.05249315424E-001,5.16000000000E-001,4.00000000000E-002));
#939=DIRECTION('',(9.96194704416E-001,0.00000000000E+000,-8.71556704588E-002));
#940=DIRECTION('',(8.71556704588E-002,0.00000000000E+000,9.96194704416E-001));
#941=AXIS2_PLACEMENT_3D('',#938,#939,#940);
#942=EDGE_LOOP('',(#1210,#1211,#1212,#1213));
#943=CARTESIAN_POINT('',(8.01000000000E-001,5.16000000000E-001,1.00000000000E-001));
#944=DIRECTION('',(-3.63375995952E-011,0.00000000000E+000,1.00000000000E+000));
#945=DIRECTION('',(-1.00000000000E+000,0.00000000000E+000,-3.63375995952E-011));
#946=AXIS2_PLACEMENT_3D('',#943,#944,#945);
#947=EDGE_LOOP('',(#1214,#1215,#1216,#1217));
#948=CARTESIAN_POINT('',(-6.40000000000E-002,4.20376100000E-001,-1.00000000000E-002));
#949=DIRECTION('',(0.00000000000E+000,9.96194582494E-001,-8.71570640224E-002));
#950=DIRECTION('',(-1.00000000000E+000,0.00000000000E+000,0.00000000000E+000));
#951=AXIS2_PLACEMENT_3D('',#948,#949,#950);
#952=EDGE_LOOP('',(#1218,#1219,#1220,#1221));
#953=CARTESIAN_POINT('',(4.44000000000E-001,-4.30874900000E-001,1.10000000000E-001));
#954=DIRECTION('',(-0.00000000000E+000,-9.96194582494E-001,-8.71570640224E-002));
#955=DIRECTION('',(-1.00000000000E+000,0.00000000000E+000,0.00000000000E+000));
#956=AXIS2_PLACEMENT_3D('',#953,#954,#955);
#957=EDGE_LOOP('',(#1222,#1223,#1224,#1225));
#958=CARTESIAN_POINT('',(8.56000000000E-001,4.20376100000E-001,-1.00000000000E-002));
#959=DIRECTION('',(0.00000000000E+000,9.96194582494E-001,-8.71570640224E-002));
#960=DIRECTION('',(-1.00000000000E+000,0.00000000000E+000,0.00000000000E+000));
#961=AXIS2_PLACEMENT_3D('',#958,#959,#960);
#962=EDGE_LOOP('',(#1226,#1227,#1228,#1229));
#963=CARTESIAN_POINT('',(8.06000000000E-001,-4.30874900000E-001,1.10000000000E-001));
#964=DIRECTION('',(-0.00000000000E+000,-9.96194582494E-001,-8.71570640224E-002));
#965=DIRECTION('',(-1.00000000000E+000,0.00000000000E+000,0.00000000000E+000));
#966=AXIS2_PLACEMENT_3D('',#963,#964,#965);
#967=EDGE_LOOP('',(#1230,#1231,#1232,#1233));
#968=CARTESIAN_POINT('',(-9.60000000000E-001,-4.35249300000E-001,3.99999999996E-002));
#969=DIRECTION('',(0.00000000000E+000,9.96194726651E-001,-8.71554163102E-002));
#970=DIRECTION('',(0.00000000000E+000,8.71554163102E-002,9.96194726651E-001));
#971=AXIS2_PLACEMENT_3D('',#968,#969,#970);
#972=EDGE_LOOP('',(#1234,#1235,#1236,#1237,#1238,#1239,#1240,#1241,#1242,#1243,#1244,#1245,#1246,#1247));
#973=CARTESIAN_POINT('',(-9.60000000000E-001,3.72257700000E-001,7.60000000000E-001));
#974=DIRECTION('',(0.00000000000E+000,-9.96194726651E-001,-8.71554163102E-002));
#975=DIRECTION('',(0.00000000000E+000,8.71554163102E-002,-9.96194726651E-001));
#976=AXIS2_PLACEMENT_3D('',#973,#974,#975);
#977=EDGE_LOOP('',(#1248,#1249,#1250,#1251,#1252,#1253,#1254,#1255,#1256,#1257));
#978=CARTESIAN_POINT('',(-9.37500524312E-001,-5.05501200000E-001,0.00000000000E+000));
#979=DIRECTION('',(0.00000000000E+000,0.00000000000E+000,1.00000000000E+000));
#980=DIRECTION('',(1.00000000000E+000,0.00000000000E+000,0.00000000000E+000));
#981=AXIS2_PLACEMENT_3D('',#978,#979,#980);
#982=EDGE_LOOP('',(#1258,#1259,#1260,#1261,#1262,#1263,#1264,#1265,#1266,#1267,#1268,#1269,#1270,#1271,#1272,#1273,#1274,#1275,#1276,#1277,#1278,#1279));
#983=CARTESIAN_POINT('',(-8.97008214908E-001,-4.53008400000E-001,7.00000000000E-001));
#984=DIRECTION('',(0.00000000000E+000,0.00000000000E+000,1.00000000000E+000));
#985=DIRECTION('',(1.00000000000E+000,0.00000000000E+000,0.00000000000E+000));
#986=AXIS2_PLACEMENT_3D('',#983,#984,#985);
#987=EDGE_LOOP('',(#1280,#1281,#1282,#1283));
#988=CARTESIAN_POINT('',(-6.14000000000E-001,-4.30874900000E-001,1.10000000000E-001));
#989=DIRECTION('',(-0.00000000000E+000,-9.96194582494E-001,-8.71570640224E-002));
#990=DIRECTION('',(-1.00000000000E+000,0.00000000000E+000,0.00000000000E+000));
#991=AXIS2_PLACEMENT_3D('',#988,#989,#990);
#992=EDGE_LOOP('',(#1284,#1285,#1286,#1287));
#993=CARTESIAN_POINT('',(-6.30000000000E-001,-4.33000000000E-001,1.21000000000E-001));
#994=DIRECTION('',(-1.00000000000E+000,-7.21644966006E-015,0.00000000000E+000));
#995=DIRECTION('',(-7.21644966006E-015,1.00000000000E+000,0.00000000000E+000));
#996=AXIS2_PLACEMENT_3D('',#993,#994,#995);
#997=EDGE_LOOP('',(#1288,#1289,#1290,#1291,#1292));
#998=CARTESIAN_POINT('',(-5.80000000000E-001,-4.00000000000E-001,1.10000000000E-001));
#999=DIRECTION('',(-0.00000000000E+000,-0.00000000000E+000,1.00000000000E+000));
#1000=DIRECTION('',(1.00000000000E+000,-0.00000000000E+000,-0.00000000000E+000));
#1001=AXIS2_PLACEMENT_3D('',#998,#999,#1000);
#1002=EDGE_LOOP('',(#1293,#1294,#1295,#1296));
#1003=CARTESIAN_POINT('',(-5.96000000000E-001,-3.50000000000E-001,1.21000000000E-001));
#1004=DIRECTION('',(8.67361737988E-017,1.00000000000E+000,0.00000000000E+000));
#1005=DIRECTION('',(1.00000000000E+000,-8.67361737988E-017,0.00000000000E+000));
#1006=AXIS2_PLACEMENT_3D('',#1003,#1004,#1005);
#1007=EDGE_LOOP('',(#1297,#1298,#1299,#1300));
#1008=CARTESIAN_POINT('',(-4.20000000000E-001,-4.00000000000E-001,1.10000000000E-001));
#1009=DIRECTION('',(-0.00000000000E+000,-0.00000000000E+000,1.00000000000E+000));
#1010=DIRECTION('',(1.00000000000E+000,-0.00000000000E+000,-0.00000000000E+000));
#1011=AXIS2_PLACEMENT_3D('',#1008,#1009,#1010);
#1012=EDGE_LOOP('',(#1301,#1302,#1303,#1304));
#1013=CARTESIAN_POINT('',(-3.70000000000E-001,-3.97000000000E-001,1.21000000000E-001));
#1014=DIRECTION('',(1.00000000000E+000,-7.21644966006E-015,0.00000000000E+000));
#1015=DIRECTION('',(-7.21644966006E-015,-1.00000000000E+000,0.00000000000E+000));
#1016=AXIS2_PLACEMENT_3D('',#1013,#1014,#1015);
#1017=EDGE_LOOP('',(#1305,#1306,#1307,#1308,#1309));
#1018=CARTESIAN_POINT('',(-3.44000000000E-001,-4.37037628333E-001,1.10000000000E-001));
#1019=DIRECTION('',(0.00000000000E+000,0.00000000000E+000,-1.00000000000E+000));
#1020=DIRECTION('',(-1.00000000000E+000,0.00000000000E+000,0.00000000000E+000));
#1021=AXIS2_PLACEMENT_3D('',#1018,#1019,#1020);
#1022=EDGE_LOOP('',(#1310,#1311,#1312,#1313,#1314,#1315));
#1023=CARTESIAN_POINT('',(3.70000000000E-001,-4.33000000000E-001,1.21000000000E-001));
#1024=DIRECTION('',(-1.00000000000E+000,-7.07767178199E-015,0.00000000000E+000));
#1025=DIRECTION('',(-7.07767178199E-015,1.00000000000E+000,0.00000000000E+000));
#1026=AXIS2_PLACEMENT_3D('',#1023,#1024,#1025);
#1027=EDGE_LOOP('',(#1316,#1317,#1318,#1319,#1320));
#1028=CARTESIAN_POINT('',(4.20000000000E-001,-4.00000000000E-001,1.10000000000E-001));
#1029=DIRECTION('',(-0.00000000000E+000,-0.00000000000E+000,1.00000000000E+000));
#1030=DIRECTION('',(1.00000000000E+000,-0.00000000000E+000,-0.00000000000E+000));
#1031=AXIS2_PLACEMENT_3D('',#1028,#1029,#1030);
#1032=EDGE_LOOP('',(#1321,#1322,#1323,#1324));
#1033=CARTESIAN_POINT('',(4.04000000000E-001,-3.50000000000E-001,1.21000000000E-001));
#1034=DIRECTION('',(-8.67361737988E-017,1.00000000000E+000,0.00000000000E+000));
#1035=DIRECTION('',(1.00000000000E+000,8.67361737988E-017,0.00000000000E+000));
#1036=AXIS2_PLACEMENT_3D('',#1033,#1034,#1035);
#1037=EDGE_LOOP('',(#1325,#1326,#1327,#1328));
#1038=CARTESIAN_POINT('',(5.80000000000E-001,-4.00000000000E-001,1.10000000000E-001));
#1039=DIRECTION('',(-0.00000000000E+000,-0.00000000000E+000,1.00000000000E+000));
#1040=DIRECTION('',(1.00000000000E+000,-0.00000000000E+000,-0.00000000000E+000));
#1041=AXIS2_PLACEMENT_3D('',#1038,#1039,#1040);
#1042=EDGE_LOOP('',(#1329,#1330,#1331,#1332));
#1043=CARTESIAN_POINT('',(6.30000000000E-001,-3.97000000000E-001,1.21000000000E-001));
#1044=DIRECTION('',(1.00000000000E+000,-7.07767178199E-015,0.00000000000E+000));
#1045=DIRECTION('',(-7.07767178199E-015,-1.00000000000E+000,0.00000000000E+000));
#1046=AXIS2_PLACEMENT_3D('',#1043,#1044,#1045);
#1047=EDGE_LOOP('',(#1333,#1334,#1335,#1336,#1337));
#1048=CARTESIAN_POINT('',(6.56000000000E-001,-4.37037628333E-001,1.10000000000E-001));
#1049=DIRECTION('',(0.00000000000E+000,0.00000000000E+000,-1.00000000000E+000));
#1050=DIRECTION('',(-1.00000000000E+000,0.00000000000E+000,0.00000000000E+000));
#1051=AXIS2_PLACEMENT_3D('',#1048,#1049,#1050);
#1052=EDGE_LOOP('',(#1338,#1339,#1340,#1341,#1342,#1343));
#1053=CARTESIAN_POINT('',(-1.30000000000E-001,3.97000000000E-001,1.21000000000E-001));
#1054=DIRECTION('',(-1.00000000000E+000,7.49400541622E-015,0.00000000000E+000));
#1055=DIRECTION('',(7.49400541622E-015,1.00000000000E+000,0.00000000000E+000));
#1056=AXIS2_PLACEMENT_3D('',#1053,#1054,#1055);
#1057=EDGE_LOOP('',(#1344,#1345,#1346,#1347,#1348));
#1058=CARTESIAN_POINT('',(1.30000000000E-001,4.33000000000E-001,1.21000000000E-001));
#1059=DIRECTION('',(1.00000000000E+000,7.21644966006E-015,0.00000000000E+000));
#1060=DIRECTION('',(7.21644966006E-015,-1.00000000000E+000,0.00000000000E+000));
#1061=AXIS2_PLACEMENT_3D('',#1058,#1059,#1060);
#1062=EDGE_LOOP('',(#1349,#1350,#1351,#1352,#1353));
#1063=CARTESIAN_POINT('',(8.00000000000E-002,4.00000000000E-001,1.10000000000E-001));
#1064=DIRECTION('',(-0.00000000000E+000,-0.00000000000E+000,1.00000000000E+000));
#1065=DIRECTION('',(1.00000000000E+000,-0.00000000000E+000,-0.00000000000E+000));
#1066=AXIS2_PLACEMENT_3D('',#1063,#1064,#1065);
#1067=EDGE_LOOP('',(#1354,#1355,#1356,#1357));
#1068=CARTESIAN_POINT('',(9.60000000000E-002,3.50000000000E-001,1.21000000000E-001));
#1069=DIRECTION('',(6.93889390391E-016,-1.00000000000E+000,0.00000000000E+000));
#1070=DIRECTION('',(-1.00000000000E+000,-6.93889390391E-016,0.00000000000E+000));
#1071=AXIS2_PLACEMENT_3D('',#1068,#1069,#1070);
#1072=EDGE_LOOP('',(#1358,#1359,#1360,#1361));
#1073=CARTESIAN_POINT('',(-8.00000000000E-002,4.00000000000E-001,1.10000000000E-001));
#1074=DIRECTION('',(-0.00000000000E+000,-0.00000000000E+000,1.00000000000E+000));
#1075=DIRECTION('',(1.00000000000E+000,-0.00000000000E+000,-0.00000000000E+000));
#1076=AXIS2_PLACEMENT_3D('',#1073,#1074,#1075);
#1077=EDGE_LOOP('',(#1362,#1363,#1364,#1365));
#1078=CARTESIAN_POINT('',(1.56000000000E-001,3.42087488333E-001,1.10000000000E-001));
#1079=DIRECTION('',(0.00000000000E+000,0.00000000000E+000,-1.00000000000E+000));
#1080=DIRECTION('',(-1.00000000000E+000,0.00000000000E+000,0.00000000000E+000));
#1081=AXIS2_PLACEMENT_3D('',#1078,#1079,#1080);
#1082=EDGE_LOOP('',(#1366,#1367,#1368,#1369,#1370,#1371));
#1083=CARTESIAN_POINT('',(-7.80375480619E-001,5.16000000000E-001,-1.00000000000E-002));
#1084=DIRECTION('',(9.96194095448E-001,0.00000000000E+000,8.71626307178E-002));
#1085=DIRECTION('',(-8.71626307178E-002,0.00000000000E+000,9.96194095448E-001));
#1086=AXIS2_PLACEMENT_3D('',#1083,#1084,#1085);
#1087=EDGE_LOOP('',(#1372,#1373,#1374,#1375));
#1088=CARTESIAN_POINT('',(-7.89000000000E-001,5.16000000000E-001,9.99999999996E-002));
#1089=DIRECTION('',(3.63375995957E-011,0.00000000000E+000,1.00000000000E+000));
#1090=DIRECTION('',(-1.00000000000E+000,0.00000000000E+000,3.63375995957E-011));
#1091=AXIS2_PLACEMENT_3D('',#1088,#1089,#1090);
#1092=EDGE_LOOP('',(#1376,#1377,#1378,#1379));
#1093=CARTESIAN_POINT('',(7.42257530334E-001,5.16000000000E-001,7.60000000000E-001));
#1094=DIRECTION('',(-9.96194704416E-001,0.00000000000E+000,-8.71556704571E-002));
#1095=DIRECTION('',(8.71556704571E-002,0.00000000000E+000,-9.96194704416E-001));
#1096=AXIS2_PLACEMENT_3D('',#1093,#1094,#1095);
#1097=EDGE_LOOP('',(#1380,#1381,#1382,#1383));
#1098=ORIENTED_EDGE('',*,*,#1384,.F.);
#1099=ORIENTED_EDGE('',*,*,#1385,.F.);
#1100=ORIENTED_EDGE('',*,*,#1386,.T.);
#1101=ORIENTED_EDGE('',*,*,#1387,.T.);
#1102=ORIENTED_EDGE('',*,*,#1388,.F.);
#1103=ORIENTED_EDGE('',*,*,#1387,.F.);
#1104=ORIENTED_EDGE('',*,*,#1389,.T.);
#1105=ORIENTED_EDGE('',*,*,#1390,.T.);
#1106=ORIENTED_EDGE('',*,*,#1391,.F.);
#1107=ORIENTED_EDGE('',*,*,#1390,.F.);
#1108=ORIENTED_EDGE('',*,*,#1392,.T.);
#1109=ORIENTED_EDGE('',*,*,#1393,.T.);
#1110=ORIENTED_EDGE('',*,*,#1394,.F.);
#1111=ORIENTED_EDGE('',*,*,#1393,.F.);
#1112=ORIENTED_EDGE('',*,*,#1395,.T.);
#1113=ORIENTED_EDGE('',*,*,#1396,.T.);
#1114=ORIENTED_EDGE('',*,*,#1397,.F.);
#1115=ORIENTED_EDGE('',*,*,#1396,.F.);
#1116=ORIENTED_EDGE('',*,*,#1398,.T.);
#1117=ORIENTED_EDGE('',*,*,#1399,.T.);
#1118=ORIENTED_EDGE('',*,*,#1400,.F.);
#1119=ORIENTED_EDGE('',*,*,#1399,.F.);
#1120=ORIENTED_EDGE('',*,*,#1401,.T.);
#1121=ORIENTED_EDGE('',*,*,#1385,.T.);
#1122=ORIENTED_EDGE('',*,*,#1384,.T.);
#1123=ORIENTED_EDGE('',*,*,#1388,.T.);
#1124=ORIENTED_EDGE('',*,*,#1391,.T.);
#1125=ORIENTED_EDGE('',*,*,#1394,.T.);
#1126=ORIENTED_EDGE('',*,*,#1397,.T.);
#1127=ORIENTED_EDGE('',*,*,#1400,.T.);
#1128=ORIENTED_EDGE('',*,*,#1386,.F.);
#1129=ORIENTED_EDGE('',*,*,#1401,.F.);
#1130=ORIENTED_EDGE('',*,*,#1398,.F.);
#1131=ORIENTED_EDGE('',*,*,#1395,.F.);
#1132=ORIENTED_EDGE('',*,*,#1392,.F.);
#1133=ORIENTED_EDGE('',*,*,#1389,.F.);
#1134=ORIENTED_EDGE('',*,*,#1402,.F.);
#1135=ORIENTED_EDGE('',*,*,#1403,.F.);
#1136=ORIENTED_EDGE('',*,*,#1404,.T.);
#1137=ORIENTED_EDGE('',*,*,#1405,.T.);
#1138=ORIENTED_EDGE('',*,*,#1406,.F.);
#1139=ORIENTED_EDGE('',*,*,#1405,.F.);
#1140=ORIENTED_EDGE('',*,*,#1407,.T.);
#1141=ORIENTED_EDGE('',*,*,#1408,.T.);
#1142=ORIENTED_EDGE('',*,*,#1409,.F.);
#1143=ORIENTED_EDGE('',*,*,#1408,.F.);
#1144=ORIENTED_EDGE('',*,*,#1410,.T.);
#1145=ORIENTED_EDGE('',*,*,#1411,.T.);
#1146=ORIENTED_EDGE('',*,*,#1412,.F.);
#1147=ORIENTED_EDGE('',*,*,#1411,.F.);
#1148=ORIENTED_EDGE('',*,*,#1413,.T.);
#1149=ORIENTED_EDGE('',*,*,#1414,.T.);
#1150=ORIENTED_EDGE('',*,*,#1415,.F.);
#1151=ORIENTED_EDGE('',*,*,#1414,.F.);
#1152=ORIENTED_EDGE('',*,*,#1416,.T.);
#1153=ORIENTED_EDGE('',*,*,#1417,.T.);
#1154=ORIENTED_EDGE('',*,*,#1418,.F.);
#1155=ORIENTED_EDGE('',*,*,#1417,.F.);
#1156=ORIENTED_EDGE('',*,*,#1419,.T.);
#1157=ORIENTED_EDGE('',*,*,#1403,.T.);
#1158=ORIENTED_EDGE('',*,*,#1402,.T.);
#1159=ORIENTED_EDGE('',*,*,#1406,.T.);
#1160=ORIENTED_EDGE('',*,*,#1409,.T.);
#1161=ORIENTED_EDGE('',*,*,#1412,.T.);
#1162=ORIENTED_EDGE('',*,*,#1415,.T.);
#1163=ORIENTED_EDGE('',*,*,#1418,.T.);
#1164=ORIENTED_EDGE('',*,*,#1404,.F.);
#1165=ORIENTED_EDGE('',*,*,#1419,.F.);
#1166=ORIENTED_EDGE('',*,*,#1416,.F.);
#1167=ORIENTED_EDGE('',*,*,#1413,.F.);
#1168=ORIENTED_EDGE('',*,*,#1410,.F.);
#1169=ORIENTED_EDGE('',*,*,#1407,.F.);
#1170=ORIENTED_EDGE('',*,*,#1420,.F.);
#1171=ORIENTED_EDGE('',*,*,#1421,.F.);
#1172=ORIENTED_EDGE('',*,*,#1422,.T.);
#1173=ORIENTED_EDGE('',*,*,#1423,.T.);
#1174=ORIENTED_EDGE('',*,*,#1424,.F.);
#1175=ORIENTED_EDGE('',*,*,#1423,.F.);
#1176=ORIENTED_EDGE('',*,*,#1425,.T.);
#1177=ORIENTED_EDGE('',*,*,#1426,.T.);
#1178=ORIENTED_EDGE('',*,*,#1427,.F.);
#1179=ORIENTED_EDGE('',*,*,#1426,.F.);
#1180=ORIENTED_EDGE('',*,*,#1428,.T.);
#1181=ORIENTED_EDGE('',*,*,#1429,.T.);
#1182=ORIENTED_EDGE('',*,*,#1430,.F.);
#1183=ORIENTED_EDGE('',*,*,#1429,.F.);
#1184=ORIENTED_EDGE('',*,*,#1431,.T.);
#1185=ORIENTED_EDGE('',*,*,#1432,.T.);
#1186=ORIENTED_EDGE('',*,*,#1433,.F.);
#1187=ORIENTED_EDGE('',*,*,#1432,.F.);
#1188=ORIENTED_EDGE('',*,*,#1434,.T.);
#1189=ORIENTED_EDGE('',*,*,#1435,.T.);
#1190=ORIENTED_EDGE('',*,*,#1436,.F.);
#1191=ORIENTED_EDGE('',*,*,#1435,.F.);
#1192=ORIENTED_EDGE('',*,*,#1437,.T.);
#1193=ORIENTED_EDGE('',*,*,#1421,.T.);
#1194=ORIENTED_EDGE('',*,*,#1420,.T.);
#1195=ORIENTED_EDGE('',*,*,#1424,.T.);
#1196=ORIENTED_EDGE('',*,*,#1427,.T.);
#1197=ORIENTED_EDGE('',*,*,#1430,.T.);
#1198=ORIENTED_EDGE('',*,*,#1433,.T.);
#1199=ORIENTED_EDGE('',*,*,#1436,.T.);
#1200=ORIENTED_EDGE('',*,*,#1422,.F.);
#1201=ORIENTED_EDGE('',*,*,#1437,.F.);
#1202=ORIENTED_EDGE('',*,*,#1434,.F.);
#1203=ORIENTED_EDGE('',*,*,#1431,.F.);
#1204=ORIENTED_EDGE('',*,*,#1428,.F.);
#1205=ORIENTED_EDGE('',*,*,#1425,.F.);
#1206=ORIENTED_EDGE('',*,*,#1438,.T.);
#1207=ORIENTED_EDGE('',*,*,#1439,.T.);
#1208=ORIENTED_EDGE('',*,*,#1440,.T.);
#1209=ORIENTED_EDGE('',*,*,#1441,.F.);
#1210=ORIENTED_EDGE('',*,*,#1442,.T.);
#1211=ORIENTED_EDGE('',*,*,#1443,.F.);
#1212=ORIENTED_EDGE('',*,*,#1444,.F.);
#1213=ORIENTED_EDGE('',*,*,#1445,.F.);
#1214=ORIENTED_EDGE('',*,*,#1446,.T.);
#1215=ORIENTED_EDGE('',*,*,#1439,.F.);
#1216=ORIENTED_EDGE('',*,*,#1447,.F.);
#1217=ORIENTED_EDGE('',*,*,#1448,.T.);
#1218=ORIENTED_EDGE('',*,*,#1449,.F.);
#1219=ORIENTED_EDGE('',*,*,#1450,.T.);
#1220=ORIENTED_EDGE('',*,*,#1451,.F.);
#1221=ORIENTED_EDGE('',*,*,#1452,.F.);
#1222=ORIENTED_EDGE('',*,*,#1453,.F.);
#1223=ORIENTED_EDGE('',*,*,#1454,.F.);
#1224=ORIENTED_EDGE('',*,*,#1455,.F.);
#1225=ORIENTED_EDGE('',*,*,#1456,.T.);
#1226=ORIENTED_EDGE('',*,*,#1438,.F.);
#1227=ORIENTED_EDGE('',*,*,#1457,.F.);
#1228=ORIENTED_EDGE('',*,*,#1458,.F.);
#1229=ORIENTED_EDGE('',*,*,#1459,.T.);
#1230=ORIENTED_EDGE('',*,*,#1440,.F.);
#1231=ORIENTED_EDGE('',*,*,#1460,.F.);
#1232=ORIENTED_EDGE('',*,*,#1461,.F.);
#1233=ORIENTED_EDGE('',*,*,#1462,.T.);
#1234=ORIENTED_EDGE('',*,*,#1463,.F.);
#1235=ORIENTED_EDGE('',*,*,#1443,.T.);
#1236=ORIENTED_EDGE('',*,*,#1464,.T.);
#1237=ORIENTED_EDGE('',*,*,#1465,.T.);
#1238=ORIENTED_EDGE('',*,*,#1466,.T.);
#1239=ORIENTED_EDGE('',*,*,#1467,.F.);
#1240=ORIENTED_EDGE('',*,*,#1468,.T.);
#1241=ORIENTED_EDGE('',*,*,#1454,.T.);
#1242=ORIENTED_EDGE('',*,*,#1469,.T.);
#1243=ORIENTED_EDGE('',*,*,#1470,.F.);
#1244=ORIENTED_EDGE('',*,*,#1471,.T.);
#1245=ORIENTED_EDGE('',*,*,#1460,.T.);
#1246=ORIENTED_EDGE('',*,*,#1446,.F.);
#1247=ORIENTED_EDGE('',*,*,#1472,.T.);
#1248=ORIENTED_EDGE('',*,*,#1473,.F.);
#1249=ORIENTED_EDGE('',*,*,#1445,.T.);
#1250=ORIENTED_EDGE('',*,*,#1474,.T.);
#1251=ORIENTED_EDGE('',*,*,#1475,.T.);
#1252=ORIENTED_EDGE('',*,*,#1447,.T.);
#1253=ORIENTED_EDGE('',*,*,#1459,.F.);
#1254=ORIENTED_EDGE('',*,*,#1476,.T.);
#1255=ORIENTED_EDGE('',*,*,#1477,.F.);
#1256=ORIENTED_EDGE('',*,*,#1478,.T.);
#1257=ORIENTED_EDGE('',*,*,#1450,.F.);
#1258=ORIENTED_EDGE('',*,*,#1457,.T.);
#1259=ORIENTED_EDGE('',*,*,#1441,.T.);
#1260=ORIENTED_EDGE('',*,*,#1462,.F.);
#1261=ORIENTED_EDGE('',*,*,#1479,.T.);
#1262=ORIENTED_EDGE('',*,*,#1480,.T.);
#1263=ORIENTED_EDGE('',*,*,#1481,.T.);
#1264=ORIENTED_EDGE('',*,*,#1482,.T.);
#1265=ORIENTED_EDGE('',*,*,#1483,.T.);
#1266=ORIENTED_EDGE('',*,*,#1456,.F.);
#1267=ORIENTED_EDGE('',*,*,#1484,.T.);
#1268=ORIENTED_EDGE('',*,*,#1485,.T.);
#1269=ORIENTED_EDGE('',*,*,#1486,.T.);
#1270=ORIENTED_EDGE('',*,*,#1487,.T.);
#1271=ORIENTED_EDGE('',*,*,#1488,.T.);
#1272=ORIENTED_EDGE('',*,*,#1489,.F.);
#1273=ORIENTED_EDGE('',*,*,#1490,.F.);
#1274=ORIENTED_EDGE('',*,*,#1452,.T.);
#1275=ORIENTED_EDGE('',*,*,#1491,.T.);
#1276=ORIENTED_EDGE('',*,*,#1492,.T.);
#1277=ORIENTED_EDGE('',*,*,#1493,.T.);
#1278=ORIENTED_EDGE('',*,*,#1494,.T.);
#1279=ORIENTED_EDGE('',*,*,#1495,.T.);
#1280=ORIENTED_EDGE('',*,*,#1444,.T.);
#1281=ORIENTED_EDGE('',*,*,#1463,.T.);
#1282=ORIENTED_EDGE('',*,*,#1496,.F.);
#1283=ORIENTED_EDGE('',*,*,#1474,.F.);
#1284=ORIENTED_EDGE('',*,*,#1497,.F.);
#1285=ORIENTED_EDGE('',*,*,#1489,.T.);
#1286=ORIENTED_EDGE('',*,*,#1498,.F.);
#1287=ORIENTED_EDGE('',*,*,#1465,.F.);
#1288=ORIENTED_EDGE('',*,*,#1499,.F.);
#1289=ORIENTED_EDGE('',*,*,#1500,.F.);
#1290=ORIENTED_EDGE('',*,*,#1466,.F.);
#1291=ORIENTED_EDGE('',*,*,#1498,.T.);
#1292=ORIENTED_EDGE('',*,*,#1488,.F.);
#1293=ORIENTED_EDGE('',*,*,#1501,.F.);
#1294=ORIENTED_EDGE('',*,*,#1502,.F.);
#1295=ORIENTED_EDGE('',*,*,#1499,.T.);
#1296=ORIENTED_EDGE('',*,*,#1487,.F.);
#1297=ORIENTED_EDGE('',*,*,#1503,.F.);
#1298=ORIENTED_EDGE('',*,*,#1504,.F.);
#1299=ORIENTED_EDGE('',*,*,#1501,.T.);
#1300=ORIENTED_EDGE('',*,*,#1486,.F.);
#1301=ORIENTED_EDGE('',*,*,#1505,.F.);
#1302=ORIENTED_EDGE('',*,*,#1506,.F.);
#1303=ORIENTED_EDGE('',*,*,#1503,.T.);
#1304=ORIENTED_EDGE('',*,*,#1485,.F.);
#1305=ORIENTED_EDGE('',*,*,#1455,.T.);
#1306=ORIENTED_EDGE('',*,*,#1468,.F.);
#1307=ORIENTED_EDGE('',*,*,#1507,.F.);
#1308=ORIENTED_EDGE('',*,*,#1505,.T.);
#1309=ORIENTED_EDGE('',*,*,#1484,.F.);
#1310=ORIENTED_EDGE('',*,*,#1467,.T.);
#1311=ORIENTED_EDGE('',*,*,#1500,.T.);
#1312=ORIENTED_EDGE('',*,*,#1502,.T.);
#1313=ORIENTED_EDGE('',*,*,#1504,.T.);
#1314=ORIENTED_EDGE('',*,*,#1506,.T.);
#1315=ORIENTED_EDGE('',*,*,#1507,.T.);
#1316=ORIENTED_EDGE('',*,*,#1508,.F.);
#1317=ORIENTED_EDGE('',*,*,#1509,.F.);
#1318=ORIENTED_EDGE('',*,*,#1469,.F.);
#1319=ORIENTED_EDGE('',*,*,#1453,.T.);
#1320=ORIENTED_EDGE('',*,*,#1483,.F.);
#1321=ORIENTED_EDGE('',*,*,#1510,.F.);
#1322=ORIENTED_EDGE('',*,*,#1511,.F.);
#1323=ORIENTED_EDGE('',*,*,#1508,.T.);
#1324=ORIENTED_EDGE('',*,*,#1482,.F.);
#1325=ORIENTED_EDGE('',*,*,#1512,.F.);
#1326=ORIENTED_EDGE('',*,*,#1513,.F.);
#1327=ORIENTED_EDGE('',*,*,#1510,.T.);
#1328=ORIENTED_EDGE('',*,*,#1481,.F.);
#1329=ORIENTED_EDGE('',*,*,#1514,.F.);
#1330=ORIENTED_EDGE('',*,*,#1515,.F.);
#1331=ORIENTED_EDGE('',*,*,#1512,.T.);
#1332=ORIENTED_EDGE('',*,*,#1480,.F.);
#1333=ORIENTED_EDGE('',*,*,#1461,.T.);
#1334=ORIENTED_EDGE('',*,*,#1471,.F.);
#1335=ORIENTED_EDGE('',*,*,#1516,.F.);
#1336=ORIENTED_EDGE('',*,*,#1514,.T.);
#1337=ORIENTED_EDGE('',*,*,#1479,.F.);
#1338=ORIENTED_EDGE('',*,*,#1470,.T.);
#1339=ORIENTED_EDGE('',*,*,#1509,.T.);
#1340=ORIENTED_EDGE('',*,*,#1511,.T.);
#1341=ORIENTED_EDGE('',*,*,#1513,.T.);
#1342=ORIENTED_EDGE('',*,*,#1515,.T.);
#1343=ORIENTED_EDGE('',*,*,#1516,.T.);
#1344=ORIENTED_EDGE('',*,*,#1451,.T.);
#1345=ORIENTED_EDGE('',*,*,#1478,.F.);
#1346=ORIENTED_EDGE('',*,*,#1517,.F.);
#1347=ORIENTED_EDGE('',*,*,#1518,.T.);
#1348=ORIENTED_EDGE('',*,*,#1491,.F.);
#1349=ORIENTED_EDGE('',*,*,#1519,.F.);
#1350=ORIENTED_EDGE('',*,*,#1520,.F.);
#1351=ORIENTED_EDGE('',*,*,#1476,.F.);
#1352=ORIENTED_EDGE('',*,*,#1458,.T.);
#1353=ORIENTED_EDGE('',*,*,#1495,.F.);
#1354=ORIENTED_EDGE('',*,*,#1521,.F.);
#1355=ORIENTED_EDGE('',*,*,#1522,.F.);
#1356=ORIENTED_EDGE('',*,*,#1519,.T.);
#1357=ORIENTED_EDGE('',*,*,#1494,.F.);
#1358=ORIENTED_EDGE('',*,*,#1523,.F.);
#1359=ORIENTED_EDGE('',*,*,#1524,.F.);
#1360=ORIENTED_EDGE('',*,*,#1521,.T.);
#1361=ORIENTED_EDGE('',*,*,#1493,.F.);
#1362=ORIENTED_EDGE('',*,*,#1518,.F.);
#1363=ORIENTED_EDGE('',*,*,#1525,.F.);
#1364=ORIENTED_EDGE('',*,*,#1523,.T.);
#1365=ORIENTED_EDGE('',*,*,#1492,.F.);
#1366=ORIENTED_EDGE('',*,*,#1477,.T.);
#1367=ORIENTED_EDGE('',*,*,#1520,.T.);
#1368=ORIENTED_EDGE('',*,*,#1522,.T.);
#1369=ORIENTED_EDGE('',*,*,#1524,.T.);
#1370=ORIENTED_EDGE('',*,*,#1525,.T.);
#1371=ORIENTED_EDGE('',*,*,#1517,.T.);
#1372=ORIENTED_EDGE('',*,*,#1449,.T.);
#1373=ORIENTED_EDGE('',*,*,#1490,.T.);
#1374=ORIENTED_EDGE('',*,*,#1497,.T.);
#1375=ORIENTED_EDGE('',*,*,#1526,.F.);
#1376=ORIENTED_EDGE('',*,*,#1464,.F.);
#1377=ORIENTED_EDGE('',*,*,#1442,.F.);
#1378=ORIENTED_EDGE('',*,*,#1473,.T.);
#1379=ORIENTED_EDGE('',*,*,#1526,.T.);
#1380=ORIENTED_EDGE('',*,*,#1496,.T.);
#1381=ORIENTED_EDGE('',*,*,#1472,.F.);
#1382=ORIENTED_EDGE('',*,*,#1448,.F.);
#1383=ORIENTED_EDGE('',*,*,#1475,.F.);
#1384=EDGE_CURVE('',#1527,#1528,#1529,.T.);
#1385=EDGE_CURVE('',#1535,#1527,#1536,.T.);
#1386=EDGE_CURVE('',#1535,#1542,#1543,.T.);
#1387=EDGE_CURVE('',#1542,#1528,#1549,.T.);
#1388=EDGE_CURVE('',#1528,#1555,#1556,.T.);
#1389=EDGE_CURVE('',#1542,#1562,#1563,.T.);
#1390=EDGE_CURVE('',#1562,#1555,#1569,.T.);
#1391=EDGE_CURVE('',#1555,#1575,#1576,.T.);
#1392=EDGE_CURVE('',#1562,#1582,#1583,.T.);
#1393=EDGE_CURVE('',#1582,#1575,#1589,.T.);
#1394=EDGE_CURVE('',#1575,#1595,#1596,.T.);
#1395=EDGE_CURVE('',#1582,#1602,#1603,.T.);
#1396=EDGE_CURVE('',#1602,#1595,#1609,.T.);
#1397=EDGE_CURVE('',#1595,#1615,#1616,.T.);
#1398=EDGE_CURVE('',#1602,#1622,#1623,.T.);
#1399=EDGE_CURVE('',#1622,#1615,#1629,.T.);
#1400=EDGE_CURVE('',#1615,#1527,#1635,.T.);
#1401=EDGE_CURVE('',#1622,#1535,#1641,.T.);
#1402=EDGE_CURVE('',#1647,#1648,#1649,.T.);
#1403=EDGE_CURVE('',#1655,#1647,#1656,.T.);
#1404=EDGE_CURVE('',#1655,#1662,#1663,.T.);
#1405=EDGE_CURVE('',#1662,#1648,#1669,.T.);
#1406=EDGE_CURVE('',#1648,#1675,#1676,.T.);
#1407=EDGE_CURVE('',#1662,#1682,#1683,.T.);
#1408=EDGE_CURVE('',#1682,#1675,#1689,.T.);
#1409=EDGE_CURVE('',#1675,#1695,#1696,.T.);
#1410=EDGE_CURVE('',#1682,#1702,#1703,.T.);
#1411=EDGE_CURVE('',#1702,#1695,#1709,.T.);
#1412=EDGE_CURVE('',#1695,#1715,#1716,.T.);
#1413=EDGE_CURVE('',#1702,#1722,#1723,.T.);
#1414=EDGE_CURVE('',#1722,#1715,#1729,.T.);
#1415=EDGE_CURVE('',#1715,#1735,#1736,.T.);
#1416=EDGE_CURVE('',#1722,#1742,#1743,.T.);
#1417=EDGE_CURVE('',#1742,#1735,#1749,.T.);
#1418=EDGE_CURVE('',#1735,#1647,#1755,.T.);
#1419=EDGE_CURVE('',#1742,#1655,#1761,.T.);
#1420=EDGE_CURVE('',#1767,#1768,#1769,.T.);
#1421=EDGE_CURVE('',#1775,#1767,#1776,.T.);
#1422=EDGE_CURVE('',#1775,#1782,#1783,.T.);
#1423=EDGE_CURVE('',#1782,#1768,#1789,.T.);
#1424=EDGE_CURVE('',#1768,#1795,#1796,.T.);
#1425=EDGE_CURVE('',#1782,#1802,#1803,.T.);
#1426=EDGE_CURVE('',#1802,#1795,#1809,.T.);
#1427=EDGE_CURVE('',#1795,#1815,#1816,.T.);
#1428=EDGE_CURVE('',#1802,#1822,#1823,.T.);
#1429=EDGE_CURVE('',#1822,#1815,#1829,.T.);
#1430=EDGE_CURVE('',#1815,#1835,#1836,.T.);
#1431=EDGE_CURVE('',#1822,#1842,#1843,.T.);
#1432=EDGE_CURVE('',#1842,#1835,#1849,.T.);
#1433=EDGE_CURVE('',#1835,#1855,#1856,.T.);
#1434=EDGE_CURVE('',#1842,#1862,#1863,.T.);
#1435=EDGE_CURVE('',#1862,#1855,#1869,.T.);
#1436=EDGE_CURVE('',#1855,#1767,#1875,.T.);
#1437=EDGE_CURVE('',#1862,#1775,#1881,.T.);
#1438=EDGE_CURVE('',#1887,#1888,#1889,.T.);
#1439=EDGE_CURVE('',#1888,#1895,#1896,.T.);
#1440=EDGE_CURVE('',#1895,#1902,#1903,.T.);
#1441=EDGE_CURVE('',#1887,#1902,#1909,.T.);
#1442=EDGE_CURVE('',#1915,#1916,#1917,.T.);
#1443=EDGE_CURVE('',#1923,#1916,#1924,.T.);
#1444=EDGE_CURVE('',#1930,#1923,#1931,.T.);
#1445=EDGE_CURVE('',#1915,#1930,#1937,.T.);
#1446=EDGE_CURVE('',#1943,#1895,#1944,.T.);
#1447=EDGE_CURVE('',#1950,#1888,#1951,.T.);
#1448=EDGE_CURVE('',#1950,#1943,#1957,.T.);
#1449=EDGE_CURVE('',#1963,#1964,#1965,.T.);
#1450=EDGE_CURVE('',#1963,#1971,#1972,.T.);
#1451=EDGE_CURVE('',#1978,#1971,#1979,.T.);
#1452=EDGE_CURVE('',#1964,#1978,#1985,.T.);
#1453=EDGE_CURVE('',#1991,#1992,#1993,.T.);
#1454=EDGE_CURVE('',#1999,#1991,#2000,.T.);
#1455=EDGE_CURVE('',#2006,#1999,#2007,.T.);
#1456=EDGE_CURVE('',#2006,#1992,#2013,.T.);
#1457=EDGE_CURVE('',#2019,#1887,#2020,.T.);
#1458=EDGE_CURVE('',#2026,#2019,#2027,.T.);
#1459=EDGE_CURVE('',#2026,#1888,#2033,.T.);
#1460=EDGE_CURVE('',#2039,#1895,#2040,.T.);
#1461=EDGE_CURVE('',#2046,#2039,#2047,.T.);
#1462=EDGE_CURVE('',#2046,#1902,#2053,.T.);
#1463=EDGE_CURVE('',#1923,#2059,#2060,.T.);
#1464=EDGE_CURVE('',#1916,#2066,#2067,.T.);
#1465=EDGE_CURVE('',#2066,#2073,#2074,.T.);
#1466=EDGE_CURVE('',#2073,#2080,#2081,.T.);
#1467=EDGE_CURVE('',#2087,#2080,#2088,.T.);
#1468=EDGE_CURVE('',#2087,#1999,#2094,.T.);
#1469=EDGE_CURVE('',#1991,#2100,#2101,.T.);
#1470=EDGE_CURVE('',#2107,#2100,#2108,.T.);
#1471=EDGE_CURVE('',#2107,#2039,#2114,.T.);
#1472=EDGE_CURVE('',#1943,#2059,#2120,.T.);
#1473=EDGE_CURVE('',#1915,#1963,#2126,.T.);
#1474=EDGE_CURVE('',#1930,#2132,#2133,.T.);
#1475=EDGE_CURVE('',#2132,#1950,#2139,.T.);
#1476=EDGE_CURVE('',#2026,#2145,#2146,.T.);
#1477=EDGE_CURVE('',#2152,#2145,#2153,.T.);
#1478=EDGE_CURVE('',#2152,#1971,#2159,.T.);
#1479=EDGE_CURVE('',#2046,#2165,#2166,.T.);
#1480=EDGE_CURVE('',#2165,#2172,#2173,.T.);
#1481=EDGE_CURVE('',#2172,#2179,#2180,.T.);
#1482=EDGE_CURVE('',#2179,#2186,#2187,.T.);
#1483=EDGE_CURVE('',#2186,#1992,#2193,.T.);
#1484=EDGE_CURVE('',#2006,#2199,#2200,.T.);
#1485=EDGE_CURVE('',#2199,#2206,#2207,.T.);
#1486=EDGE_CURVE('',#2206,#2213,#2214,.T.);
#1487=EDGE_CURVE('',#2213,#2220,#2221,.T.);
#1488=EDGE_CURVE('',#2220,#2227,#2228,.T.);
#1489=EDGE_CURVE('',#2234,#2227,#2235,.T.);
#1490=EDGE_CURVE('',#1964,#2234,#2241,.T.);
#1491=EDGE_CURVE('',#1978,#2247,#2248,.T.);
#1492=EDGE_CURVE('',#2247,#2254,#2255,.T.);
#1493=EDGE_CURVE('',#2254,#2261,#2262,.T.);
#1494=EDGE_CURVE('',#2261,#2268,#2269,.T.);
#1495=EDGE_CURVE('',#2268,#2019,#2275,.T.);
#1496=EDGE_CURVE('',#2132,#2059,#2281,.T.);
#1497=EDGE_CURVE('',#2234,#2066,#2287,.T.);
#1498=EDGE_CURVE('',#2073,#2227,#2293,.T.);
#1499=EDGE_CURVE('',#2299,#2220,#2300,.T.);
#1500=EDGE_CURVE('',#2080,#2299,#2306,.T.);
#1501=EDGE_CURVE('',#2312,#2213,#2313,.T.);
#1502=EDGE_CURVE('',#2299,#2312,#2319,.T.);
#1503=EDGE_CURVE('',#2325,#2206,#2326,.T.);
#1504=EDGE_CURVE('',#2312,#2325,#2332,.T.);
#1505=EDGE_CURVE('',#2338,#2199,#2339,.T.);
#1506=EDGE_CURVE('',#2325,#2338,#2345,.T.);
#1507=EDGE_CURVE('',#2338,#2087,#2351,.T.);
#1508=EDGE_CURVE('',#2357,#2186,#2358,.T.);
#1509=EDGE_CURVE('',#2100,#2357,#2364,.T.);
#1510=EDGE_CURVE('',#2370,#2179,#2371,.T.);
#1511=EDGE_CURVE('',#2357,#2370,#2377,.T.);
#1512=EDGE_CURVE('',#2383,#2172,#2384,.T.);
#1513=EDGE_CURVE('',#2370,#2383,#2390,.T.);
#1514=EDGE_CURVE('',#2396,#2165,#2397,.T.);
#1515=EDGE_CURVE('',#2383,#2396,#2403,.T.);
#1516=EDGE_CURVE('',#2396,#2107,#2409,.T.);
#1517=EDGE_CURVE('',#2415,#2152,#2416,.T.);
#1518=EDGE_CURVE('',#2415,#2247,#2422,.T.);
#1519=EDGE_CURVE('',#2428,#2268,#2429,.T.);
#1520=EDGE_CURVE('',#2145,#2428,#2435,.T.);
#1521=EDGE_CURVE('',#2441,#2261,#2442,.T.);
#1522=EDGE_CURVE('',#2428,#2441,#2448,.T.);
#1523=EDGE_CURVE('',#2454,#2254,#2455,.T.);
#1524=EDGE_CURVE('',#2441,#2454,#2461,.T.);
#1525=EDGE_CURVE('',#2454,#2415,#2467,.T.);
#1526=EDGE_CURVE('',#1963,#2066,#2473,.T.);
#1527=VERTEX_POINT('',#2479);
#1528=VERTEX_POINT('',#2480);
#1529=LINE('',#2481,#2482);
#1530=COLOUR_RGB('',1.00000000000E+000,1.00000000000E+000,1.00000000000E+000);
#1531=DRAUGHTING_PRE_DEFINED_CURVE_FONT('continuous');
#1532=CURVE_STYLE( '',#1531, POSITIVE_LENGTH_MEASURE(1.00000000000E-006),#1530);
#1533=PRESENTATION_STYLE_ASSIGNMENT((#1532));
#1534=STYLED_ITEM('',(#1533),#1384);
#1535=VERTEX_POINT('',#2484);
#1536=LINE('',#2485,#2486);
#1537=COLOUR_RGB('',1.00000000000E+000,1.00000000000E+000,1.00000000000E+000);
#1538=DRAUGHTING_PRE_DEFINED_CURVE_FONT('continuous');
#1539=CURVE_STYLE( '',#1538, POSITIVE_LENGTH_MEASURE(1.00000000000E-006),#1537);
#1540=PRESENTATION_STYLE_ASSIGNMENT((#1539));
#1541=STYLED_ITEM('',(#1540),#1385);
#1542=VERTEX_POINT('',#2488);
#1543=LINE('',#2489,#2490);
#1544=COLOUR_RGB('',1.00000000000E+000,1.00000000000E+000,1.00000000000E+000);
#1545=DRAUGHTING_PRE_DEFINED_CURVE_FONT('continuous');
#1546=CURVE_STYLE( '',#1545, POSITIVE_LENGTH_MEASURE(1.00000000000E-006),#1544);
#1547=PRESENTATION_STYLE_ASSIGNMENT((#1546));
#1548=STYLED_ITEM('',(#1547),#1386);
#1549=LINE('',#2492,#2493);
#1550=COLOUR_RGB('',1.00000000000E+000,1.00000000000E+000,1.00000000000E+000);
#1551=DRAUGHTING_PRE_DEFINED_CURVE_FONT('continuous');
#1552=CURVE_STYLE( '',#1551, POSITIVE_LENGTH_MEASURE(1.00000000000E-006),#1550);
#1553=PRESENTATION_STYLE_ASSIGNMENT((#1552));
#1554=STYLED_ITEM('',(#1553),#1387);
#1555=VERTEX_POINT('',#2495);
#1556=LINE('',#2496,#2497);
#1557=COLOUR_RGB('',1.00000000000E+000,1.00000000000E+000,1.00000000000E+000);
#1558=DRAUGHTING_PRE_DEFINED_CURVE_FONT('continuous');
#1559=CURVE_STYLE( '',#1558, POSITIVE_LENGTH_MEASURE(1.00000000000E-006),#1557);
#1560=PRESENTATION_STYLE_ASSIGNMENT((#1559));
#1561=STYLED_ITEM('',(#1560),#1388);
#1562=VERTEX_POINT('',#2499);
#1563=LINE('',#2500,#2501);
#1564=COLOUR_RGB('',1.00000000000E+000,1.00000000000E+000,1.00000000000E+000);
#1565=DRAUGHTING_PRE_DEFINED_CURVE_FONT('continuous');
#1566=CURVE_STYLE( '',#1565, POSITIVE_LENGTH_MEASURE(1.00000000000E-006),#1564);
#1567=PRESENTATION_STYLE_ASSIGNMENT((#1566));
#1568=STYLED_ITEM('',(#1567),#1389);
#1569=LINE('',#2503,#2504);
#1570=COLOUR_RGB('',1.00000000000E+000,1.00000000000E+000,1.00000000000E+000);
#1571=DRAUGHTING_PRE_DEFINED_CURVE_FONT('continuous');
#1572=CURVE_STYLE( '',#1571, POSITIVE_LENGTH_MEASURE(1.00000000000E-006),#1570);
#1573=PRESENTATION_STYLE_ASSIGNMENT((#1572));
#1574=STYLED_ITEM('',(#1573),#1390);
#1575=VERTEX_POINT('',#2506);
#1576=CIRCLE('',#2510,5.00000000000E-002);
#1577=COLOUR_RGB('',1.00000000000E+000,1.00000000000E+000,1.00000000000E+000);
#1578=DRAUGHTING_PRE_DEFINED_CURVE_FONT('continuous');
#1579=CURVE_STYLE( '',#1578, POSITIVE_LENGTH_MEASURE(1.00000000000E-006),#1577);
#1580=PRESENTATION_STYLE_ASSIGNMENT((#1579));
#1581=STYLED_ITEM('',(#1580),#1391);
#1582=VERTEX_POINT('',#2511);
#1583=CIRCLE('',#2515,5.00000000000E-002);
#1584=COLOUR_RGB('',1.00000000000E+000,1.00000000000E+000,1.00000000000E+000);
#1585=DRAUGHTING_PRE_DEFINED_CURVE_FONT('continuous');
#1586=CURVE_STYLE( '',#1585, POSITIVE_LENGTH_MEASURE(1.00000000000E-006),#1584);
#1587=PRESENTATION_STYLE_ASSIGNMENT((#1586));
#1588=STYLED_ITEM('',(#1587),#1392);
#1589=LINE('',#2516,#2517);
#1590=COLOUR_RGB('',1.00000000000E+000,1.00000000000E+000,1.00000000000E+000);
#1591=DRAUGHTING_PRE_DEFINED_CURVE_FONT('continuous');
#1592=CURVE_STYLE( '',#1591, POSITIVE_LENGTH_MEASURE(1.00000000000E-006),#1590);
#1593=PRESENTATION_STYLE_ASSIGNMENT((#1592));
#1594=STYLED_ITEM('',(#1593),#1393);
#1595=VERTEX_POINT('',#2519);
#1596=LINE('',#2520,#2521);
#1597=COLOUR_RGB('',1.00000000000E+000,1.00000000000E+000,1.00000000000E+000);
#1598=DRAUGHTING_PRE_DEFINED_CURVE_FONT('continuous');
#1599=CURVE_STYLE( '',#1598, POSITIVE_LENGTH_MEASURE(1.00000000000E-006),#1597);
#1600=PRESENTATION_STYLE_ASSIGNMENT((#1599));
#1601=STYLED_ITEM('',(#1600),#1394);
#1602=VERTEX_POINT('',#2523);
#1603=LINE('',#2524,#2525);
#1604=COLOUR_RGB('',1.00000000000E+000,1.00000000000E+000,1.00000000000E+000);
#1605=DRAUGHTING_PRE_DEFINED_CURVE_FONT('continuous');
#1606=CURVE_STYLE( '',#1605, POSITIVE_LENGTH_MEASURE(1.00000000000E-006),#1604);
#1607=PRESENTATION_STYLE_ASSIGNMENT((#1606));
#1608=STYLED_ITEM('',(#1607),#1395);
#1609=LINE('',#2527,#2528);
#1610=COLOUR_RGB('',1.00000000000E+000,1.00000000000E+000,1.00000000000E+000);
#1611=DRAUGHTING_PRE_DEFINED_CURVE_FONT('continuous');
#1612=CURVE_STYLE( '',#1611, POSITIVE_LENGTH_MEASURE(1.00000000000E-006),#1610);
#1613=PRESENTATION_STYLE_ASSIGNMENT((#1612));
#1614=STYLED_ITEM('',(#1613),#1396);
#1615=VERTEX_POINT('',#2530);
#1616=CIRCLE('',#2534,5.00000000000E-002);
#1617=COLOUR_RGB('',1.00000000000E+000,1.00000000000E+000,1.00000000000E+000);
#1618=DRAUGHTING_PRE_DEFINED_CURVE_FONT('continuous');
#1619=CURVE_STYLE( '',#1618, POSITIVE_LENGTH_MEASURE(1.00000000000E-006),#1617);
#1620=PRESENTATION_STYLE_ASSIGNMENT((#1619));
#1621=STYLED_ITEM('',(#1620),#1397);
#1622=VERTEX_POINT('',#2535);
#1623=CIRCLE('',#2539,5.00000000000E-002);
#1624=COLOUR_RGB('',1.00000000000E+000,1.00000000000E+000,1.00000000000E+000);
#1625=DRAUGHTING_PRE_DEFINED_CURVE_FONT('continuous');
#1626=CURVE_STYLE( '',#1625, POSITIVE_LENGTH_MEASURE(1.00000000000E-006),#1624);
#1627=PRESENTATION_STYLE_ASSIGNMENT((#1626));
#1628=STYLED_ITEM('',(#1627),#1398);
#1629=LINE('',#2540,#2541);
#1630=COLOUR_RGB('',1.00000000000E+000,1.00000000000E+000,1.00000000000E+000);
#1631=DRAUGHTING_PRE_DEFINED_CURVE_FONT('continuous');
#1632=CURVE_STYLE( '',#1631, POSITIVE_LENGTH_MEASURE(1.00000000000E-006),#1630);
#1633=PRESENTATION_STYLE_ASSIGNMENT((#1632));
#1634=STYLED_ITEM('',(#1633),#1399);
#1635=LINE('',#2543,#2544);
#1636=COLOUR_RGB('',1.00000000000E+000,1.00000000000E+000,1.00000000000E+000);
#1637=DRAUGHTING_PRE_DEFINED_CURVE_FONT('continuous');
#1638=CURVE_STYLE( '',#1637, POSITIVE_LENGTH_MEASURE(1.00000000000E-006),#1636);
#1639=PRESENTATION_STYLE_ASSIGNMENT((#1638));
#1640=STYLED_ITEM('',(#1639),#1400);
#1641=LINE('',#2546,#2547);
#1642=COLOUR_RGB('',1.00000000000E+000,1.00000000000E+000,1.00000000000E+000);
#1643=DRAUGHTING_PRE_DEFINED_CURVE_FONT('continuous');
#1644=CURVE_STYLE( '',#1643, POSITIVE_LENGTH_MEASURE(1.00000000000E-006),#1642);
#1645=PRESENTATION_STYLE_ASSIGNMENT((#1644));
#1646=STYLED_ITEM('',(#1645),#1401);
#1647=VERTEX_POINT('',#2549);
#1648=VERTEX_POINT('',#2550);
#1649=LINE('',#2551,#2552);
#1650=COLOUR_RGB('',1.00000000000E+000,1.00000000000E+000,1.00000000000E+000);
#1651=DRAUGHTING_PRE_DEFINED_CURVE_FONT('continuous');
#1652=CURVE_STYLE( '',#1651, POSITIVE_LENGTH_MEASURE(1.00000000000E-006),#1650);
#1653=PRESENTATION_STYLE_ASSIGNMENT((#1652));
#1654=STYLED_ITEM('',(#1653),#1402);
#1655=VERTEX_POINT('',#2554);
#1656=LINE('',#2555,#2556);
#1657=COLOUR_RGB('',1.00000000000E+000,1.00000000000E+000,1.00000000000E+000);
#1658=DRAUGHTING_PRE_DEFINED_CURVE_FONT('continuous');
#1659=CURVE_STYLE( '',#1658, POSITIVE_LENGTH_MEASURE(1.00000000000E-006),#1657);
#1660=PRESENTATION_STYLE_ASSIGNMENT((#1659));
#1661=STYLED_ITEM('',(#1660),#1403);
#1662=VERTEX_POINT('',#2558);
#1663=LINE('',#2559,#2560);
#1664=COLOUR_RGB('',1.00000000000E+000,1.00000000000E+000,1.00000000000E+000);
#1665=DRAUGHTING_PRE_DEFINED_CURVE_FONT('continuous');
#1666=CURVE_STYLE( '',#1665, POSITIVE_LENGTH_MEASURE(1.00000000000E-006),#1664);
#1667=PRESENTATION_STYLE_ASSIGNMENT((#1666));
#1668=STYLED_ITEM('',(#1667),#1404);
#1669=LINE('',#2562,#2563);
#1670=COLOUR_RGB('',1.00000000000E+000,1.00000000000E+000,1.00000000000E+000);
#1671=DRAUGHTING_PRE_DEFINED_CURVE_FONT('continuous');
#1672=CURVE_STYLE( '',#1671, POSITIVE_LENGTH_MEASURE(1.00000000000E-006),#1670);
#1673=PRESENTATION_STYLE_ASSIGNMENT((#1672));
#1674=STYLED_ITEM('',(#1673),#1405);
#1675=VERTEX_POINT('',#2565);
#1676=CIRCLE('',#2569,5.00000000000E-002);
#1677=COLOUR_RGB('',1.00000000000E+000,1.00000000000E+000,1.00000000000E+000);
#1678=DRAUGHTING_PRE_DEFINED_CURVE_FONT('continuous');
#1679=CURVE_STYLE( '',#1678, POSITIVE_LENGTH_MEASURE(1.00000000000E-006),#1677);
#1680=PRESENTATION_STYLE_ASSIGNMENT((#1679));
#1681=STYLED_ITEM('',(#1680),#1406);
#1682=VERTEX_POINT('',#2570);
#1683=CIRCLE('',#2574,5.00000000000E-002);
#1684=COLOUR_RGB('',1.00000000000E+000,1.00000000000E+000,1.00000000000E+000);
#1685=DRAUGHTING_PRE_DEFINED_CURVE_FONT('continuous');
#1686=CURVE_STYLE( '',#1685, POSITIVE_LENGTH_MEASURE(1.00000000000E-006),#1684);
#1687=PRESENTATION_STYLE_ASSIGNMENT((#1686));
#1688=STYLED_ITEM('',(#1687),#1407);
#1689=LINE('',#2575,#2576);
#1690=COLOUR_RGB('',1.00000000000E+000,1.00000000000E+000,1.00000000000E+000);
#1691=DRAUGHTING_PRE_DEFINED_CURVE_FONT('continuous');
#1692=CURVE_STYLE( '',#1691, POSITIVE_LENGTH_MEASURE(1.00000000000E-006),#1690);
#1693=PRESENTATION_STYLE_ASSIGNMENT((#1692));
#1694=STYLED_ITEM('',(#1693),#1408);
#1695=VERTEX_POINT('',#2578);
#1696=LINE('',#2579,#2580);
#1697=COLOUR_RGB('',1.00000000000E+000,1.00000000000E+000,1.00000000000E+000);
#1698=DRAUGHTING_PRE_DEFINED_CURVE_FONT('continuous');
#1699=CURVE_STYLE( '',#1698, POSITIVE_LENGTH_MEASURE(1.00000000000E-006),#1697);
#1700=PRESENTATION_STYLE_ASSIGNMENT((#1699));
#1701=STYLED_ITEM('',(#1700),#1409);
#1702=VERTEX_POINT('',#2582);
#1703=LINE('',#2583,#2584);
#1704=COLOUR_RGB('',1.00000000000E+000,1.00000000000E+000,1.00000000000E+000);
#1705=DRAUGHTING_PRE_DEFINED_CURVE_FONT('continuous');
#1706=CURVE_STYLE( '',#1705, POSITIVE_LENGTH_MEASURE(1.00000000000E-006),#1704);
#1707=PRESENTATION_STYLE_ASSIGNMENT((#1706));
#1708=STYLED_ITEM('',(#1707),#1410);
#1709=LINE('',#2586,#2587);
#1710=COLOUR_RGB('',1.00000000000E+000,1.00000000000E+000,1.00000000000E+000);
#1711=DRAUGHTING_PRE_DEFINED_CURVE_FONT('continuous');
#1712=CURVE_STYLE( '',#1711, POSITIVE_LENGTH_MEASURE(1.00000000000E-006),#1710);
#1713=PRESENTATION_STYLE_ASSIGNMENT((#1712));
#1714=STYLED_ITEM('',(#1713),#1411);
#1715=VERTEX_POINT('',#2589);
#1716=CIRCLE('',#2593,5.00000000000E-002);
#1717=COLOUR_RGB('',1.00000000000E+000,1.00000000000E+000,1.00000000000E+000);
#1718=DRAUGHTING_PRE_DEFINED_CURVE_FONT('continuous');
#1719=CURVE_STYLE( '',#1718, POSITIVE_LENGTH_MEASURE(1.00000000000E-006),#1717);
#1720=PRESENTATION_STYLE_ASSIGNMENT((#1719));
#1721=STYLED_ITEM('',(#1720),#1412);
#1722=VERTEX_POINT('',#2594);
#1723=CIRCLE('',#2598,5.00000000000E-002);
#1724=COLOUR_RGB('',1.00000000000E+000,1.00000000000E+000,1.00000000000E+000);
#1725=DRAUGHTING_PRE_DEFINED_CURVE_FONT('continuous');
#1726=CURVE_STYLE( '',#1725, POSITIVE_LENGTH_MEASURE(1.00000000000E-006),#1724);
#1727=PRESENTATION_STYLE_ASSIGNMENT((#1726));
#1728=STYLED_ITEM('',(#1727),#1413);
#1729=LINE('',#2599,#2600);
#1730=COLOUR_RGB('',1.00000000000E+000,1.00000000000E+000,1.00000000000E+000);
#1731=DRAUGHTING_PRE_DEFINED_CURVE_FONT('continuous');
#1732=CURVE_STYLE( '',#1731, POSITIVE_LENGTH_MEASURE(1.00000000000E-006),#1730);
#1733=PRESENTATION_STYLE_ASSIGNMENT((#1732));
#1734=STYLED_ITEM('',(#1733),#1414);
#1735=VERTEX_POINT('',#2602);
#1736=LINE('',#2603,#2604);
#1737=COLOUR_RGB('',1.00000000000E+000,1.00000000000E+000,1.00000000000E+000);
#1738=DRAUGHTING_PRE_DEFINED_CURVE_FONT('continuous');
#1739=CURVE_STYLE( '',#1738, POSITIVE_LENGTH_MEASURE(1.00000000000E-006),#1737);
#1740=PRESENTATION_STYLE_ASSIGNMENT((#1739));
#1741=STYLED_ITEM('',(#1740),#1415);
#1742=VERTEX_POINT('',#2606);
#1743=LINE('',#2607,#2608);
#1744=COLOUR_RGB('',1.00000000000E+000,1.00000000000E+000,1.00000000000E+000);
#1745=DRAUGHTING_PRE_DEFINED_CURVE_FONT('continuous');
#1746=CURVE_STYLE( '',#1745, POSITIVE_LENGTH_MEASURE(1.00000000000E-006),#1744);
#1747=PRESENTATION_STYLE_ASSIGNMENT((#1746));
#1748=STYLED_ITEM('',(#1747),#1416);
#1749=LINE('',#2610,#2611);
#1750=COLOUR_RGB('',1.00000000000E+000,1.00000000000E+000,1.00000000000E+000);
#1751=DRAUGHTING_PRE_DEFINED_CURVE_FONT('continuous');
#1752=CURVE_STYLE( '',#1751, POSITIVE_LENGTH_MEASURE(1.00000000000E-006),#1750);
#1753=PRESENTATION_STYLE_ASSIGNMENT((#1752));
#1754=STYLED_ITEM('',(#1753),#1417);
#1755=LINE('',#2613,#2614);
#1756=COLOUR_RGB('',1.00000000000E+000,1.00000000000E+000,1.00000000000E+000);
#1757=DRAUGHTING_PRE_DEFINED_CURVE_FONT('continuous');
#1758=CURVE_STYLE( '',#1757, POSITIVE_LENGTH_MEASURE(1.00000000000E-006),#1756);
#1759=PRESENTATION_STYLE_ASSIGNMENT((#1758));
#1760=STYLED_ITEM('',(#1759),#1418);
#1761=LINE('',#2616,#2617);
#1762=COLOUR_RGB('',1.00000000000E+000,1.00000000000E+000,1.00000000000E+000);
#1763=DRAUGHTING_PRE_DEFINED_CURVE_FONT('continuous');
#1764=CURVE_STYLE( '',#1763, POSITIVE_LENGTH_MEASURE(1.00000000000E-006),#1762);
#1765=PRESENTATION_STYLE_ASSIGNMENT((#1764));
#1766=STYLED_ITEM('',(#1765),#1419);
#1767=VERTEX_POINT('',#2619);
#1768=VERTEX_POINT('',#2620);
#1769=LINE('',#2621,#2622);
#1770=COLOUR_RGB('',1.00000000000E+000,1.00000000000E+000,1.00000000000E+000);
#1771=DRAUGHTING_PRE_DEFINED_CURVE_FONT('continuous');
#1772=CURVE_STYLE( '',#1771, POSITIVE_LENGTH_MEASURE(1.00000000000E-006),#1770);
#1773=PRESENTATION_STYLE_ASSIGNMENT((#1772));
#1774=STYLED_ITEM('',(#1773),#1420);
#1775=VERTEX_POINT('',#2624);
#1776=LINE('',#2625,#2626);
#1777=COLOUR_RGB('',1.00000000000E+000,1.00000000000E+000,1.00000000000E+000);
#1778=DRAUGHTING_PRE_DEFINED_CURVE_FONT('continuous');
#1779=CURVE_STYLE( '',#1778, POSITIVE_LENGTH_MEASURE(1.00000000000E-006),#1777);
#1780=PRESENTATION_STYLE_ASSIGNMENT((#1779));
#1781=STYLED_ITEM('',(#1780),#1421);
#1782=VERTEX_POINT('',#2628);
#1783=LINE('',#2629,#2630);
#1784=COLOUR_RGB('',1.00000000000E+000,1.00000000000E+000,1.00000000000E+000);
#1785=DRAUGHTING_PRE_DEFINED_CURVE_FONT('continuous');
#1786=CURVE_STYLE( '',#1785, POSITIVE_LENGTH_MEASURE(1.00000000000E-006),#1784);
#1787=PRESENTATION_STYLE_ASSIGNMENT((#1786));
#1788=STYLED_ITEM('',(#1787),#1422);
#1789=LINE('',#2632,#2633);
#1790=COLOUR_RGB('',1.00000000000E+000,1.00000000000E+000,1.00000000000E+000);
#1791=DRAUGHTING_PRE_DEFINED_CURVE_FONT('continuous');
#1792=CURVE_STYLE( '',#1791, POSITIVE_LENGTH_MEASURE(1.00000000000E-006),#1790);
#1793=PRESENTATION_STYLE_ASSIGNMENT((#1792));
#1794=STYLED_ITEM('',(#1793),#1423);
#1795=VERTEX_POINT('',#2635);
#1796=LINE('',#2636,#2637);
#1797=COLOUR_RGB('',1.00000000000E+000,1.00000000000E+000,1.00000000000E+000);
#1798=DRAUGHTING_PRE_DEFINED_CURVE_FONT('continuous');
#1799=CURVE_STYLE( '',#1798, POSITIVE_LENGTH_MEASURE(1.00000000000E-006),#1797);
#1800=PRESENTATION_STYLE_ASSIGNMENT((#1799));
#1801=STYLED_ITEM('',(#1800),#1424);
#1802=VERTEX_POINT('',#2639);
#1803=LINE('',#2640,#2641);
#1804=COLOUR_RGB('',1.00000000000E+000,1.00000000000E+000,1.00000000000E+000);
#1805=DRAUGHTING_PRE_DEFINED_CURVE_FONT('continuous');
#1806=CURVE_STYLE( '',#1805, POSITIVE_LENGTH_MEASURE(1.00000000000E-006),#1804);
#1807=PRESENTATION_STYLE_ASSIGNMENT((#1806));
#1808=STYLED_ITEM('',(#1807),#1425);
#1809=LINE('',#2643,#2644);
#1810=COLOUR_RGB('',1.00000000000E+000,1.00000000000E+000,1.00000000000E+000);
#1811=DRAUGHTING_PRE_DEFINED_CURVE_FONT('continuous');
#1812=CURVE_STYLE( '',#1811, POSITIVE_LENGTH_MEASURE(1.00000000000E-006),#1810);
#1813=PRESENTATION_STYLE_ASSIGNMENT((#1812));
#1814=STYLED_ITEM('',(#1813),#1426);
#1815=VERTEX_POINT('',#2646);
#1816=LINE('',#2647,#2648);
#1817=COLOUR_RGB('',1.00000000000E+000,1.00000000000E+000,1.00000000000E+000);
#1818=DRAUGHTING_PRE_DEFINED_CURVE_FONT('continuous');
#1819=CURVE_STYLE( '',#1818, POSITIVE_LENGTH_MEASURE(1.00000000000E-006),#1817);
#1820=PRESENTATION_STYLE_ASSIGNMENT((#1819));
#1821=STYLED_ITEM('',(#1820),#1427);
#1822=VERTEX_POINT('',#2650);
#1823=LINE('',#2651,#2652);
#1824=COLOUR_RGB('',1.00000000000E+000,1.00000000000E+000,1.00000000000E+000);
#1825=DRAUGHTING_PRE_DEFINED_CURVE_FONT('continuous');
#1826=CURVE_STYLE( '',#1825, POSITIVE_LENGTH_MEASURE(1.00000000000E-006),#1824);
#1827=PRESENTATION_STYLE_ASSIGNMENT((#1826));
#1828=STYLED_ITEM('',(#1827),#1428);
#1829=LINE('',#2654,#2655);
#1830=COLOUR_RGB('',1.00000000000E+000,1.00000000000E+000,1.00000000000E+000);
#1831=DRAUGHTING_PRE_DEFINED_CURVE_FONT('continuous');
#1832=CURVE_STYLE( '',#1831, POSITIVE_LENGTH_MEASURE(1.00000000000E-006),#1830);
#1833=PRESENTATION_STYLE_ASSIGNMENT((#1832));
#1834=STYLED_ITEM('',(#1833),#1429);
#1835=VERTEX_POINT('',#2657);
#1836=CIRCLE('',#2661,5.00000000000E-002);
#1837=COLOUR_RGB('',1.00000000000E+000,1.00000000000E+000,1.00000000000E+000);
#1838=DRAUGHTING_PRE_DEFINED_CURVE_FONT('continuous');
#1839=CURVE_STYLE( '',#1838, POSITIVE_LENGTH_MEASURE(1.00000000000E-006),#1837);
#1840=PRESENTATION_STYLE_ASSIGNMENT((#1839));
#1841=STYLED_ITEM('',(#1840),#1430);
#1842=VERTEX_POINT('',#2662);
#1843=CIRCLE('',#2666,5.00000000000E-002);
#1844=COLOUR_RGB('',1.00000000000E+000,1.00000000000E+000,1.00000000000E+000);
#1845=DRAUGHTING_PRE_DEFINED_CURVE_FONT('continuous');
#1846=CURVE_STYLE( '',#1845, POSITIVE_LENGTH_MEASURE(1.00000000000E-006),#1844);
#1847=PRESENTATION_STYLE_ASSIGNMENT((#1846));
#1848=STYLED_ITEM('',(#1847),#1431);
#1849=LINE('',#2667,#2668);
#1850=COLOUR_RGB('',1.00000000000E+000,1.00000000000E+000,1.00000000000E+000);
#1851=DRAUGHTING_PRE_DEFINED_CURVE_FONT('continuous');
#1852=CURVE_STYLE( '',#1851, POSITIVE_LENGTH_MEASURE(1.00000000000E-006),#1850);
#1853=PRESENTATION_STYLE_ASSIGNMENT((#1852));
#1854=STYLED_ITEM('',(#1853),#1432);
#1855=VERTEX_POINT('',#2670);
#1856=LINE('',#2671,#2672);
#1857=COLOUR_RGB('',1.00000000000E+000,1.00000000000E+000,1.00000000000E+000);
#1858=DRAUGHTING_PRE_DEFINED_CURVE_FONT('continuous');
#1859=CURVE_STYLE( '',#1858, POSITIVE_LENGTH_MEASURE(1.00000000000E-006),#1857);
#1860=PRESENTATION_STYLE_ASSIGNMENT((#1859));
#1861=STYLED_ITEM('',(#1860),#1433);
#1862=VERTEX_POINT('',#2674);
#1863=LINE('',#2675,#2676);
#1864=COLOUR_RGB('',1.00000000000E+000,1.00000000000E+000,1.00000000000E+000);
#1865=DRAUGHTING_PRE_DEFINED_CURVE_FONT('continuous');
#1866=CURVE_STYLE( '',#1865, POSITIVE_LENGTH_MEASURE(1.00000000000E-006),#1864);
#1867=PRESENTATION_STYLE_ASSIGNMENT((#1866));
#1868=STYLED_ITEM('',(#1867),#1434);
#1869=LINE('',#2678,#2679);
#1870=COLOUR_RGB('',1.00000000000E+000,1.00000000000E+000,1.00000000000E+000);
#1871=DRAUGHTING_PRE_DEFINED_CURVE_FONT('continuous');
#1872=CURVE_STYLE( '',#1871, POSITIVE_LENGTH_MEASURE(1.00000000000E-006),#1870);
#1873=PRESENTATION_STYLE_ASSIGNMENT((#1872));
#1874=STYLED_ITEM('',(#1873),#1435);
#1875=CIRCLE('',#2684,5.00000000000E-002);
#1876=COLOUR_RGB('',1.00000000000E+000,1.00000000000E+000,1.00000000000E+000);
#1877=DRAUGHTING_PRE_DEFINED_CURVE_FONT('continuous');
#1878=CURVE_STYLE( '',#1877, POSITIVE_LENGTH_MEASURE(1.00000000000E-006),#1876);
#1879=PRESENTATION_STYLE_ASSIGNMENT((#1878));
#1880=STYLED_ITEM('',(#1879),#1436);
#1881=CIRCLE('',#2688,5.00000000000E-002);
#1882=COLOUR_RGB('',1.00000000000E+000,1.00000000000E+000,1.00000000000E+000);
#1883=DRAUGHTING_PRE_DEFINED_CURVE_FONT('continuous');
#1884=CURVE_STYLE( '',#1883, POSITIVE_LENGTH_MEASURE(1.00000000000E-006),#1882);
#1885=PRESENTATION_STYLE_ASSIGNMENT((#1884));
#1886=STYLED_ITEM('',(#1885),#1437);
#1887=VERTEX_POINT('',#2689);
#1888=VERTEX_POINT('',#2690);
#1889=LINE('',#2691,#2692);
#1890=COLOUR_RGB('',1.00000000000E+000,1.00000000000E+000,1.00000000000E+000);
#1891=DRAUGHTING_PRE_DEFINED_CURVE_FONT('continuous');
#1892=CURVE_STYLE( '',#1891, POSITIVE_LENGTH_MEASURE(1.00000000000E-006),#1890);
#1893=PRESENTATION_STYLE_ASSIGNMENT((#1892));
#1894=STYLED_ITEM('',(#1893),#1438);
#1895=VERTEX_POINT('',#2694);
#1896=LINE('',#2695,#2696);
#1897=COLOUR_RGB('',1.00000000000E+000,1.00000000000E+000,1.00000000000E+000);
#1898=DRAUGHTING_PRE_DEFINED_CURVE_FONT('continuous');
#1899=CURVE_STYLE( '',#1898, POSITIVE_LENGTH_MEASURE(1.00000000000E-006),#1897);
#1900=PRESENTATION_STYLE_ASSIGNMENT((#1899));
#1901=STYLED_ITEM('',(#1900),#1439);
#1902=VERTEX_POINT('',#2698);
#1903=LINE('',#2699,#2700);
#1904=COLOUR_RGB('',1.00000000000E+000,1.00000000000E+000,1.00000000000E+000);
#1905=DRAUGHTING_PRE_DEFINED_CURVE_FONT('continuous');
#1906=CURVE_STYLE( '',#1905, POSITIVE_LENGTH_MEASURE(1.00000000000E-006),#1904);
#1907=PRESENTATION_STYLE_ASSIGNMENT((#1906));
#1908=STYLED_ITEM('',(#1907),#1440);
#1909=LINE('',#2702,#2703);
#1910=COLOUR_RGB('',1.00000000000E+000,1.00000000000E+000,1.00000000000E+000);
#1911=DRAUGHTING_PRE_DEFINED_CURVE_FONT('continuous');
#1912=CURVE_STYLE( '',#1911, POSITIVE_LENGTH_MEASURE(1.00000000000E-006),#1910);
#1913=PRESENTATION_STYLE_ASSIGNMENT((#1912));
#1914=STYLED_ITEM('',(#1913),#1441);
#1915=VERTEX_POINT('',#2705);
#1916=VERTEX_POINT('',#2706);
#1917=LINE('',#2707,#2708);
#1918=COLOUR_RGB('',1.00000000000E+000,1.00000000000E+000,1.00000000000E+000);
#1919=DRAUGHTING_PRE_DEFINED_CURVE_FONT('continuous');
#1920=CURVE_STYLE( '',#1919, POSITIVE_LENGTH_MEASURE(1.00000000000E-006),#1918);
#1921=PRESENTATION_STYLE_ASSIGNMENT((#1920));
#1922=STYLED_ITEM('',(#1921),#1442);
#1923=VERTEX_POINT('',#2710);
#1924=LINE('',#2711,#2712);
#1925=COLOUR_RGB('',1.00000000000E+000,1.00000000000E+000,1.00000000000E+000);
#1926=DRAUGHTING_PRE_DEFINED_CURVE_FONT('continuous');
#1927=CURVE_STYLE( '',#1926, POSITIVE_LENGTH_MEASURE(1.00000000000E-006),#1925);
#1928=PRESENTATION_STYLE_ASSIGNMENT((#1927));
#1929=STYLED_ITEM('',(#1928),#1443);
#1930=VERTEX_POINT('',#2714);
#1931=LINE('',#2715,#2716);
#1932=COLOUR_RGB('',1.00000000000E+000,1.00000000000E+000,1.00000000000E+000);
#1933=DRAUGHTING_PRE_DEFINED_CURVE_FONT('continuous');
#1934=CURVE_STYLE( '',#1933, POSITIVE_LENGTH_MEASURE(1.00000000000E-006),#1932);
#1935=PRESENTATION_STYLE_ASSIGNMENT((#1934));
#1936=STYLED_ITEM('',(#1935),#1444);
#1937=LINE('',#2718,#2719);
#1938=COLOUR_RGB('',1.00000000000E+000,1.00000000000E+000,1.00000000000E+000);
#1939=DRAUGHTING_PRE_DEFINED_CURVE_FONT('continuous');
#1940=CURVE_STYLE( '',#1939, POSITIVE_LENGTH_MEASURE(1.00000000000E-006),#1938);
#1941=PRESENTATION_STYLE_ASSIGNMENT((#1940));
#1942=STYLED_ITEM('',(#1941),#1445);
#1943=VERTEX_POINT('',#2721);
#1944=LINE('',#2722,#2723);
#1945=COLOUR_RGB('',1.00000000000E+000,1.00000000000E+000,1.00000000000E+000);
#1946=DRAUGHTING_PRE_DEFINED_CURVE_FONT('continuous');
#1947=CURVE_STYLE( '',#1946, POSITIVE_LENGTH_MEASURE(1.00000000000E-006),#1945);
#1948=PRESENTATION_STYLE_ASSIGNMENT((#1947));
#1949=STYLED_ITEM('',(#1948),#1446);
#1950=VERTEX_POINT('',#2725);
#1951=LINE('',#2726,#2727);
#1952=COLOUR_RGB('',1.00000000000E+000,1.00000000000E+000,1.00000000000E+000);
#1953=DRAUGHTING_PRE_DEFINED_CURVE_FONT('continuous');
#1954=CURVE_STYLE( '',#1953, POSITIVE_LENGTH_MEASURE(1.00000000000E-006),#1952);
#1955=PRESENTATION_STYLE_ASSIGNMENT((#1954));
#1956=STYLED_ITEM('',(#1955),#1447);
#1957=LINE('',#2729,#2730);
#1958=COLOUR_RGB('',1.00000000000E+000,1.00000000000E+000,1.00000000000E+000);
#1959=DRAUGHTING_PRE_DEFINED_CURVE_FONT('continuous');
#1960=CURVE_STYLE( '',#1959, POSITIVE_LENGTH_MEASURE(1.00000000000E-006),#1958);
#1961=PRESENTATION_STYLE_ASSIGNMENT((#1960));
#1962=STYLED_ITEM('',(#1961),#1448);
#1963=VERTEX_POINT('',#2732);
#1964=VERTEX_POINT('',#2733);
#1965=LINE('',#2734,#2735);
#1966=COLOUR_RGB('',1.00000000000E+000,1.00000000000E+000,1.00000000000E+000);
#1967=DRAUGHTING_PRE_DEFINED_CURVE_FONT('continuous');
#1968=CURVE_STYLE( '',#1967, POSITIVE_LENGTH_MEASURE(1.00000000000E-006),#1966);
#1969=PRESENTATION_STYLE_ASSIGNMENT((#1968));
#1970=STYLED_ITEM('',(#1969),#1449);
#1971=VERTEX_POINT('',#2737);
#1972=LINE('',#2738,#2739);
#1973=COLOUR_RGB('',1.00000000000E+000,1.00000000000E+000,1.00000000000E+000);
#1974=DRAUGHTING_PRE_DEFINED_CURVE_FONT('continuous');
#1975=CURVE_STYLE( '',#1974, POSITIVE_LENGTH_MEASURE(1.00000000000E-006),#1973);
#1976=PRESENTATION_STYLE_ASSIGNMENT((#1975));
#1977=STYLED_ITEM('',(#1976),#1450);
#1978=VERTEX_POINT('',#2741);
#1979=LINE('',#2742,#2743);
#1980=COLOUR_RGB('',1.00000000000E+000,1.00000000000E+000,1.00000000000E+000);
#1981=DRAUGHTING_PRE_DEFINED_CURVE_FONT('continuous');
#1982=CURVE_STYLE( '',#1981, POSITIVE_LENGTH_MEASURE(1.00000000000E-006),#1980);
#1983=PRESENTATION_STYLE_ASSIGNMENT((#1982));
#1984=STYLED_ITEM('',(#1983),#1451);
#1985=LINE('',#2745,#2746);
#1986=COLOUR_RGB('',1.00000000000E+000,1.00000000000E+000,1.00000000000E+000);
#1987=DRAUGHTING_PRE_DEFINED_CURVE_FONT('continuous');
#1988=CURVE_STYLE( '',#1987, POSITIVE_LENGTH_MEASURE(1.00000000000E-006),#1986);
#1989=PRESENTATION_STYLE_ASSIGNMENT((#1988));
#1990=STYLED_ITEM('',(#1989),#1452);
#1991=VERTEX_POINT('',#2748);
#1992=VERTEX_POINT('',#2749);
#1993=LINE('',#2750,#2751);
#1994=COLOUR_RGB('',1.00000000000E+000,1.00000000000E+000,1.00000000000E+000);
#1995=DRAUGHTING_PRE_DEFINED_CURVE_FONT('continuous');
#1996=CURVE_STYLE( '',#1995, POSITIVE_LENGTH_MEASURE(1.00000000000E-006),#1994);
#1997=PRESENTATION_STYLE_ASSIGNMENT((#1996));
#1998=STYLED_ITEM('',(#1997),#1453);
#1999=VERTEX_POINT('',#2753);
#2000=LINE('',#2754,#2755);
#2001=COLOUR_RGB('',1.00000000000E+000,1.00000000000E+000,1.00000000000E+000);
#2002=DRAUGHTING_PRE_DEFINED_CURVE_FONT('continuous');
#2003=CURVE_STYLE( '',#2002, POSITIVE_LENGTH_MEASURE(1.00000000000E-006),#2001);
#2004=PRESENTATION_STYLE_ASSIGNMENT((#2003));
#2005=STYLED_ITEM('',(#2004),#1454);
#2006=VERTEX_POINT('',#2757);
#2007=LINE('',#2758,#2759);
#2008=COLOUR_RGB('',1.00000000000E+000,1.00000000000E+000,1.00000000000E+000);
#2009=DRAUGHTING_PRE_DEFINED_CURVE_FONT('continuous');
#2010=CURVE_STYLE( '',#2009, POSITIVE_LENGTH_MEASURE(1.00000000000E-006),#2008);
#2011=PRESENTATION_STYLE_ASSIGNMENT((#2010));
#2012=STYLED_ITEM('',(#2011),#1455);
#2013=LINE('',#2761,#2762);
#2014=COLOUR_RGB('',1.00000000000E+000,1.00000000000E+000,1.00000000000E+000);
#2015=DRAUGHTING_PRE_DEFINED_CURVE_FONT('continuous');
#2016=CURVE_STYLE( '',#2015, POSITIVE_LENGTH_MEASURE(1.00000000000E-006),#2014);
#2017=PRESENTATION_STYLE_ASSIGNMENT((#2016));
#2018=STYLED_ITEM('',(#2017),#1456);
#2019=VERTEX_POINT('',#2764);
#2020=LINE('',#2765,#2766);
#2021=COLOUR_RGB('',1.00000000000E+000,1.00000000000E+000,1.00000000000E+000);
#2022=DRAUGHTING_PRE_DEFINED_CURVE_FONT('continuous');
#2023=CURVE_STYLE( '',#2022, POSITIVE_LENGTH_MEASURE(1.00000000000E-006),#2021);
#2024=PRESENTATION_STYLE_ASSIGNMENT((#2023));
#2025=STYLED_ITEM('',(#2024),#1457);
#2026=VERTEX_POINT('',#2768);
#2027=LINE('',#2769,#2770);
#2028=COLOUR_RGB('',1.00000000000E+000,1.00000000000E+000,1.00000000000E+000);
#2029=DRAUGHTING_PRE_DEFINED_CURVE_FONT('continuous');
#2030=CURVE_STYLE( '',#2029, POSITIVE_LENGTH_MEASURE(1.00000000000E-006),#2028);
#2031=PRESENTATION_STYLE_ASSIGNMENT((#2030));
#2032=STYLED_ITEM('',(#2031),#1458);
#2033=LINE('',#2772,#2773);
#2034=COLOUR_RGB('',1.00000000000E+000,1.00000000000E+000,1.00000000000E+000);
#2035=DRAUGHTING_PRE_DEFINED_CURVE_FONT('continuous');
#2036=CURVE_STYLE( '',#2035, POSITIVE_LENGTH_MEASURE(1.00000000000E-006),#2034);
#2037=PRESENTATION_STYLE_ASSIGNMENT((#2036));
#2038=STYLED_ITEM('',(#2037),#1459);
#2039=VERTEX_POINT('',#2775);
#2040=LINE('',#2776,#2777);
#2041=COLOUR_RGB('',1.00000000000E+000,1.00000000000E+000,1.00000000000E+000);
#2042=DRAUGHTING_PRE_DEFINED_CURVE_FONT('continuous');
#2043=CURVE_STYLE( '',#2042, POSITIVE_LENGTH_MEASURE(1.00000000000E-006),#2041);
#2044=PRESENTATION_STYLE_ASSIGNMENT((#2043));
#2045=STYLED_ITEM('',(#2044),#1460);
#2046=VERTEX_POINT('',#2779);
#2047=LINE('',#2780,#2781);
#2048=COLOUR_RGB('',1.00000000000E+000,1.00000000000E+000,1.00000000000E+000);
#2049=DRAUGHTING_PRE_DEFINED_CURVE_FONT('continuous');
#2050=CURVE_STYLE( '',#2049, POSITIVE_LENGTH_MEASURE(1.00000000000E-006),#2048);
#2051=PRESENTATION_STYLE_ASSIGNMENT((#2050));
#2052=STYLED_ITEM('',(#2051),#1461);
#2053=LINE('',#2783,#2784);
#2054=COLOUR_RGB('',1.00000000000E+000,1.00000000000E+000,1.00000000000E+000);
#2055=DRAUGHTING_PRE_DEFINED_CURVE_FONT('continuous');
#2056=CURVE_STYLE( '',#2055, POSITIVE_LENGTH_MEASURE(1.00000000000E-006),#2054);
#2057=PRESENTATION_STYLE_ASSIGNMENT((#2056));
#2058=STYLED_ITEM('',(#2057),#1462);
#2059=VERTEX_POINT('',#2786);
#2060=LINE('',#2787,#2788);
#2061=COLOUR_RGB('',1.00000000000E+000,1.00000000000E+000,1.00000000000E+000);
#2062=DRAUGHTING_PRE_DEFINED_CURVE_FONT('continuous');
#2063=CURVE_STYLE( '',#2062, POSITIVE_LENGTH_MEASURE(1.00000000000E-006),#2061);
#2064=PRESENTATION_STYLE_ASSIGNMENT((#2063));
#2065=STYLED_ITEM('',(#2064),#1463);
#2066=VERTEX_POINT('',#2790);
#2067=LINE('',#2791,#2792);
#2068=COLOUR_RGB('',1.00000000000E+000,1.00000000000E+000,1.00000000000E+000);
#2069=DRAUGHTING_PRE_DEFINED_CURVE_FONT('continuous');
#2070=CURVE_STYLE( '',#2069, POSITIVE_LENGTH_MEASURE(1.00000000000E-006),#2068);
#2071=PRESENTATION_STYLE_ASSIGNMENT((#2070));
#2072=STYLED_ITEM('',(#2071),#1464);
#2073=VERTEX_POINT('',#2794);
#2074=LINE('',#2795,#2796);
#2075=COLOUR_RGB('',1.00000000000E+000,1.00000000000E+000,1.00000000000E+000);
#2076=DRAUGHTING_PRE_DEFINED_CURVE_FONT('continuous');
#2077=CURVE_STYLE( '',#2076, POSITIVE_LENGTH_MEASURE(1.00000000000E-006),#2075);
#2078=PRESENTATION_STYLE_ASSIGNMENT((#2077));
#2079=STYLED_ITEM('',(#2078),#1465);
#2080=VERTEX_POINT('',#2798);
#2081=LINE('',#2799,#2800);
#2082=COLOUR_RGB('',1.00000000000E+000,1.00000000000E+000,1.00000000000E+000);
#2083=DRAUGHTING_PRE_DEFINED_CURVE_FONT('continuous');
#2084=CURVE_STYLE( '',#2083, POSITIVE_LENGTH_MEASURE(1.00000000000E-006),#2082);
#2085=PRESENTATION_STYLE_ASSIGNMENT((#2084));
#2086=STYLED_ITEM('',(#2085),#1466);
#2087=VERTEX_POINT('',#2802);
#2088=LINE('',#2803,#2804);
#2089=COLOUR_RGB('',1.00000000000E+000,1.00000000000E+000,1.00000000000E+000);
#2090=DRAUGHTING_PRE_DEFINED_CURVE_FONT('continuous');
#2091=CURVE_STYLE( '',#2090, POSITIVE_LENGTH_MEASURE(1.00000000000E-006),#2089);
#2092=PRESENTATION_STYLE_ASSIGNMENT((#2091));
#2093=STYLED_ITEM('',(#2092),#1467);
#2094=LINE('',#2806,#2807);
#2095=COLOUR_RGB('',1.00000000000E+000,1.00000000000E+000,1.00000000000E+000);
#2096=DRAUGHTING_PRE_DEFINED_CURVE_FONT('continuous');
#2097=CURVE_STYLE( '',#2096, POSITIVE_LENGTH_MEASURE(1.00000000000E-006),#2095);
#2098=PRESENTATION_STYLE_ASSIGNMENT((#2097));
#2099=STYLED_ITEM('',(#2098),#1468);
#2100=VERTEX_POINT('',#2809);
#2101=LINE('',#2810,#2811);
#2102=COLOUR_RGB('',1.00000000000E+000,1.00000000000E+000,1.00000000000E+000);
#2103=DRAUGHTING_PRE_DEFINED_CURVE_FONT('continuous');
#2104=CURVE_STYLE( '',#2103, POSITIVE_LENGTH_MEASURE(1.00000000000E-006),#2102);
#2105=PRESENTATION_STYLE_ASSIGNMENT((#2104));
#2106=STYLED_ITEM('',(#2105),#1469);
#2107=VERTEX_POINT('',#2813);
#2108=LINE('',#2814,#2815);
#2109=COLOUR_RGB('',1.00000000000E+000,1.00000000000E+000,1.00000000000E+000);
#2110=DRAUGHTING_PRE_DEFINED_CURVE_FONT('continuous');
#2111=CURVE_STYLE( '',#2110, POSITIVE_LENGTH_MEASURE(1.00000000000E-006),#2109);
#2112=PRESENTATION_STYLE_ASSIGNMENT((#2111));
#2113=STYLED_ITEM('',(#2112),#1470);
#2114=LINE('',#2817,#2818);
#2115=COLOUR_RGB('',1.00000000000E+000,1.00000000000E+000,1.00000000000E+000);
#2116=DRAUGHTING_PRE_DEFINED_CURVE_FONT('continuous');
#2117=CURVE_STYLE( '',#2116, POSITIVE_LENGTH_MEASURE(1.00000000000E-006),#2115);
#2118=PRESENTATION_STYLE_ASSIGNMENT((#2117));
#2119=STYLED_ITEM('',(#2118),#1471);
#2120=LINE('',#2820,#2821);
#2121=COLOUR_RGB('',1.00000000000E+000,1.00000000000E+000,1.00000000000E+000);
#2122=DRAUGHTING_PRE_DEFINED_CURVE_FONT('continuous');
#2123=CURVE_STYLE( '',#2122, POSITIVE_LENGTH_MEASURE(1.00000000000E-006),#2121);
#2124=PRESENTATION_STYLE_ASSIGNMENT((#2123));
#2125=STYLED_ITEM('',(#2124),#1472);
#2126=LINE('',#2823,#2824);
#2127=COLOUR_RGB('',1.00000000000E+000,1.00000000000E+000,1.00000000000E+000);
#2128=DRAUGHTING_PRE_DEFINED_CURVE_FONT('continuous');
#2129=CURVE_STYLE( '',#2128, POSITIVE_LENGTH_MEASURE(1.00000000000E-006),#2127);
#2130=PRESENTATION_STYLE_ASSIGNMENT((#2129));
#2131=STYLED_ITEM('',(#2130),#1473);
#2132=VERTEX_POINT('',#2826);
#2133=LINE('',#2827,#2828);
#2134=COLOUR_RGB('',1.00000000000E+000,1.00000000000E+000,1.00000000000E+000);
#2135=DRAUGHTING_PRE_DEFINED_CURVE_FONT('continuous');
#2136=CURVE_STYLE( '',#2135, POSITIVE_LENGTH_MEASURE(1.00000000000E-006),#2134);
#2137=PRESENTATION_STYLE_ASSIGNMENT((#2136));
#2138=STYLED_ITEM('',(#2137),#1474);
#2139=LINE('',#2830,#2831);
#2140=COLOUR_RGB('',1.00000000000E+000,1.00000000000E+000,1.00000000000E+000);
#2141=DRAUGHTING_PRE_DEFINED_CURVE_FONT('continuous');
#2142=CURVE_STYLE( '',#2141, POSITIVE_LENGTH_MEASURE(1.00000000000E-006),#2140);
#2143=PRESENTATION_STYLE_ASSIGNMENT((#2142));
#2144=STYLED_ITEM('',(#2143),#1475);
#2145=VERTEX_POINT('',#2833);
#2146=LINE('',#2834,#2835);
#2147=COLOUR_RGB('',1.00000000000E+000,1.00000000000E+000,1.00000000000E+000);
#2148=DRAUGHTING_PRE_DEFINED_CURVE_FONT('continuous');
#2149=CURVE_STYLE( '',#2148, POSITIVE_LENGTH_MEASURE(1.00000000000E-006),#2147);
#2150=PRESENTATION_STYLE_ASSIGNMENT((#2149));
#2151=STYLED_ITEM('',(#2150),#1476);
#2152=VERTEX_POINT('',#2837);
#2153=LINE('',#2838,#2839);
#2154=COLOUR_RGB('',1.00000000000E+000,1.00000000000E+000,1.00000000000E+000);
#2155=DRAUGHTING_PRE_DEFINED_CURVE_FONT('continuous');
#2156=CURVE_STYLE( '',#2155, POSITIVE_LENGTH_MEASURE(1.00000000000E-006),#2154);
#2157=PRESENTATION_STYLE_ASSIGNMENT((#2156));
#2158=STYLED_ITEM('',(#2157),#1477);
#2159=LINE('',#2841,#2842);
#2160=COLOUR_RGB('',1.00000000000E+000,1.00000000000E+000,1.00000000000E+000);
#2161=DRAUGHTING_PRE_DEFINED_CURVE_FONT('continuous');
#2162=CURVE_STYLE( '',#2161, POSITIVE_LENGTH_MEASURE(1.00000000000E-006),#2160);
#2163=PRESENTATION_STYLE_ASSIGNMENT((#2162));
#2164=STYLED_ITEM('',(#2163),#1478);
#2165=VERTEX_POINT('',#2844);
#2166=LINE('',#2845,#2846);
#2167=COLOUR_RGB('',1.00000000000E+000,1.00000000000E+000,1.00000000000E+000);
#2168=DRAUGHTING_PRE_DEFINED_CURVE_FONT('continuous');
#2169=CURVE_STYLE( '',#2168, POSITIVE_LENGTH_MEASURE(1.00000000000E-006),#2167);
#2170=PRESENTATION_STYLE_ASSIGNMENT((#2169));
#2171=STYLED_ITEM('',(#2170),#1479);
#2172=VERTEX_POINT('',#2848);
#2173=CIRCLE('',#2852,5.00000000000E-002);
#2174=COLOUR_RGB('',1.00000000000E+000,1.00000000000E+000,1.00000000000E+000);
#2175=DRAUGHTING_PRE_DEFINED_CURVE_FONT('continuous');
#2176=CURVE_STYLE( '',#2175, POSITIVE_LENGTH_MEASURE(1.00000000000E-006),#2174);
#2177=PRESENTATION_STYLE_ASSIGNMENT((#2176));
#2178=STYLED_ITEM('',(#2177),#1480);
#2179=VERTEX_POINT('',#2853);
#2180=LINE('',#2854,#2855);
#2181=COLOUR_RGB('',1.00000000000E+000,1.00000000000E+000,1.00000000000E+000);
#2182=DRAUGHTING_PRE_DEFINED_CURVE_FONT('continuous');
#2183=CURVE_STYLE( '',#2182, POSITIVE_LENGTH_MEASURE(1.00000000000E-006),#2181);
#2184=PRESENTATION_STYLE_ASSIGNMENT((#2183));
#2185=STYLED_ITEM('',(#2184),#1481);
#2186=VERTEX_POINT('',#2857);
#2187=CIRCLE('',#2861,5.00000000000E-002);
#2188=COLOUR_RGB('',1.00000000000E+000,1.00000000000E+000,1.00000000000E+000);
#2189=DRAUGHTING_PRE_DEFINED_CURVE_FONT('continuous');
#2190=CURVE_STYLE( '',#2189, POSITIVE_LENGTH_MEASURE(1.00000000000E-006),#2188);
#2191=PRESENTATION_STYLE_ASSIGNMENT((#2190));
#2192=STYLED_ITEM('',(#2191),#1482);
#2193=LINE('',#2862,#2863);
#2194=COLOUR_RGB('',1.00000000000E+000,1.00000000000E+000,1.00000000000E+000);
#2195=DRAUGHTING_PRE_DEFINED_CURVE_FONT('continuous');
#2196=CURVE_STYLE( '',#2195, POSITIVE_LENGTH_MEASURE(1.00000000000E-006),#2194);
#2197=PRESENTATION_STYLE_ASSIGNMENT((#2196));
#2198=STYLED_ITEM('',(#2197),#1483);
#2199=VERTEX_POINT('',#2865);
#2200=LINE('',#2866,#2867);
#2201=COLOUR_RGB('',1.00000000000E+000,1.00000000000E+000,1.00000000000E+000);
#2202=DRAUGHTING_PRE_DEFINED_CURVE_FONT('continuous');
#2203=CURVE_STYLE( '',#2202, POSITIVE_LENGTH_MEASURE(1.00000000000E-006),#2201);
#2204=PRESENTATION_STYLE_ASSIGNMENT((#2203));
#2205=STYLED_ITEM('',(#2204),#1484);
#2206=VERTEX_POINT('',#2869);
#2207=CIRCLE('',#2873,5.00000000000E-002);
#2208=COLOUR_RGB('',1.00000000000E+000,1.00000000000E+000,1.00000000000E+000);
#2209=DRAUGHTING_PRE_DEFINED_CURVE_FONT('continuous');
#2210=CURVE_STYLE( '',#2209, POSITIVE_LENGTH_MEASURE(1.00000000000E-006),#2208);
#2211=PRESENTATION_STYLE_ASSIGNMENT((#2210));
#2212=STYLED_ITEM('',(#2211),#1485);
#2213=VERTEX_POINT('',#2874);
#2214=LINE('',#2875,#2876);
#2215=COLOUR_RGB('',1.00000000000E+000,1.00000000000E+000,1.00000000000E+000);
#2216=DRAUGHTING_PRE_DEFINED_CURVE_FONT('continuous');
#2217=CURVE_STYLE( '',#2216, POSITIVE_LENGTH_MEASURE(1.00000000000E-006),#2215);
#2218=PRESENTATION_STYLE_ASSIGNMENT((#2217));
#2219=STYLED_ITEM('',(#2218),#1486);
#2220=VERTEX_POINT('',#2878);
#2221=CIRCLE('',#2882,5.00000000000E-002);
#2222=COLOUR_RGB('',1.00000000000E+000,1.00000000000E+000,1.00000000000E+000);
#2223=DRAUGHTING_PRE_DEFINED_CURVE_FONT('continuous');
#2224=CURVE_STYLE( '',#2223, POSITIVE_LENGTH_MEASURE(1.00000000000E-006),#2222);
#2225=PRESENTATION_STYLE_ASSIGNMENT((#2224));
#2226=STYLED_ITEM('',(#2225),#1487);
#2227=VERTEX_POINT('',#2883);
#2228=LINE('',#2884,#2885);
#2229=COLOUR_RGB('',1.00000000000E+000,1.00000000000E+000,1.00000000000E+000);
#2230=DRAUGHTING_PRE_DEFINED_CURVE_FONT('continuous');
#2231=CURVE_STYLE( '',#2230, POSITIVE_LENGTH_MEASURE(1.00000000000E-006),#2229);
#2232=PRESENTATION_STYLE_ASSIGNMENT((#2231));
#2233=STYLED_ITEM('',(#2232),#1488);
#2234=VERTEX_POINT('',#2887);
#2235=LINE('',#2888,#2889);
#2236=COLOUR_RGB('',1.00000000000E+000,1.00000000000E+000,1.00000000000E+000);
#2237=DRAUGHTING_PRE_DEFINED_CURVE_FONT('continuous');
#2238=CURVE_STYLE( '',#2237, POSITIVE_LENGTH_MEASURE(1.00000000000E-006),#2236);
#2239=PRESENTATION_STYLE_ASSIGNMENT((#2238));
#2240=STYLED_ITEM('',(#2239),#1489);
#2241=LINE('',#2891,#2892);
#2242=COLOUR_RGB('',1.00000000000E+000,1.00000000000E+000,1.00000000000E+000);
#2243=DRAUGHTING_PRE_DEFINED_CURVE_FONT('continuous');
#2244=CURVE_STYLE( '',#2243, POSITIVE_LENGTH_MEASURE(1.00000000000E-006),#2242);
#2245=PRESENTATION_STYLE_ASSIGNMENT((#2244));
#2246=STYLED_ITEM('',(#2245),#1490);
#2247=VERTEX_POINT('',#2894);
#2248=LINE('',#2895,#2896);
#2249=COLOUR_RGB('',1.00000000000E+000,1.00000000000E+000,1.00000000000E+000);
#2250=DRAUGHTING_PRE_DEFINED_CURVE_FONT('continuous');
#2251=CURVE_STYLE( '',#2250, POSITIVE_LENGTH_MEASURE(1.00000000000E-006),#2249);
#2252=PRESENTATION_STYLE_ASSIGNMENT((#2251));
#2253=STYLED_ITEM('',(#2252),#1491);
#2254=VERTEX_POINT('',#2898);
#2255=CIRCLE('',#2902,5.00000000000E-002);
#2256=COLOUR_RGB('',1.00000000000E+000,1.00000000000E+000,1.00000000000E+000);
#2257=DRAUGHTING_PRE_DEFINED_CURVE_FONT('continuous');
#2258=CURVE_STYLE( '',#2257, POSITIVE_LENGTH_MEASURE(1.00000000000E-006),#2256);
#2259=PRESENTATION_STYLE_ASSIGNMENT((#2258));
#2260=STYLED_ITEM('',(#2259),#1492);
#2261=VERTEX_POINT('',#2903);
#2262=LINE('',#2904,#2905);
#2263=COLOUR_RGB('',1.00000000000E+000,1.00000000000E+000,1.00000000000E+000);
#2264=DRAUGHTING_PRE_DEFINED_CURVE_FONT('continuous');
#2265=CURVE_STYLE( '',#2264, POSITIVE_LENGTH_MEASURE(1.00000000000E-006),#2263);
#2266=PRESENTATION_STYLE_ASSIGNMENT((#2265));
#2267=STYLED_ITEM('',(#2266),#1493);
#2268=VERTEX_POINT('',#2907);
#2269=CIRCLE('',#2911,5.00000000000E-002);
#2270=COLOUR_RGB('',1.00000000000E+000,1.00000000000E+000,1.00000000000E+000);
#2271=DRAUGHTING_PRE_DEFINED_CURVE_FONT('continuous');
#2272=CURVE_STYLE( '',#2271, POSITIVE_LENGTH_MEASURE(1.00000000000E-006),#2270);
#2273=PRESENTATION_STYLE_ASSIGNMENT((#2272));
#2274=STYLED_ITEM('',(#2273),#1494);
#2275=LINE('',#2912,#2913);
#2276=COLOUR_RGB('',1.00000000000E+000,1.00000000000E+000,1.00000000000E+000);
#2277=DRAUGHTING_PRE_DEFINED_CURVE_FONT('continuous');
#2278=CURVE_STYLE( '',#2277, POSITIVE_LENGTH_MEASURE(1.00000000000E-006),#2276);
#2279=PRESENTATION_STYLE_ASSIGNMENT((#2278));
#2280=STYLED_ITEM('',(#2279),#1495);
#2281=LINE('',#2915,#2916);
#2282=COLOUR_RGB('',1.00000000000E+000,1.00000000000E+000,1.00000000000E+000);
#2283=DRAUGHTING_PRE_DEFINED_CURVE_FONT('continuous');
#2284=CURVE_STYLE( '',#2283, POSITIVE_LENGTH_MEASURE(1.00000000000E-006),#2282);
#2285=PRESENTATION_STYLE_ASSIGNMENT((#2284));
#2286=STYLED_ITEM('',(#2285),#1496);
#2287=LINE('',#2918,#2919);
#2288=COLOUR_RGB('',1.00000000000E+000,1.00000000000E+000,1.00000000000E+000);
#2289=DRAUGHTING_PRE_DEFINED_CURVE_FONT('continuous');
#2290=CURVE_STYLE( '',#2289, POSITIVE_LENGTH_MEASURE(1.00000000000E-006),#2288);
#2291=PRESENTATION_STYLE_ASSIGNMENT((#2290));
#2292=STYLED_ITEM('',(#2291),#1497);
#2293=LINE('',#2921,#2922);
#2294=COLOUR_RGB('',1.00000000000E+000,1.00000000000E+000,1.00000000000E+000);
#2295=DRAUGHTING_PRE_DEFINED_CURVE_FONT('continuous');
#2296=CURVE_STYLE( '',#2295, POSITIVE_LENGTH_MEASURE(1.00000000000E-006),#2294);
#2297=PRESENTATION_STYLE_ASSIGNMENT((#2296));
#2298=STYLED_ITEM('',(#2297),#1498);
#2299=VERTEX_POINT('',#2924);
#2300=LINE('',#2925,#2926);
#2301=COLOUR_RGB('',1.00000000000E+000,1.00000000000E+000,1.00000000000E+000);
#2302=DRAUGHTING_PRE_DEFINED_CURVE_FONT('continuous');
#2303=CURVE_STYLE( '',#2302, POSITIVE_LENGTH_MEASURE(1.00000000000E-006),#2301);
#2304=PRESENTATION_STYLE_ASSIGNMENT((#2303));
#2305=STYLED_ITEM('',(#2304),#1499);
#2306=LINE('',#2928,#2929);
#2307=COLOUR_RGB('',1.00000000000E+000,1.00000000000E+000,1.00000000000E+000);
#2308=DRAUGHTING_PRE_DEFINED_CURVE_FONT('continuous');
#2309=CURVE_STYLE( '',#2308, POSITIVE_LENGTH_MEASURE(1.00000000000E-006),#2307);
#2310=PRESENTATION_STYLE_ASSIGNMENT((#2309));
#2311=STYLED_ITEM('',(#2310),#1500);
#2312=VERTEX_POINT('',#2931);
#2313=LINE('',#2932,#2933);
#2314=COLOUR_RGB('',1.00000000000E+000,1.00000000000E+000,1.00000000000E+000);
#2315=DRAUGHTING_PRE_DEFINED_CURVE_FONT('continuous');
#2316=CURVE_STYLE( '',#2315, POSITIVE_LENGTH_MEASURE(1.00000000000E-006),#2314);
#2317=PRESENTATION_STYLE_ASSIGNMENT((#2316));
#2318=STYLED_ITEM('',(#2317),#1501);
#2319=CIRCLE('',#2938,5.00000000000E-002);
#2320=COLOUR_RGB('',1.00000000000E+000,1.00000000000E+000,1.00000000000E+000);
#2321=DRAUGHTING_PRE_DEFINED_CURVE_FONT('continuous');
#2322=CURVE_STYLE( '',#2321, POSITIVE_LENGTH_MEASURE(1.00000000000E-006),#2320);
#2323=PRESENTATION_STYLE_ASSIGNMENT((#2322));
#2324=STYLED_ITEM('',(#2323),#1502);
#2325=VERTEX_POINT('',#2939);
#2326=LINE('',#2940,#2941);
#2327=COLOUR_RGB('',1.00000000000E+000,1.00000000000E+000,1.00000000000E+000);
#2328=DRAUGHTING_PRE_DEFINED_CURVE_FONT('continuous');
#2329=CURVE_STYLE( '',#2328, POSITIVE_LENGTH_MEASURE(1.00000000000E-006),#2327);
#2330=PRESENTATION_STYLE_ASSIGNMENT((#2329));
#2331=STYLED_ITEM('',(#2330),#1503);
#2332=LINE('',#2943,#2944);
#2333=COLOUR_RGB('',1.00000000000E+000,1.00000000000E+000,1.00000000000E+000);
#2334=DRAUGHTING_PRE_DEFINED_CURVE_FONT('continuous');
#2335=CURVE_STYLE( '',#2334, POSITIVE_LENGTH_MEASURE(1.00000000000E-006),#2333);
#2336=PRESENTATION_STYLE_ASSIGNMENT((#2335));
#2337=STYLED_ITEM('',(#2336),#1504);
#2338=VERTEX_POINT('',#2946);
#2339=LINE('',#2947,#2948);
#2340=COLOUR_RGB('',1.00000000000E+000,1.00000000000E+000,1.00000000000E+000);
#2341=DRAUGHTING_PRE_DEFINED_CURVE_FONT('continuous');
#2342=CURVE_STYLE( '',#2341, POSITIVE_LENGTH_MEASURE(1.00000000000E-006),#2340);
#2343=PRESENTATION_STYLE_ASSIGNMENT((#2342));
#2344=STYLED_ITEM('',(#2343),#1505);
#2345=CIRCLE('',#2953,5.00000000000E-002);
#2346=COLOUR_RGB('',1.00000000000E+000,1.00000000000E+000,1.00000000000E+000);
#2347=DRAUGHTING_PRE_DEFINED_CURVE_FONT('continuous');
#2348=CURVE_STYLE( '',#2347, POSITIVE_LENGTH_MEASURE(1.00000000000E-006),#2346);
#2349=PRESENTATION_STYLE_ASSIGNMENT((#2348));
#2350=STYLED_ITEM('',(#2349),#1506);
#2351=LINE('',#2954,#2955);
#2352=COLOUR_RGB('',1.00000000000E+000,1.00000000000E+000,1.00000000000E+000);
#2353=DRAUGHTING_PRE_DEFINED_CURVE_FONT('continuous');
#2354=CURVE_STYLE( '',#2353, POSITIVE_LENGTH_MEASURE(1.00000000000E-006),#2352);
#2355=PRESENTATION_STYLE_ASSIGNMENT((#2354));
#2356=STYLED_ITEM('',(#2355),#1507);
#2357=VERTEX_POINT('',#2957);
#2358=LINE('',#2958,#2959);
#2359=COLOUR_RGB('',1.00000000000E+000,1.00000000000E+000,1.00000000000E+000);
#2360=DRAUGHTING_PRE_DEFINED_CURVE_FONT('continuous');
#2361=CURVE_STYLE( '',#2360, POSITIVE_LENGTH_MEASURE(1.00000000000E-006),#2359);
#2362=PRESENTATION_STYLE_ASSIGNMENT((#2361));
#2363=STYLED_ITEM('',(#2362),#1508);
#2364=LINE('',#2961,#2962);
#2365=COLOUR_RGB('',1.00000000000E+000,1.00000000000E+000,1.00000000000E+000);
#2366=DRAUGHTING_PRE_DEFINED_CURVE_FONT('continuous');
#2367=CURVE_STYLE( '',#2366, POSITIVE_LENGTH_MEASURE(1.00000000000E-006),#2365);
#2368=PRESENTATION_STYLE_ASSIGNMENT((#2367));
#2369=STYLED_ITEM('',(#2368),#1509);
#2370=VERTEX_POINT('',#2964);
#2371=LINE('',#2965,#2966);
#2372=COLOUR_RGB('',1.00000000000E+000,1.00000000000E+000,1.00000000000E+000);
#2373=DRAUGHTING_PRE_DEFINED_CURVE_FONT('continuous');
#2374=CURVE_STYLE( '',#2373, POSITIVE_LENGTH_MEASURE(1.00000000000E-006),#2372);
#2375=PRESENTATION_STYLE_ASSIGNMENT((#2374));
#2376=STYLED_ITEM('',(#2375),#1510);
#2377=CIRCLE('',#2971,5.00000000000E-002);
#2378=COLOUR_RGB('',1.00000000000E+000,1.00000000000E+000,1.00000000000E+000);
#2379=DRAUGHTING_PRE_DEFINED_CURVE_FONT('continuous');
#2380=CURVE_STYLE( '',#2379, POSITIVE_LENGTH_MEASURE(1.00000000000E-006),#2378);
#2381=PRESENTATION_STYLE_ASSIGNMENT((#2380));
#2382=STYLED_ITEM('',(#2381),#1511);
#2383=VERTEX_POINT('',#2972);
#2384=LINE('',#2973,#2974);
#2385=COLOUR_RGB('',1.00000000000E+000,1.00000000000E+000,1.00000000000E+000);
#2386=DRAUGHTING_PRE_DEFINED_CURVE_FONT('continuous');
#2387=CURVE_STYLE( '',#2386, POSITIVE_LENGTH_MEASURE(1.00000000000E-006),#2385);
#2388=PRESENTATION_STYLE_ASSIGNMENT((#2387));
#2389=STYLED_ITEM('',(#2388),#1512);
#2390=LINE('',#2976,#2977);
#2391=COLOUR_RGB('',1.00000000000E+000,1.00000000000E+000,1.00000000000E+000);
#2392=DRAUGHTING_PRE_DEFINED_CURVE_FONT('continuous');
#2393=CURVE_STYLE( '',#2392, POSITIVE_LENGTH_MEASURE(1.00000000000E-006),#2391);
#2394=PRESENTATION_STYLE_ASSIGNMENT((#2393));
#2395=STYLED_ITEM('',(#2394),#1513);
#2396=VERTEX_POINT('',#2979);
#2397=LINE('',#2980,#2981);
#2398=COLOUR_RGB('',1.00000000000E+000,1.00000000000E+000,1.00000000000E+000);
#2399=DRAUGHTING_PRE_DEFINED_CURVE_FONT('continuous');
#2400=CURVE_STYLE( '',#2399, POSITIVE_LENGTH_MEASURE(1.00000000000E-006),#2398);
#2401=PRESENTATION_STYLE_ASSIGNMENT((#2400));
#2402=STYLED_ITEM('',(#2401),#1514);
#2403=CIRCLE('',#2986,5.00000000000E-002);
#2404=COLOUR_RGB('',1.00000000000E+000,1.00000000000E+000,1.00000000000E+000);
#2405=DRAUGHTING_PRE_DEFINED_CURVE_FONT('continuous');
#2406=CURVE_STYLE( '',#2405, POSITIVE_LENGTH_MEASURE(1.00000000000E-006),#2404);
#2407=PRESENTATION_STYLE_ASSIGNMENT((#2406));
#2408=STYLED_ITEM('',(#2407),#1515);
#2409=LINE('',#2987,#2988);
#2410=COLOUR_RGB('',1.00000000000E+000,1.00000000000E+000,1.00000000000E+000);
#2411=DRAUGHTING_PRE_DEFINED_CURVE_FONT('continuous');
#2412=CURVE_STYLE( '',#2411, POSITIVE_LENGTH_MEASURE(1.00000000000E-006),#2410);
#2413=PRESENTATION_STYLE_ASSIGNMENT((#2412));
#2414=STYLED_ITEM('',(#2413),#1516);
#2415=VERTEX_POINT('',#2990);
#2416=LINE('',#2991,#2992);
#2417=COLOUR_RGB('',1.00000000000E+000,1.00000000000E+000,1.00000000000E+000);
#2418=DRAUGHTING_PRE_DEFINED_CURVE_FONT('continuous');
#2419=CURVE_STYLE( '',#2418, POSITIVE_LENGTH_MEASURE(1.00000000000E-006),#2417);
#2420=PRESENTATION_STYLE_ASSIGNMENT((#2419));
#2421=STYLED_ITEM('',(#2420),#1517);
#2422=LINE('',#2994,#2995);
#2423=COLOUR_RGB('',1.00000000000E+000,1.00000000000E+000,1.00000000000E+000);
#2424=DRAUGHTING_PRE_DEFINED_CURVE_FONT('continuous');
#2425=CURVE_STYLE( '',#2424, POSITIVE_LENGTH_MEASURE(1.00000000000E-006),#2423);
#2426=PRESENTATION_STYLE_ASSIGNMENT((#2425));
#2427=STYLED_ITEM('',(#2426),#1518);
#2428=VERTEX_POINT('',#2997);
#2429=LINE('',#2998,#2999);
#2430=COLOUR_RGB('',1.00000000000E+000,1.00000000000E+000,1.00000000000E+000);
#2431=DRAUGHTING_PRE_DEFINED_CURVE_FONT('continuous');
#2432=CURVE_STYLE( '',#2431, POSITIVE_LENGTH_MEASURE(1.00000000000E-006),#2430);
#2433=PRESENTATION_STYLE_ASSIGNMENT((#2432));
#2434=STYLED_ITEM('',(#2433),#1519);
#2435=LINE('',#3001,#3002);
#2436=COLOUR_RGB('',1.00000000000E+000,1.00000000000E+000,1.00000000000E+000);
#2437=DRAUGHTING_PRE_DEFINED_CURVE_FONT('continuous');
#2438=CURVE_STYLE( '',#2437, POSITIVE_LENGTH_MEASURE(1.00000000000E-006),#2436);
#2439=PRESENTATION_STYLE_ASSIGNMENT((#2438));
#2440=STYLED_ITEM('',(#2439),#1520);
#2441=VERTEX_POINT('',#3004);
#2442=LINE('',#3005,#3006);
#2443=COLOUR_RGB('',1.00000000000E+000,1.00000000000E+000,1.00000000000E+000);
#2444=DRAUGHTING_PRE_DEFINED_CURVE_FONT('continuous');
#2445=CURVE_STYLE( '',#2444, POSITIVE_LENGTH_MEASURE(1.00000000000E-006),#2443);
#2446=PRESENTATION_STYLE_ASSIGNMENT((#2445));
#2447=STYLED_ITEM('',(#2446),#1521);
#2448=CIRCLE('',#3011,5.00000000000E-002);
#2449=COLOUR_RGB('',1.00000000000E+000,1.00000000000E+000,1.00000000000E+000);
#2450=DRAUGHTING_PRE_DEFINED_CURVE_FONT('continuous');
#2451=CURVE_STYLE( '',#2450, POSITIVE_LENGTH_MEASURE(1.00000000000E-006),#2449);
#2452=PRESENTATION_STYLE_ASSIGNMENT((#2451));
#2453=STYLED_ITEM('',(#2452),#1522);
#2454=VERTEX_POINT('',#3012);
#2455=LINE('',#3013,#3014);
#2456=COLOUR_RGB('',1.00000000000E+000,1.00000000000E+000,1.00000000000E+000);
#2457=DRAUGHTING_PRE_DEFINED_CURVE_FONT('continuous');
#2458=CURVE_STYLE( '',#2457, POSITIVE_LENGTH_MEASURE(1.00000000000E-006),#2456);
#2459=PRESENTATION_STYLE_ASSIGNMENT((#2458));
#2460=STYLED_ITEM('',(#2459),#1523);
#2461=LINE('',#3016,#3017);
#2462=COLOUR_RGB('',1.00000000000E+000,1.00000000000E+000,1.00000000000E+000);
#2463=DRAUGHTING_PRE_DEFINED_CURVE_FONT('continuous');
#2464=CURVE_STYLE( '',#2463, POSITIVE_LENGTH_MEASURE(1.00000000000E-006),#2462);
#2465=PRESENTATION_STYLE_ASSIGNMENT((#2464));
#2466=STYLED_ITEM('',(#2465),#1524);
#2467=CIRCLE('',#3022,5.00000000000E-002);
#2468=COLOUR_RGB('',1.00000000000E+000,1.00000000000E+000,1.00000000000E+000);
#2469=DRAUGHTING_PRE_DEFINED_CURVE_FONT('continuous');
#2470=CURVE_STYLE( '',#2469, POSITIVE_LENGTH_MEASURE(1.00000000000E-006),#2468);
#2471=PRESENTATION_STYLE_ASSIGNMENT((#2470));
#2472=STYLED_ITEM('',(#2471),#1525);
#2473=LINE('',#3023,#3024);
#2474=COLOUR_RGB('',1.00000000000E+000,1.00000000000E+000,1.00000000000E+000);
#2475=DRAUGHTING_PRE_DEFINED_CURVE_FONT('continuous');
#2476=CURVE_STYLE( '',#2475, POSITIVE_LENGTH_MEASURE(1.00000000000E-006),#2474);
#2477=PRESENTATION_STYLE_ASSIGNMENT((#2476));
#2478=STYLED_ITEM('',(#2477),#1526);
#2479=CARTESIAN_POINT('',(-3.70000000000E-001,-8.00000000000E-001,-1.00000000000E-002));
#2480=CARTESIAN_POINT('',(-6.30000000000E-001,-8.00000000000E-001,-1.00000000000E-002));
#2481=CARTESIAN_POINT('',(-3.70000000000E-001,-8.00000000000E-001,-1.00000000000E-002));
#2482=VECTOR('',#2483,2.60000000000E-001);
#2483=DIRECTION('',(-1.00000000000E+000,0.00000000000E+000,0.00000000000E+000));
#2484=CARTESIAN_POINT('',(-3.70000000000E-001,-8.00000000000E-001,1.10000000000E-001));
#2485=CARTESIAN_POINT('',(-3.70000000000E-001,-8.00000000000E-001,1.10000000000E-001));
#2486=VECTOR('',#2487,1.20000000000E-001);
#2487=DIRECTION('',(0.00000000000E+000,0.00000000000E+000,-1.00000000000E+000));
#2488=CARTESIAN_POINT('',(-6.30000000000E-001,-8.00000000000E-001,1.10000000000E-001));
#2489=CARTESIAN_POINT('',(-3.70000000000E-001,-8.00000000000E-001,1.10000000000E-001));
#2490=VECTOR('',#2491,2.60000000000E-001);
#2491=DIRECTION('',(-1.00000000000E+000,0.00000000000E+000,0.00000000000E+000));
#2492=CARTESIAN_POINT('',(-6.30000000000E-001,-8.00000000000E-001,1.10000000000E-001));
#2493=VECTOR('',#2494,1.20000000000E-001);
#2494=DIRECTION('',(0.00000000000E+000,0.00000000000E+000,-1.00000000000E+000));
#2495=CARTESIAN_POINT('',(-6.30000000000E-001,-4.00000000000E-001,-1.00000000000E-002));
#2496=CARTESIAN_POINT('',(-6.30000000000E-001,-8.00000000000E-001,-1.00000000000E-002));
#2497=VECTOR('',#2498,4.00000000000E-001);
#2498=DIRECTION('',(-7.21644966006E-015,1.00000000000E+000,0.00000000000E+000));
#2499=CARTESIAN_POINT('',(-6.30000000000E-001,-4.00000000000E-001,1.10000000000E-001));
#2500=CARTESIAN_POINT('',(-6.30000000000E-001,-8.00000000000E-001,1.10000000000E-001));
#2501=VECTOR('',#2502,4.00000000000E-001);
#2502=DIRECTION('',(-7.21644966006E-015,1.00000000000E+000,0.00000000000E+000));
#2503=CARTESIAN_POINT('',(-6.30000000000E-001,-4.00000000000E-001,1.10000000000E-001));
#2504=VECTOR('',#2505,1.20000000000E-001);
#2505=DIRECTION('',(0.00000000000E+000,0.00000000000E+000,-1.00000000000E+000));
#2506=CARTESIAN_POINT('',(-5.80000000000E-001,-3.50000000000E-001,-1.00000000000E-002));
#2507=CARTESIAN_POINT('',(-5.80000000000E-001,-4.00000000000E-001,-1.00000000000E-002));
#2508=DIRECTION('',(0.00000000000E+000,0.00000000000E+000,-1.00000000000E+000));
#2509=DIRECTION('',(1.00000000000E+000,-0.00000000000E+000,-0.00000000000E+000));
#2510=AXIS2_PLACEMENT_3D('',#2507,#2508,#2509);
#2511=CARTESIAN_POINT('',(-5.80000000000E-001,-3.50000000000E-001,1.10000000000E-001));
#2512=CARTESIAN_POINT('',(-5.80000000000E-001,-4.00000000000E-001,1.10000000000E-001));
#2513=DIRECTION('',(0.00000000000E+000,0.00000000000E+000,-1.00000000000E+000));
#2514=DIRECTION('',(1.00000000000E+000,-0.00000000000E+000,-0.00000000000E+000));
#2515=AXIS2_PLACEMENT_3D('',#2512,#2513,#2514);
#2516=CARTESIAN_POINT('',(-5.80000000000E-001,-3.50000000000E-001,1.10000000000E-001));
#2517=VECTOR('',#2518,1.20000000000E-001);
#2518=DIRECTION('',(0.00000000000E+000,0.00000000000E+000,-1.00000000000E+000));
#2519=CARTESIAN_POINT('',(-4.20000000000E-001,-3.50000000000E-001,-1.00000000000E-002));
#2520=CARTESIAN_POINT('',(-5.80000000000E-001,-3.50000000000E-001,-1.00000000000E-002));
#2521=VECTOR('',#2522,1.60000000000E-001);
#2522=DIRECTION('',(1.00000000000E+000,0.00000000000E+000,0.00000000000E+000));
#2523=CARTESIAN_POINT('',(-4.20000000000E-001,-3.50000000000E-001,1.10000000000E-001));
#2524=CARTESIAN_POINT('',(-5.80000000000E-001,-3.50000000000E-001,1.10000000000E-001));
#2525=VECTOR('',#2526,1.60000000000E-001);
#2526=DIRECTION('',(1.00000000000E+000,0.00000000000E+000,0.00000000000E+000));
#2527=CARTESIAN_POINT('',(-4.20000000000E-001,-3.50000000000E-001,1.10000000000E-001));
#2528=VECTOR('',#2529,1.20000000000E-001);
#2529=DIRECTION('',(0.00000000000E+000,0.00000000000E+000,-1.00000000000E+000));
#2530=CARTESIAN_POINT('',(-3.70000000000E-001,-4.00000000000E-001,-1.00000000000E-002));
#2531=CARTESIAN_POINT('',(-4.20000000000E-001,-4.00000000000E-001,-1.00000000000E-002));
#2532=DIRECTION('',(0.00000000000E+000,0.00000000000E+000,-1.00000000000E+000));
#2533=DIRECTION('',(1.00000000000E+000,-0.00000000000E+000,-0.00000000000E+000));
#2534=AXIS2_PLACEMENT_3D('',#2531,#2532,#2533);
#2535=CARTESIAN_POINT('',(-3.70000000000E-001,-4.00000000000E-001,1.10000000000E-001));
#2536=CARTESIAN_POINT('',(-4.20000000000E-001,-4.00000000000E-001,1.10000000000E-001));
#2537=DIRECTION('',(0.00000000000E+000,0.00000000000E+000,-1.00000000000E+000));
#2538=DIRECTION('',(1.00000000000E+000,-0.00000000000E+000,-0.00000000000E+000));
#2539=AXIS2_PLACEMENT_3D('',#2536,#2537,#2538);
#2540=CARTESIAN_POINT('',(-3.70000000000E-001,-4.00000000000E-001,1.10000000000E-001));
#2541=VECTOR('',#2542,1.20000000000E-001);
#2542=DIRECTION('',(0.00000000000E+000,0.00000000000E+000,-1.00000000000E+000));
#2543=CARTESIAN_POINT('',(-3.70000000000E-001,-4.00000000000E-001,-1.00000000000E-002));
#2544=VECTOR('',#2545,4.00000000000E-001);
#2545=DIRECTION('',(-7.21644966006E-015,-1.00000000000E+000,0.00000000000E+000));
#2546=CARTESIAN_POINT('',(-3.70000000000E-001,-4.00000000000E-001,1.10000000000E-001));
#2547=VECTOR('',#2548,4.00000000000E-001);
#2548=DIRECTION('',(-7.21644966006E-015,-1.00000000000E+000,0.00000000000E+000));
#2549=CARTESIAN_POINT('',(3.70000000000E-001,-8.00000000000E-001,-1.00000000000E-002));
#2550=CARTESIAN_POINT('',(3.70000000000E-001,-4.00000000000E-001,-1.00000000000E-002));
#2551=CARTESIAN_POINT('',(3.70000000000E-001,-8.00000000000E-001,-1.00000000000E-002));
#2552=VECTOR('',#2553,4.00000000000E-001);
#2553=DIRECTION('',(-7.07767178199E-015,1.00000000000E+000,0.00000000000E+000));
#2554=CARTESIAN_POINT('',(3.70000000000E-001,-8.00000000000E-001,1.10000000000E-001));
#2555=CARTESIAN_POINT('',(3.70000000000E-001,-8.00000000000E-001,1.10000000000E-001));
#2556=VECTOR('',#2557,1.20000000000E-001);
#2557=DIRECTION('',(0.00000000000E+000,0.00000000000E+000,-1.00000000000E+000));
#2558=CARTESIAN_POINT('',(3.70000000000E-001,-4.00000000000E-001,1.10000000000E-001));
#2559=CARTESIAN_POINT('',(3.70000000000E-001,-8.00000000000E-001,1.10000000000E-001));
#2560=VECTOR('',#2561,4.00000000000E-001);
#2561=DIRECTION('',(-7.07767178199E-015,1.00000000000E+000,0.00000000000E+000));
#2562=CARTESIAN_POINT('',(3.70000000000E-001,-4.00000000000E-001,1.10000000000E-001));
#2563=VECTOR('',#2564,1.20000000000E-001);
#2564=DIRECTION('',(0.00000000000E+000,0.00000000000E+000,-1.00000000000E+000));
#2565=CARTESIAN_POINT('',(4.20000000000E-001,-3.50000000000E-001,-1.00000000000E-002));
#2566=CARTESIAN_POINT('',(4.20000000000E-001,-4.00000000000E-001,-1.00000000000E-002));
#2567=DIRECTION('',(0.00000000000E+000,0.00000000000E+000,-1.00000000000E+000));
#2568=DIRECTION('',(1.00000000000E+000,-0.00000000000E+000,-0.00000000000E+000));
#2569=AXIS2_PLACEMENT_3D('',#2566,#2567,#2568);
#2570=CARTESIAN_POINT('',(4.20000000000E-001,-3.50000000000E-001,1.10000000000E-001));
#2571=CARTESIAN_POINT('',(4.20000000000E-001,-4.00000000000E-001,1.10000000000E-001));
#2572=DIRECTION('',(0.00000000000E+000,0.00000000000E+000,-1.00000000000E+000));
#2573=DIRECTION('',(1.00000000000E+000,-0.00000000000E+000,-0.00000000000E+000));
#2574=AXIS2_PLACEMENT_3D('',#2571,#2572,#2573);
#2575=CARTESIAN_POINT('',(4.20000000000E-001,-3.50000000000E-001,1.10000000000E-001));
#2576=VECTOR('',#2577,1.20000000000E-001);
#2577=DIRECTION('',(0.00000000000E+000,0.00000000000E+000,-1.00000000000E+000));
#2578=CARTESIAN_POINT('',(5.80000000000E-001,-3.50000000000E-001,-1.00000000000E-002));
#2579=CARTESIAN_POINT('',(4.20000000000E-001,-3.50000000000E-001,-1.00000000000E-002));
#2580=VECTOR('',#2581,1.60000000000E-001);
#2581=DIRECTION('',(1.00000000000E+000,0.00000000000E+000,0.00000000000E+000));
#2582=CARTESIAN_POINT('',(5.80000000000E-001,-3.50000000000E-001,1.10000000000E-001));
#2583=CARTESIAN_POINT('',(4.20000000000E-001,-3.50000000000E-001,1.10000000000E-001));
#2584=VECTOR('',#2585,1.60000000000E-001);
#2585=DIRECTION('',(1.00000000000E+000,0.00000000000E+000,0.00000000000E+000));
#2586=CARTESIAN_POINT('',(5.80000000000E-001,-3.50000000000E-001,1.10000000000E-001));
#2587=VECTOR('',#2588,1.20000000000E-001);
#2588=DIRECTION('',(0.00000000000E+000,0.00000000000E+000,-1.00000000000E+000));
#2589=CARTESIAN_POINT('',(6.30000000000E-001,-4.00000000000E-001,-1.00000000000E-002));
#2590=CARTESIAN_POINT('',(5.80000000000E-001,-4.00000000000E-001,-1.00000000000E-002));
#2591=DIRECTION('',(0.00000000000E+000,0.00000000000E+000,-1.00000000000E+000));
#2592=DIRECTION('',(1.00000000000E+000,-0.00000000000E+000,-0.00000000000E+000));
#2593=AXIS2_PLACEMENT_3D('',#2590,#2591,#2592);
#2594=CARTESIAN_POINT('',(6.30000000000E-001,-4.00000000000E-001,1.10000000000E-001));
#2595=CARTESIAN_POINT('',(5.80000000000E-001,-4.00000000000E-001,1.10000000000E-001));
#2596=DIRECTION('',(0.00000000000E+000,0.00000000000E+000,-1.00000000000E+000));
#2597=DIRECTION('',(1.00000000000E+000,-0.00000000000E+000,-0.00000000000E+000));
#2598=AXIS2_PLACEMENT_3D('',#2595,#2596,#2597);
#2599=CARTESIAN_POINT('',(6.30000000000E-001,-4.00000000000E-001,1.10000000000E-001));
#2600=VECTOR('',#2601,1.20000000000E-001);
#2601=DIRECTION('',(0.00000000000E+000,0.00000000000E+000,-1.00000000000E+000));
#2602=CARTESIAN_POINT('',(6.30000000000E-001,-8.00000000000E-001,-1.00000000000E-002));
#2603=CARTESIAN_POINT('',(6.30000000000E-001,-4.00000000000E-001,-1.00000000000E-002));
#2604=VECTOR('',#2605,4.00000000000E-001);
#2605=DIRECTION('',(-7.21644966006E-015,-1.00000000000E+000,0.00000000000E+000));
#2606=CARTESIAN_POINT('',(6.30000000000E-001,-8.00000000000E-001,1.10000000000E-001));
#2607=CARTESIAN_POINT('',(6.30000000000E-001,-4.00000000000E-001,1.10000000000E-001));
#2608=VECTOR('',#2609,4.00000000000E-001);
#2609=DIRECTION('',(-7.21644966006E-015,-1.00000000000E+000,0.00000000000E+000));
#2610=CARTESIAN_POINT('',(6.30000000000E-001,-8.00000000000E-001,1.10000000000E-001));
#2611=VECTOR('',#2612,1.20000000000E-001);
#2612=DIRECTION('',(0.00000000000E+000,0.00000000000E+000,-1.00000000000E+000));
#2613=CARTESIAN_POINT('',(6.30000000000E-001,-8.00000000000E-001,-1.00000000000E-002));
#2614=VECTOR('',#2615,2.60000000000E-001);
#2615=DIRECTION('',(-1.00000000000E+000,0.00000000000E+000,0.00000000000E+000));
#2616=CARTESIAN_POINT('',(6.30000000000E-001,-8.00000000000E-001,1.10000000000E-001));
#2617=VECTOR('',#2618,2.60000000000E-001);
#2618=DIRECTION('',(-1.00000000000E+000,0.00000000000E+000,0.00000000000E+000));
#2619=CARTESIAN_POINT('',(-1.30000000000E-001,4.00000000000E-001,-1.00000000000E-002));
#2620=CARTESIAN_POINT('',(-1.30000000000E-001,8.00000000000E-001,-1.00000000000E-002));
#2621=CARTESIAN_POINT('',(-1.30000000000E-001,4.00000000000E-001,-1.00000000000E-002));
#2622=VECTOR('',#2623,4.00000000000E-001);
#2623=DIRECTION('',(7.49400541622E-015,1.00000000000E+000,0.00000000000E+000));
#2624=CARTESIAN_POINT('',(-1.30000000000E-001,4.00000000000E-001,1.10000000000E-001));
#2625=CARTESIAN_POINT('',(-1.30000000000E-001,4.00000000000E-001,1.10000000000E-001));
#2626=VECTOR('',#2627,1.20000000000E-001);
#2627=DIRECTION('',(0.00000000000E+000,0.00000000000E+000,-1.00000000000E+000));
#2628=CARTESIAN_POINT('',(-1.30000000000E-001,8.00000000000E-001,1.10000000000E-001));
#2629=CARTESIAN_POINT('',(-1.30000000000E-001,4.00000000000E-001,1.10000000000E-001));
#2630=VECTOR('',#2631,4.00000000000E-001);
#2631=DIRECTION('',(7.49400541622E-015,1.00000000000E+000,0.00000000000E+000));
#2632=CARTESIAN_POINT('',(-1.30000000000E-001,8.00000000000E-001,1.10000000000E-001));
#2633=VECTOR('',#2634,1.20000000000E-001);
#2634=DIRECTION('',(0.00000000000E+000,0.00000000000E+000,-1.00000000000E+000));
#2635=CARTESIAN_POINT('',(1.30000000000E-001,8.00000000000E-001,-1.00000000000E-002));
#2636=CARTESIAN_POINT('',(-1.30000000000E-001,8.00000000000E-001,-1.00000000000E-002));
#2637=VECTOR('',#2638,2.60000000000E-001);
#2638=DIRECTION('',(1.00000000000E+000,0.00000000000E+000,0.00000000000E+000));
#2639=CARTESIAN_POINT('',(1.30000000000E-001,8.00000000000E-001,1.10000000000E-001));
#2640=CARTESIAN_POINT('',(-1.30000000000E-001,8.00000000000E-001,1.10000000000E-001));
#2641=VECTOR('',#2642,2.60000000000E-001);
#2642=DIRECTION('',(1.00000000000E+000,0.00000000000E+000,0.00000000000E+000));
#2643=CARTESIAN_POINT('',(1.30000000000E-001,8.00000000000E-001,1.10000000000E-001));
#2644=VECTOR('',#2645,1.20000000000E-001);
#2645=DIRECTION('',(0.00000000000E+000,0.00000000000E+000,-1.00000000000E+000));
#2646=CARTESIAN_POINT('',(1.30000000000E-001,4.00000000000E-001,-1.00000000000E-002));
#2647=CARTESIAN_POINT('',(1.30000000000E-001,8.00000000000E-001,-1.00000000000E-002));
#2648=VECTOR('',#2649,4.00000000000E-001);
#2649=DIRECTION('',(7.21644966006E-015,-1.00000000000E+000,0.00000000000E+000));
#2650=CARTESIAN_POINT('',(1.30000000000E-001,4.00000000000E-001,1.10000000000E-001));
#2651=CARTESIAN_POINT('',(1.30000000000E-001,8.00000000000E-001,1.10000000000E-001));
#2652=VECTOR('',#2653,4.00000000000E-001);
#2653=DIRECTION('',(7.21644966006E-015,-1.00000000000E+000,0.00000000000E+000));
#2654=CARTESIAN_POINT('',(1.30000000000E-001,4.00000000000E-001,1.10000000000E-001));
#2655=VECTOR('',#2656,1.20000000000E-001);
#2656=DIRECTION('',(0.00000000000E+000,0.00000000000E+000,-1.00000000000E+000));
#2657=CARTESIAN_POINT('',(8.00000000000E-002,3.50000000000E-001,-1.00000000000E-002));
#2658=CARTESIAN_POINT('',(8.00000000000E-002,4.00000000000E-001,-1.00000000000E-002));
#2659=DIRECTION('',(0.00000000000E+000,0.00000000000E+000,-1.00000000000E+000));
#2660=DIRECTION('',(1.00000000000E+000,-0.00000000000E+000,-0.00000000000E+000));
#2661=AXIS2_PLACEMENT_3D('',#2658,#2659,#2660);
#2662=CARTESIAN_POINT('',(8.00000000000E-002,3.50000000000E-001,1.10000000000E-001));
#2663=CARTESIAN_POINT('',(8.00000000000E-002,4.00000000000E-001,1.10000000000E-001));
#2664=DIRECTION('',(0.00000000000E+000,0.00000000000E+000,-1.00000000000E+000));
#2665=DIRECTION('',(1.00000000000E+000,-0.00000000000E+000,-0.00000000000E+000));
#2666=AXIS2_PLACEMENT_3D('',#2663,#2664,#2665);
#2667=CARTESIAN_POINT('',(8.00000000000E-002,3.50000000000E-001,1.10000000000E-001));
#2668=VECTOR('',#2669,1.20000000000E-001);
#2669=DIRECTION('',(0.00000000000E+000,0.00000000000E+000,-1.00000000000E+000));
#2670=CARTESIAN_POINT('',(-8.00000000000E-002,3.50000000000E-001,-1.00000000000E-002));
#2671=CARTESIAN_POINT('',(8.00000000000E-002,3.50000000000E-001,-1.00000000000E-002));
#2672=VECTOR('',#2673,1.60000000000E-001);
#2673=DIRECTION('',(-1.00000000000E+000,-6.93889390391E-016,0.00000000000E+000));
#2674=CARTESIAN_POINT('',(-8.00000000000E-002,3.50000000000E-001,1.10000000000E-001));
#2675=CARTESIAN_POINT('',(8.00000000000E-002,3.50000000000E-001,1.10000000000E-001));
#2676=VECTOR('',#2677,1.60000000000E-001);
#2677=DIRECTION('',(-1.00000000000E+000,-6.93889390391E-016,0.00000000000E+000));
#2678=CARTESIAN_POINT('',(-8.00000000000E-002,3.50000000000E-001,1.10000000000E-001));
#2679=VECTOR('',#2680,1.20000000000E-001);
#2680=DIRECTION('',(0.00000000000E+000,0.00000000000E+000,-1.00000000000E+000));
#2681=CARTESIAN_POINT('',(-8.00000000000E-002,4.00000000000E-001,-1.00000000000E-002));
#2682=DIRECTION('',(0.00000000000E+000,0.00000000000E+000,-1.00000000000E+000));
#2683=DIRECTION('',(1.00000000000E+000,-0.00000000000E+000,-0.00000000000E+000));
#2684=AXIS2_PLACEMENT_3D('',#2681,#2682,#2683);
#2685=CARTESIAN_POINT('',(-8.00000000000E-002,4.00000000000E-001,1.10000000000E-001));
#2686=DIRECTION('',(0.00000000000E+000,0.00000000000E+000,-1.00000000000E+000));
#2687=DIRECTION('',(1.00000000000E+000,-0.00000000000E+000,-0.00000000000E+000));
#2688=AXIS2_PLACEMENT_3D('',#2685,#2686,#2687);
#2689=CARTESIAN_POINT('',(7.81250436927E-001,4.21251000000E-001,-3.46944695195E-015));
#2690=CARTESIAN_POINT('',(7.90000000000E-001,4.30000000000E-001,9.99999999996E-002));
#2691=CARTESIAN_POINT('',(7.81250436927E-001,4.21251000000E-001,-3.49720252757E-015));
#2692=VECTOR('',#2693,1.00762591545E-001);
#2693=DIRECTION('',(8.68334462044E-002,8.68278580950E-002,9.92431799006E-001));
#2694=CARTESIAN_POINT('',(7.90000000000E-001,-4.30000000000E-001,9.99999999996E-002));
#2695=CARTESIAN_POINT('',(7.90000000000E-001,4.30000000000E-001,9.99999999996E-002));
#2696=VECTOR('',#2697,8.60000000000E-001);
#2697=DIRECTION('',(0.00000000000E+000,-1.00000000000E+000,0.00000000000E+000));
#2698=CARTESIAN_POINT('',(7.81250436927E-001,-4.21251000000E-001,-3.46944695195E-015));
#2699=CARTESIAN_POINT('',(7.90000000000E-001,-4.30000000000E-001,9.99999999996E-002));
#2700=VECTOR('',#2701,1.00762591545E-001);
#2701=DIRECTION('',(-8.68334462044E-002,8.68278580951E-002,-9.92431799006E-001));
#2702=CARTESIAN_POINT('',(7.81250436927E-001,4.21251000000E-001,-3.46944695195E-015));
#2703=VECTOR('',#2704,8.42502000000E-001);
#2704=DIRECTION('',(0.00000000000E+000,-1.00000000000E+000,0.00000000000E+000));
#2705=CARTESIAN_POINT('',(-8.00000000000E-001,4.30000000000E-001,1.00000000000E-001));
#2706=CARTESIAN_POINT('',(-8.00000000000E-001,-4.30000000000E-001,1.00000000000E-001));
#2707=CARTESIAN_POINT('',(-8.00000000000E-001,4.30000000000E-001,1.00000000000E-001));
#2708=VECTOR('',#2709,8.60000000000E-001);
#2709=DIRECTION('',(0.00000000000E+000,-1.00000000000E+000,0.00000000000E+000));
#2710=CARTESIAN_POINT('',(-7.47506845757E-001,-3.77507000000E-001,7.00000000000E-001));
#2711=CARTESIAN_POINT('',(-7.47506845757E-001,-3.77507000000E-001,7.00000000000E-001));
#2712=VECTOR('',#2713,6.04575095659E-001);
#2713=DIRECTION('',(-8.68265243147E-002,-8.68262691879E-002,-9.92432543629E-001));
#2714=CARTESIAN_POINT('',(-7.47506845757E-001,3.77507000000E-001,7.00000000000E-001));
#2715=CARTESIAN_POINT('',(-7.47506845757E-001,3.77507000000E-001,7.00000000000E-001));
#2716=VECTOR('',#2717,7.55014000000E-001);
#2717=DIRECTION('',(0.00000000000E+000,-1.00000000000E+000,0.00000000000E+000));
#2718=CARTESIAN_POINT('',(-8.00000000000E-001,4.30000000000E-001,1.00000000000E-001));
#2719=VECTOR('',#2720,6.04575095659E-001);
#2720=DIRECTION('',(8.68265243147E-002,-8.68262691879E-002,9.92432543629E-001));
#2721=CARTESIAN_POINT('',(8.00000000000E-001,-4.30000000000E-001,1.00000000000E-001));
#2722=CARTESIAN_POINT('',(8.00000000000E-001,-4.30000000000E-001,1.00000000000E-001));
#2723=VECTOR('',#2724,1.00000000002E-002);
#2724=DIRECTION('',(-1.00000000000E+000,0.00000000000E+000,-3.63375995952E-011));
#2725=CARTESIAN_POINT('',(8.00000000000E-001,4.30000000000E-001,9.99999999999E-002));
#2726=CARTESIAN_POINT('',(8.00000000000E-001,4.30000000000E-001,1.00000000000E-001));
#2727=VECTOR('',#2728,1.00000000002E-002);
#2728=DIRECTION('',(-1.00000000000E+000,0.00000000000E+000,-3.63375995952E-011));
#2729=CARTESIAN_POINT('',(8.00000000000E-001,4.30000000000E-001,9.99999999999E-002));
#2730=VECTOR('',#2731,8.60000000000E-001);
#2731=DIRECTION('',(0.00000000000E+000,-1.00000000000E+000,0.00000000000E+000));
#2732=CARTESIAN_POINT('',(-7.90000000000E-001,4.30000000000E-001,9.99999999996E-002));
#2733=CARTESIAN_POINT('',(-7.81250436926E-001,4.21251000000E-001,-3.46944695195E-015));
#2734=CARTESIAN_POINT('',(-7.90000000000E-001,4.30000000000E-001,9.99999999996E-002));
#2735=VECTOR('',#2736,1.00762591545E-001);
#2736=DIRECTION('',(8.68334462175E-002,-8.68278580949E-002,-9.92431799005E-001));
#2737=CARTESIAN_POINT('',(-1.30000000000E-001,4.30000000000E-001,1.00000000000E-001));
#2738=CARTESIAN_POINT('',(-7.90000000000E-001,4.30000000000E-001,1.00000000000E-001));
#2739=VECTOR('',#2740,6.60000000000E-001);
#2740=DIRECTION('',(1.00000000000E+000,0.00000000000E+000,0.00000000000E+000));
#2741=CARTESIAN_POINT('',(-1.30000000000E-001,4.21251000000E-001,-1.08420217249E-016));
#2742=CARTESIAN_POINT('',(-1.30000000000E-001,4.21251000000E-001,-1.11714610570E-016));
#2743=VECTOR('',#2744,1.00381995403E-001);
#2744=DIRECTION('',(5.52999081246E-016,8.71570640224E-002,9.96194582494E-001));
#2745=CARTESIAN_POINT('',(-7.81250436926E-001,4.21251000000E-001,-1.08420217249E-016));
#2746=VECTOR('',#2747,6.51250436926E-001);
#2747=DIRECTION('',(1.00000000000E+000,0.00000000000E+000,0.00000000000E+000));
#2748=CARTESIAN_POINT('',(3.70000000000E-001,-4.30000000000E-001,1.00000000000E-001));
#2749=CARTESIAN_POINT('',(3.70000000000E-001,-4.21251000000E-001,0.00000000000E+000));
#2750=CARTESIAN_POINT('',(3.70000000000E-001,-4.30000000000E-001,1.00000000000E-001));
#2751=VECTOR('',#2752,1.00381995403E-001);
#2752=DIRECTION('',(-5.52999081246E-016,8.71570640224E-002,-9.96194582494E-001));
#2753=CARTESIAN_POINT('',(-3.70000000000E-001,-4.30000000000E-001,1.00000000000E-001));
#2754=CARTESIAN_POINT('',(-3.70000000000E-001,-4.30000000000E-001,1.00000000000E-001));
#2755=VECTOR('',#2756,7.40000000000E-001);
#2756=DIRECTION('',(1.00000000000E+000,0.00000000000E+000,0.00000000000E+000));
#2757=CARTESIAN_POINT('',(-3.70000000000E-001,-4.21251000000E-001,0.00000000000E+000));
#2758=CARTESIAN_POINT('',(-3.70000000000E-001,-4.21251000000E-001,9.71445146547E-017));
#2759=VECTOR('',#2760,1.00381995403E-001);
#2760=DIRECTION('',(-5.52999081246E-016,-8.71570640224E-002,9.96194582494E-001));
#2761=CARTESIAN_POINT('',(-3.70000000000E-001,-4.21251000000E-001,0.00000000000E+000));
#2762=VECTOR('',#2763,7.40000000000E-001);
#2763=DIRECTION('',(1.00000000000E+000,0.00000000000E+000,0.00000000000E+000));
#2764=CARTESIAN_POINT('',(1.30000000000E-001,4.21251000000E-001,-1.08420217249E-016));
#2765=CARTESIAN_POINT('',(1.30000000000E-001,4.21251000000E-001,-1.08420217249E-016));
#2766=VECTOR('',#2767,6.51250436927E-001);
#2767=DIRECTION('',(1.00000000000E+000,0.00000000000E+000,0.00000000000E+000));
#2768=CARTESIAN_POINT('',(1.30000000000E-001,4.30000000000E-001,1.00000000000E-001));
#2769=CARTESIAN_POINT('',(1.30000000000E-001,4.30000000000E-001,1.00000000000E-001));
#2770=VECTOR('',#2771,1.00381995403E-001);
#2771=DIRECTION('',(5.52999081246E-016,-8.71570640224E-002,-9.96194582494E-001));
#2772=CARTESIAN_POINT('',(1.30000000000E-001,4.30000000000E-001,1.00000000000E-001));
#2773=VECTOR('',#2774,6.60000000000E-001);
#2774=DIRECTION('',(1.00000000000E+000,0.00000000000E+000,0.00000000000E+000));
#2775=CARTESIAN_POINT('',(6.30000000000E-001,-4.30000000000E-001,1.00000000000E-001));
#2776=CARTESIAN_POINT('',(6.30000000000E-001,-4.30000000000E-001,1.00000000000E-001));
#2777=VECTOR('',#2778,1.60000000000E-001);
#2778=DIRECTION('',(1.00000000000E+000,0.00000000000E+000,0.00000000000E+000));
#2779=CARTESIAN_POINT('',(6.30000000000E-001,-4.21251000000E-001,0.00000000000E+000));
#2780=CARTESIAN_POINT('',(6.30000000000E-001,-4.21251000000E-001,9.71445146547E-017));
#2781=VECTOR('',#2782,1.00381995403E-001);
#2782=DIRECTION('',(-1.10599816249E-015,-8.71570640224E-002,9.96194582494E-001));
#2783=CARTESIAN_POINT('',(6.30000000000E-001,-4.21251000000E-001,0.00000000000E+000));
#2784=VECTOR('',#2785,1.51250436927E-001);
#2785=DIRECTION('',(1.00000000000E+000,0.00000000000E+000,0.00000000000E+000));
#2786=CARTESIAN_POINT('',(7.47506845758E-001,-3.77507000000E-001,7.00000000000E-001));
#2787=CARTESIAN_POINT('',(-7.47506845757E-001,-3.77507000000E-001,7.00000000000E-001));
#2788=VECTOR('',#2789,1.49501369151E+000);
#2789=DIRECTION('',(1.00000000000E+000,0.00000000000E+000,0.00000000000E+000));
#2790=CARTESIAN_POINT('',(-7.90000000000E-001,-4.30000000000E-001,1.00000000000E-001));
#2791=CARTESIAN_POINT('',(-8.00000000000E-001,-4.30000000000E-001,1.00000000000E-001));
#2792=VECTOR('',#2793,1.00000000000E-002);
#2793=DIRECTION('',(1.00000000000E+000,0.00000000000E+000,0.00000000000E+000));
#2794=CARTESIAN_POINT('',(-6.30000000000E-001,-4.30000000000E-001,1.00000000000E-001));
#2795=CARTESIAN_POINT('',(-7.90000000000E-001,-4.30000000000E-001,1.00000000000E-001));
#2796=VECTOR('',#2797,1.60000000000E-001);
#2797=DIRECTION('',(1.00000000000E+000,0.00000000000E+000,0.00000000000E+000));
#2798=CARTESIAN_POINT('',(-6.30000000000E-001,-4.29125116667E-001,1.10000000000E-001));
#2799=CARTESIAN_POINT('',(-6.30000000000E-001,-4.30000000000E-001,1.00000000000E-001));
#2800=VECTOR('',#2801,1.00381980877E-002);
#2801=DIRECTION('',(0.00000000000E+000,8.71554163102E-002,9.96194726651E-001));
#2802=CARTESIAN_POINT('',(-3.70000000000E-001,-4.29125116667E-001,1.10000000000E-001));
#2803=CARTESIAN_POINT('',(-3.70000000000E-001,-4.29125116667E-001,1.10000000000E-001));
#2804=VECTOR('',#2805,2.60000000000E-001);
#2805=DIRECTION('',(-1.00000000000E+000,0.00000000000E+000,0.00000000000E+000));
#2806=CARTESIAN_POINT('',(-3.70000000000E-001,-4.29125116667E-001,1.10000000000E-001));
#2807=VECTOR('',#2808,1.00381980877E-002);
#2808=DIRECTION('',(0.00000000000E+000,-8.71554163102E-002,-9.96194726651E-001));
#2809=CARTESIAN_POINT('',(3.70000000000E-001,-4.29125116667E-001,1.10000000000E-001));
#2810=CARTESIAN_POINT('',(3.70000000000E-001,-4.30000000000E-001,1.00000000000E-001));
#2811=VECTOR('',#2812,1.00381980877E-002);
#2812=DIRECTION('',(0.00000000000E+000,8.71554163102E-002,9.96194726651E-001));
#2813=CARTESIAN_POINT('',(6.30000000000E-001,-4.29125116667E-001,1.10000000000E-001));
#2814=CARTESIAN_POINT('',(6.30000000000E-001,-4.29125116667E-001,1.10000000000E-001));
#2815=VECTOR('',#2816,2.60000000000E-001);
#2816=DIRECTION('',(-1.00000000000E+000,0.00000000000E+000,0.00000000000E+000));
#2817=CARTESIAN_POINT('',(6.30000000000E-001,-4.29125116667E-001,1.10000000000E-001));
#2818=VECTOR('',#2819,1.00381980877E-002);
#2819=DIRECTION('',(0.00000000000E+000,-8.71554163102E-002,-9.96194726651E-001));
#2820=CARTESIAN_POINT('',(8.00000000000E-001,-4.30000000000E-001,1.00000000000E-001));
#2821=VECTOR('',#2822,6.04575095659E-001);
#2822=DIRECTION('',(-8.68265243129E-002,8.68262691879E-002,9.92432543629E-001));
#2823=CARTESIAN_POINT('',(-8.00000000000E-001,4.30000000000E-001,1.00000000000E-001));
#2824=VECTOR('',#2825,1.00000000001E-002);
#2825=DIRECTION('',(1.00000000000E+000,0.00000000000E+000,0.00000000000E+000));
#2826=CARTESIAN_POINT('',(7.47506845758E-001,3.77507000000E-001,7.00000000000E-001));
#2827=CARTESIAN_POINT('',(-7.47506845757E-001,3.77507000000E-001,7.00000000000E-001));
#2828=VECTOR('',#2829,1.49501369151E+000);
#2829=DIRECTION('',(1.00000000000E+000,0.00000000000E+000,0.00000000000E+000));
#2830=CARTESIAN_POINT('',(7.47506845758E-001,3.77507000000E-001,7.00000000000E-001));
#2831=VECTOR('',#2832,6.04575095659E-001);
#2832=DIRECTION('',(8.68265243129E-002,8.68262691879E-002,-9.92432543629E-001));
#2833=CARTESIAN_POINT('',(1.30000000000E-001,4.29125116667E-001,1.10000000000E-001));
#2834=CARTESIAN_POINT('',(1.30000000000E-001,4.30000000000E-001,1.00000000000E-001));
#2835=VECTOR('',#2836,1.00381980877E-002);
#2836=DIRECTION('',(2.76499580635E-015,-8.71554163102E-002,9.96194726651E-001));
#2837=CARTESIAN_POINT('',(-1.30000000000E-001,4.29125116667E-001,1.10000000000E-001));
#2838=CARTESIAN_POINT('',(-1.30000000000E-001,4.29125116667E-001,1.10000000000E-001));
#2839=VECTOR('',#2840,2.60000000000E-001);
#2840=DIRECTION('',(1.00000000000E+000,0.00000000000E+000,0.00000000000E+000));
#2841=CARTESIAN_POINT('',(-1.30000000000E-001,4.29125116667E-001,1.10000000000E-001));
#2842=VECTOR('',#2843,1.00381980877E-002);
#2843=DIRECTION('',(0.00000000000E+000,8.71554163102E-002,-9.96194726651E-001));
#2844=CARTESIAN_POINT('',(6.30000000000E-001,-4.00000000000E-001,0.00000000000E+000));
#2845=CARTESIAN_POINT('',(6.30000000000E-001,-4.21251000000E-001,0.00000000000E+000));
#2846=VECTOR('',#2847,2.12510000000E-002);
#2847=DIRECTION('',(5.22433308844E-015,1.00000000000E+000,0.00000000000E+000));
#2848=CARTESIAN_POINT('',(5.80000000000E-001,-3.50000000000E-001,0.00000000000E+000));
#2849=CARTESIAN_POINT('',(5.80000000000E-001,-4.00000000000E-001,0.00000000000E+000));
#2850=DIRECTION('',(-0.00000000000E+000,0.00000000000E+000,1.00000000000E+000));
#2851=DIRECTION('',(-1.00000000000E+000,-0.00000000000E+000,-0.00000000000E+000));
#2852=AXIS2_PLACEMENT_3D('',#2849,#2850,#2851);
#2853=CARTESIAN_POINT('',(4.20000000000E-001,-3.50000000000E-001,0.00000000000E+000));
#2854=CARTESIAN_POINT('',(5.80000000000E-001,-3.50000000000E-001,0.00000000000E+000));
#2855=VECTOR('',#2856,1.60000000000E-001);
#2856=DIRECTION('',(-1.00000000000E+000,-3.46944695195E-016,0.00000000000E+000));
#2857=CARTESIAN_POINT('',(3.70000000000E-001,-4.00000000000E-001,0.00000000000E+000));
#2858=CARTESIAN_POINT('',(4.20000000000E-001,-4.00000000000E-001,0.00000000000E+000));
#2859=DIRECTION('',(-0.00000000000E+000,0.00000000000E+000,1.00000000000E+000));
#2860=DIRECTION('',(-1.00000000000E+000,-0.00000000000E+000,-0.00000000000E+000));
#2861=AXIS2_PLACEMENT_3D('',#2858,#2859,#2860);
#2862=CARTESIAN_POINT('',(3.70000000000E-001,-4.00000000000E-001,0.00000000000E+000));
#2863=VECTOR('',#2864,2.12510000000E-002);
#2864=DIRECTION('',(7.83649963267E-015,-1.00000000000E+000,0.00000000000E+000));
#2865=CARTESIAN_POINT('',(-3.70000000000E-001,-4.00000000000E-001,0.00000000000E+000));
#2866=CARTESIAN_POINT('',(-3.70000000000E-001,-4.21251000000E-001,0.00000000000E+000));
#2867=VECTOR('',#2868,2.12510000000E-002);
#2868=DIRECTION('',(7.83649963267E-015,1.00000000000E+000,0.00000000000E+000));
#2869=CARTESIAN_POINT('',(-4.20000000000E-001,-3.50000000000E-001,0.00000000000E+000));
#2870=CARTESIAN_POINT('',(-4.20000000000E-001,-4.00000000000E-001,0.00000000000E+000));
#2871=DIRECTION('',(-0.00000000000E+000,0.00000000000E+000,1.00000000000E+000));
#2872=DIRECTION('',(-1.00000000000E+000,-0.00000000000E+000,-0.00000000000E+000));
#2873=AXIS2_PLACEMENT_3D('',#2870,#2871,#2872);
#2874=CARTESIAN_POINT('',(-5.80000000000E-001,-3.50000000000E-001,0.00000000000E+000));
#2875=CARTESIAN_POINT('',(-4.20000000000E-001,-3.50000000000E-001,0.00000000000E+000));
#2876=VECTOR('',#2877,1.60000000000E-001);
#2877=DIRECTION('',(-1.00000000000E+000,0.00000000000E+000,0.00000000000E+000));
#2878=CARTESIAN_POINT('',(-6.30000000000E-001,-4.00000000000E-001,0.00000000000E+000));
#2879=CARTESIAN_POINT('',(-5.80000000000E-001,-4.00000000000E-001,0.00000000000E+000));
#2880=DIRECTION('',(-0.00000000000E+000,0.00000000000E+000,1.00000000000E+000));
#2881=DIRECTION('',(-1.00000000000E+000,-0.00000000000E+000,-0.00000000000E+000));
#2882=AXIS2_PLACEMENT_3D('',#2879,#2880,#2881);
#2883=CARTESIAN_POINT('',(-6.30000000000E-001,-4.21251000000E-001,0.00000000000E+000));
#2884=CARTESIAN_POINT('',(-6.30000000000E-001,-4.00000000000E-001,0.00000000000E+000));
#2885=VECTOR('',#2886,2.12510000000E-002);
#2886=DIRECTION('',(5.22433308844E-015,-1.00000000000E+000,0.00000000000E+000));
#2887=CARTESIAN_POINT('',(-7.81250436926E-001,-4.21251000000E-001,-3.46944695195E-015));
#2888=CARTESIAN_POINT('',(-7.81250436926E-001,-4.21251000000E-001,0.00000000000E+000));
#2889=VECTOR('',#2890,1.51250436926E-001);
#2890=DIRECTION('',(1.00000000000E+000,0.00000000000E+000,0.00000000000E+000));
#2891=CARTESIAN_POINT('',(-7.81250436926E-001,4.21251000000E-001,-3.46944695195E-015));
#2892=VECTOR('',#2893,8.42502000000E-001);
#2893=DIRECTION('',(0.00000000000E+000,-1.00000000000E+000,0.00000000000E+000));
#2894=CARTESIAN_POINT('',(-1.30000000000E-001,4.00000000000E-001,0.00000000000E+000));
#2895=CARTESIAN_POINT('',(-1.30000000000E-001,4.21251000000E-001,0.00000000000E+000));
#2896=VECTOR('',#2897,2.12510000000E-002);
#2897=DIRECTION('',(-7.83649963266E-015,-1.00000000000E+000,0.00000000000E+000));
#2898=CARTESIAN_POINT('',(-8.00000000000E-002,3.50000000000E-001,0.00000000000E+000));
#2899=CARTESIAN_POINT('',(-8.00000000000E-002,4.00000000000E-001,0.00000000000E+000));
#2900=DIRECTION('',(-0.00000000000E+000,0.00000000000E+000,1.00000000000E+000));
#2901=DIRECTION('',(-1.00000000000E+000,-0.00000000000E+000,-0.00000000000E+000));
#2902=AXIS2_PLACEMENT_3D('',#2899,#2900,#2901);
#2903=CARTESIAN_POINT('',(8.00000000000E-002,3.50000000000E-001,0.00000000000E+000));
#2904=CARTESIAN_POINT('',(-8.00000000000E-002,3.50000000000E-001,0.00000000000E+000));
#2905=VECTOR('',#2906,1.60000000000E-001);
#2906=DIRECTION('',(1.00000000000E+000,6.93889390391E-016,0.00000000000E+000));
#2907=CARTESIAN_POINT('',(1.30000000000E-001,4.00000000000E-001,0.00000000000E+000));
#2908=CARTESIAN_POINT('',(8.00000000000E-002,4.00000000000E-001,0.00000000000E+000));
#2909=DIRECTION('',(-0.00000000000E+000,0.00000000000E+000,1.00000000000E+000));
#2910=DIRECTION('',(-1.00000000000E+000,-0.00000000000E+000,-0.00000000000E+000));
#2911=AXIS2_PLACEMENT_3D('',#2908,#2909,#2910);
#2912=CARTESIAN_POINT('',(1.30000000000E-001,4.00000000000E-001,0.00000000000E+000));
#2913=VECTOR('',#2914,2.12510000000E-002);
#2914=DIRECTION('',(-6.53041636055E-015,1.00000000000E+000,0.00000000000E+000));
#2915=CARTESIAN_POINT('',(7.47506845758E-001,3.77507000000E-001,7.00000000000E-001));
#2916=VECTOR('',#2917,7.55014000000E-001);
#2917=DIRECTION('',(0.00000000000E+000,-1.00000000000E+000,0.00000000000E+000));
#2918=CARTESIAN_POINT('',(-7.81250436926E-001,-4.21251000000E-001,-3.31679128607E-015));
#2919=VECTOR('',#2920,1.00762591546E-001);
#2920=DIRECTION('',(-8.68334462175E-002,-8.68278580950E-002,9.92431799005E-001));
#2921=CARTESIAN_POINT('',(-6.30000000000E-001,-4.30000000000E-001,1.00000000000E-001));
#2922=VECTOR('',#2923,1.00381995403E-001);
#2923=DIRECTION('',(-1.10599816249E-015,8.71570640224E-002,-9.96194582494E-001));
#2924=CARTESIAN_POINT('',(-6.30000000000E-001,-4.00000000000E-001,1.10000000000E-001));
#2925=CARTESIAN_POINT('',(-6.30000000000E-001,-4.00000000000E-001,1.10000000000E-001));
#2926=VECTOR('',#2927,1.10000000000E-001);
#2927=DIRECTION('',(0.00000000000E+000,0.00000000000E+000,-1.00000000000E+000));
#2928=CARTESIAN_POINT('',(-6.30000000000E-001,-4.29125116667E-001,1.10000000000E-001));
#2929=VECTOR('',#2930,2.91251166667E-002);
#2930=DIRECTION('',(-7.62381855724E-015,1.00000000000E+000,0.00000000000E+000));
#2931=CARTESIAN_POINT('',(-5.80000000000E-001,-3.50000000000E-001,1.10000000000E-001));
#2932=CARTESIAN_POINT('',(-5.80000000000E-001,-3.50000000000E-001,1.10000000000E-001));
#2933=VECTOR('',#2934,1.10000000000E-001);
#2934=DIRECTION('',(0.00000000000E+000,0.00000000000E+000,-1.00000000000E+000));
#2935=CARTESIAN_POINT('',(-5.80000000000E-001,-4.00000000000E-001,1.10000000000E-001));
#2936=DIRECTION('',(0.00000000000E+000,0.00000000000E+000,-1.00000000000E+000));
#2937=DIRECTION('',(1.00000000000E+000,-0.00000000000E+000,-0.00000000000E+000));
#2938=AXIS2_PLACEMENT_3D('',#2935,#2936,#2937);
#2939=CARTESIAN_POINT('',(-4.20000000000E-001,-3.50000000000E-001,1.10000000000E-001));
#2940=CARTESIAN_POINT('',(-4.20000000000E-001,-3.50000000000E-001,1.10000000000E-001));
#2941=VECTOR('',#2942,1.10000000000E-001);
#2942=DIRECTION('',(0.00000000000E+000,0.00000000000E+000,-1.00000000000E+000));
#2943=CARTESIAN_POINT('',(-5.80000000000E-001,-3.50000000000E-001,1.10000000000E-001));
#2944=VECTOR('',#2945,1.60000000000E-001);
#2945=DIRECTION('',(1.00000000000E+000,0.00000000000E+000,0.00000000000E+000));
#2946=CARTESIAN_POINT('',(-3.70000000000E-001,-4.00000000000E-001,1.10000000000E-001));
#2947=CARTESIAN_POINT('',(-3.70000000000E-001,-4.00000000000E-001,1.10000000000E-001));
#2948=VECTOR('',#2949,1.10000000000E-001);
#2949=DIRECTION('',(0.00000000000E+000,0.00000000000E+000,-1.00000000000E+000));
#2950=CARTESIAN_POINT('',(-4.20000000000E-001,-4.00000000000E-001,1.10000000000E-001));
#2951=DIRECTION('',(0.00000000000E+000,0.00000000000E+000,-1.00000000000E+000));
#2952=DIRECTION('',(1.00000000000E+000,-0.00000000000E+000,-0.00000000000E+000));
#2953=AXIS2_PLACEMENT_3D('',#2950,#2951,#2952);
#2954=CARTESIAN_POINT('',(-3.70000000000E-001,-4.00000000000E-001,1.10000000000E-001));
#2955=VECTOR('',#2956,2.91251166667E-002);
#2956=DIRECTION('',(-7.62381855724E-015,-1.00000000000E+000,0.00000000000E+000));
#2957=CARTESIAN_POINT('',(3.70000000000E-001,-4.00000000000E-001,1.10000000000E-001));
#2958=CARTESIAN_POINT('',(3.70000000000E-001,-4.00000000000E-001,1.10000000000E-001));
#2959=VECTOR('',#2960,1.10000000000E-001);
#2960=DIRECTION('',(0.00000000000E+000,0.00000000000E+000,-1.00000000000E+000));
#2961=CARTESIAN_POINT('',(3.70000000000E-001,-4.29125116667E-001,1.10000000000E-001));
#2962=VECTOR('',#2963,2.91251166667E-002);
#2963=DIRECTION('',(-7.62381855724E-015,1.00000000000E+000,0.00000000000E+000));
#2964=CARTESIAN_POINT('',(4.20000000000E-001,-3.50000000000E-001,1.10000000000E-001));
#2965=CARTESIAN_POINT('',(4.20000000000E-001,-3.50000000000E-001,1.10000000000E-001));
#2966=VECTOR('',#2967,1.10000000000E-001);
#2967=DIRECTION('',(0.00000000000E+000,0.00000000000E+000,-1.00000000000E+000));
#2968=CARTESIAN_POINT('',(4.20000000000E-001,-4.00000000000E-001,1.10000000000E-001));
#2969=DIRECTION('',(0.00000000000E+000,0.00000000000E+000,-1.00000000000E+000));
#2970=DIRECTION('',(1.00000000000E+000,-0.00000000000E+000,-0.00000000000E+000));
#2971=AXIS2_PLACEMENT_3D('',#2968,#2969,#2970);
#2972=CARTESIAN_POINT('',(5.80000000000E-001,-3.50000000000E-001,1.10000000000E-001));
#2973=CARTESIAN_POINT('',(5.80000000000E-001,-3.50000000000E-001,1.10000000000E-001));
#2974=VECTOR('',#2975,1.10000000000E-001);
#2975=DIRECTION('',(0.00000000000E+000,0.00000000000E+000,-1.00000000000E+000));
#2976=CARTESIAN_POINT('',(4.20000000000E-001,-3.50000000000E-001,1.10000000000E-001));
#2977=VECTOR('',#2978,1.60000000000E-001);
#2978=DIRECTION('',(1.00000000000E+000,0.00000000000E+000,0.00000000000E+000));
#2979=CARTESIAN_POINT('',(6.30000000000E-001,-4.00000000000E-001,1.10000000000E-001));
#2980=CARTESIAN_POINT('',(6.30000000000E-001,-4.00000000000E-001,1.10000000000E-001));
#2981=VECTOR('',#2982,1.10000000000E-001);
#2982=DIRECTION('',(0.00000000000E+000,0.00000000000E+000,-1.00000000000E+000));
#2983=CARTESIAN_POINT('',(5.80000000000E-001,-4.00000000000E-001,1.10000000000E-001));
#2984=DIRECTION('',(0.00000000000E+000,0.00000000000E+000,-1.00000000000E+000));
#2985=DIRECTION('',(1.00000000000E+000,-0.00000000000E+000,-0.00000000000E+000));
#2986=AXIS2_PLACEMENT_3D('',#2983,#2984,#2985);
#2987=CARTESIAN_POINT('',(6.30000000000E-001,-4.00000000000E-001,1.10000000000E-001));
#2988=VECTOR('',#2989,2.91251166667E-002);
#2989=DIRECTION('',(-7.62381855724E-015,-1.00000000000E+000,0.00000000000E+000));
#2990=CARTESIAN_POINT('',(-1.30000000000E-001,4.00000000000E-001,1.10000000000E-001));
#2991=CARTESIAN_POINT('',(-1.30000000000E-001,4.00000000000E-001,1.10000000000E-001));
#2992=VECTOR('',#2993,2.91251166667E-002);
#2993=DIRECTION('',(7.62381855724E-015,1.00000000000E+000,0.00000000000E+000));
#2994=CARTESIAN_POINT('',(-1.30000000000E-001,4.00000000000E-001,1.10000000000E-001));
#2995=VECTOR('',#2996,1.10000000000E-001);
#2996=DIRECTION('',(0.00000000000E+000,0.00000000000E+000,-1.00000000000E+000));
#2997=CARTESIAN_POINT('',(1.30000000000E-001,4.00000000000E-001,1.10000000000E-001));
#2998=CARTESIAN_POINT('',(1.30000000000E-001,4.00000000000E-001,1.10000000000E-001));
#2999=VECTOR('',#3000,1.10000000000E-001);
#3000=DIRECTION('',(0.00000000000E+000,0.00000000000E+000,-1.00000000000E+000));
#3001=CARTESIAN_POINT('',(1.30000000000E-001,4.29125116667E-001,1.10000000000E-001));
#3002=VECTOR('',#3003,2.91251166667E-002);
#3003=DIRECTION('',(7.62381855724E-015,-1.00000000000E+000,0.00000000000E+000));
#3004=CARTESIAN_POINT('',(8.00000000000E-002,3.50000000000E-001,1.10000000000E-001));
#3005=CARTESIAN_POINT('',(8.00000000000E-002,3.50000000000E-001,1.10000000000E-001));
#3006=VECTOR('',#3007,1.10000000000E-001);
#3007=DIRECTION('',(0.00000000000E+000,0.00000000000E+000,-1.00000000000E+000));
#3008=CARTESIAN_POINT('',(8.00000000000E-002,4.00000000000E-001,1.10000000000E-001));
#3009=DIRECTION('',(0.00000000000E+000,0.00000000000E+000,-1.00000000000E+000));
#3010=DIRECTION('',(1.00000000000E+000,-0.00000000000E+000,-0.00000000000E+000));
#3011=AXIS2_PLACEMENT_3D('',#3008,#3009,#3010);
#3012=CARTESIAN_POINT('',(-8.00000000000E-002,3.50000000000E-001,1.10000000000E-001));
#3013=CARTESIAN_POINT('',(-8.00000000000E-002,3.50000000000E-001,1.10000000000E-001));
#3014=VECTOR('',#3015,1.10000000000E-001);
#3015=DIRECTION('',(0.00000000000E+000,0.00000000000E+000,-1.00000000000E+000));
#3016=CARTESIAN_POINT('',(8.00000000000E-002,3.50000000000E-001,1.10000000000E-001));
#3017=VECTOR('',#3018,1.60000000000E-001);
#3018=DIRECTION('',(-1.00000000000E+000,-6.93889390391E-016,0.00000000000E+000));
#3019=CARTESIAN_POINT('',(-8.00000000000E-002,4.00000000000E-001,1.10000000000E-001));
#3020=DIRECTION('',(0.00000000000E+000,0.00000000000E+000,-1.00000000000E+000));
#3021=DIRECTION('',(1.00000000000E+000,-0.00000000000E+000,-0.00000000000E+000));
#3022=AXIS2_PLACEMENT_3D('',#3019,#3020,#3021);
#3023=CARTESIAN_POINT('',(-7.90000000000E-001,4.30000000000E-001,9.99999999996E-002));
#3024=VECTOR('',#3025,8.60000000000E-001);
#3025=DIRECTION('',(0.00000000000E+000,-1.00000000000E+000,0.00000000000E+000));
#3026=MECHANICAL_DESIGN_GEOMETRIC_PRESENTATION_REPRESENTATION( '', (#158,#167,#176,#185,#252,#262,#272,#282,#292,#302,#312,#322,#332,#342,#352,#362,#372,#382,#392,#402,#412,#422,#432,#442,#452,#462,#472,#482,#492,#502,#512,#522,#532,#542,#552,#562,#572,#582,#592,#602,#612,#622,#632,#642,#652,#662,#672,#682,#692,#702,#712,#722,#732,#742,#752,#762,#772,#782,#792,#802,#812,#1534,#1541,#1548,#1554,#1561,#1568,#1574,#1581,#1588,#1594,#1601,#1608,#1614,#1621,#1628,#1634,#1640,#1646,#1654,#1661,#1668,#1674,#1681,#1688,#1694,#1701,#1708,#1714,#1721,#1728,#1734,#1741,#1748,#1754,#1760,#1766,#1774,#1781,#1788,#1794,#1801,#1808,#1814,#1821,#1828,#1834,#1841,#1848,#1854,#1861,#1868,#1874,#1880,#1886,#1894,#1901,#1908,#1914,#1922,#1929,#1936,#1942,#1949,#1956,#1962,#1970,#1977,#1984,#1990,#1998,#2005,#2012,#2018,#2025,#2032,#2038,#2045,#2052,#2058,#2065,#2072,#2079,#2086,#2093,#2099,#2106,#2113,#2119,#2125,#2131,#2138,#2144,#2151,#2158,#2164,#2171,#2178,#2185,#2192,#2198,#2205,#2212,#2219,#2226,#2233,#2240,#2246,#2253,#2260,#2267,#2274,#2280,#2286,#2292,#2298,#2305,#2311,#2318,#2324,#2331,#2337,#2344,#2350,#2356,#2363,#2369,#2376,#2382,#2389,#2395,#2402,#2408,#2414,#2421,#2427,#2434,#2440,#2447,#2453,#2460,#2466,#2472,#2478),#10);
ENDSEC;
END-ISO-10303-21;
