ISO-10303-21;
HEADER;
FILE_DESCRIPTION (( 'STEP AP214' ),
    '1' );
FILE_NAME ('SFH 7016.STEP',
    '2024-01-19T18:34:03',
    ( '' ),
    ( '' ),
    'SwSTEP 2.0',
    'SolidWorks 2024',
    '' );
FILE_SCHEMA (( 'AUTOMOTIVE_DESIGN' ));
ENDSEC;

DATA;
#1 = VECTOR ( 'NONE', #3313, 39.37007874015748143 ) ;
#2 = ADVANCED_FACE ( 'NONE', ( #468 ), #782, .F. ) ;
#3 = VERTEX_POINT ( 'NONE', #214 ) ;
#4 = SURFACE_STYLE_USAGE ( .BOTH. , #1353 ) ;
#5 = DIMENSIONAL_EXPONENTS ( 1.000000000000000000, 0.000000000000000000, 0.000000000000000000, 0.000000000000000000, 0.000000000000000000, 0.000000000000000000, 0.000000000000000000 ) ;
#6 = VECTOR ( 'NONE', #647, 39.37007874015748143 ) ;
#7 = VECTOR ( 'NONE', #120, 39.37007874015748143 ) ;
#8 = CARTESIAN_POINT ( 'NONE',  ( 0.009842519685039369942, -0.03248031496062991907, -0.01574803149606299191 ) ) ;
#9 = DIRECTION ( 'NONE',  ( -1.084202172485499873E-16, -1.000000000000000000, 0.000000000000000000 ) ) ;
#10 = LINE ( 'NONE', #1569, #1218 ) ;
#11 = AXIS2_PLACEMENT_3D ( 'NONE', #521, #999, #1568 ) ;
#12 = DIMENSIONAL_EXPONENTS ( 1.000000000000000000, 0.000000000000000000, 0.000000000000000000, 0.000000000000000000, 0.000000000000000000, 0.000000000000000000, 0.000000000000000000 ) ;
#13 = VECTOR ( 'NONE', #2901, 39.37007874015748143 ) ;
#14 = UNCERTAINTY_MEASURE_WITH_UNIT (LENGTH_MEASURE( 1.000000000000000082E-05 ), #1107, 'distance_accuracy_value', 'NONE');
#15 = DIRECTION ( 'NONE',  ( -0.000000000000000000, 1.000000000000000000, 0.000000000000000000 ) ) ;
#16 = VERTEX_POINT ( 'NONE', #1520 ) ;
#17 = DIRECTION ( 'NONE',  ( 1.000000000000000000, 0.000000000000000000, -0.000000000000000000 ) ) ;
#18 = STYLED_ITEM ( 'NONE', ( #3030 ), #830 ) ;
#19 = FILL_AREA_STYLE ('',( #2646 ) ) ;
#20 = VERTEX_POINT ( 'NONE', #1268 ) ;
#21 = LENGTH_MEASURE_WITH_UNIT ( LENGTH_MEASURE( 0.02539999999999999897 ), #1632 );
#22 = CARTESIAN_POINT ( 'NONE',  ( 0.03543307086614173179, 0.01279527559055118439, -0.02362204724409448786 ) ) ;
#23 = LINE ( 'NONE', #1839, #2348 ) ;
#24 = ORIENTED_EDGE ( 'NONE', *, *, #573, .F. ) ;
#25 = DIRECTION ( 'NONE',  ( 1.000000000000000000, 0.000000000000000000, -0.000000000000000000 ) ) ;
#26 =( LENGTH_UNIT ( ) NAMED_UNIT ( * ) SI_UNIT ( $, .METRE. ) );
#27 = DIRECTION ( 'NONE',  ( 1.836709923159820126E-32, 0.000000000000000000, -1.000000000000000000 ) ) ;
#28 = FILL_AREA_STYLE_COLOUR ( '', #1451 ) ;
#29 = ADVANCED_FACE ( 'NONE', ( #1013 ), #3114, .F. ) ;
#30 = EDGE_CURVE ( 'NONE', #1144, #680, #1090, .T. ) ;
#31 = DIRECTION ( 'NONE',  ( -0.000000000000000000, -1.000000000000000000, 0.000000000000000000 ) ) ;
#32 = VERTEX_POINT ( 'NONE', #291 ) ;
#33 = AXIS2_PLACEMENT_3D ( 'NONE', #1728, #1710, #1469 ) ;
#34 =( NAMED_UNIT ( * ) PLANE_ANGLE_UNIT ( ) SI_UNIT ( $, .RADIAN. ) );
#35 = UNCERTAINTY_MEASURE_WITH_UNIT (LENGTH_MEASURE( 1.000000000000000082E-05 ), #3054, 'distance_accuracy_value', 'NONE');
#36 = DIMENSIONAL_EXPONENTS ( 1.000000000000000000, 0.000000000000000000, 0.000000000000000000, 0.000000000000000000, 0.000000000000000000, 0.000000000000000000, 0.000000000000000000 ) ;
#37 = EDGE_LOOP ( 'NONE', ( #270, #1818, #1286, #2979, #76, #1497, #593, #2540, #2097, #1783, #2136, #2470 ) ) ;
#38 = SURFACE_STYLE_FILL_AREA ( #566 ) ;
#40 = PLANE ( 'NONE',  #886 ) ;
#39 = AXIS2_PLACEMENT_3D ( 'NONE', #3251, #851, #117 ) ;
#41 = DIRECTION ( 'NONE',  ( 0.000000000000000000, 1.000000000000000000, 0.000000000000000000 ) ) ;
#42 = ORIENTED_EDGE ( 'NONE', *, *, #3232, .F. ) ;
#43 = FILL_AREA_STYLE ('',( #1896 ) ) ;
#44 = CARTESIAN_POINT ( 'NONE',  ( 0.03641732283464567399, 0.01279527559055118266, -0.02362204724409448786 ) ) ;
#45 = AXIS2_PLACEMENT_3D ( 'NONE', #1717, #3016, #641 ) ;
#46 = LINE ( 'NONE', #2187, #2106 ) ;
#47 = PLANE ( 'NONE',  #2005 ) ;
#48 = PRESENTATION_STYLE_ASSIGNMENT (( #2747 ) ) ;
#49 = VERTEX_POINT ( 'NONE', #2202 ) ;
#50 = DIRECTION ( 'NONE',  ( -0.000000000000000000, 1.066208027956720005E-32, 1.000000000000000000 ) ) ;
#51 = LINE ( 'NONE', #2176, #3105 ) ;
#52 = ORIENTED_EDGE ( 'NONE', *, *, #2358, .F. ) ;
#53 = CARTESIAN_POINT ( 'NONE',  ( -0.03543307086614173873, 0.03149606299212598381, -0.02204724409448818867 ) ) ;
#54 = SURFACE_STYLE_USAGE ( .BOTH. , #2436 ) ;
#55 = DIRECTION ( 'NONE',  ( -1.000000000000000000, -0.000000000000000000, 0.000000000000000000 ) ) ;
#56 = ORIENTED_EDGE ( 'NONE', *, *, #623, .T. ) ;
#57 = LINE ( 'NONE', #258, #262 ) ;
#58 = EDGE_CURVE ( 'NONE', #2044, #1190, #2388, .T. ) ;
#59 = DIRECTION ( 'NONE',  ( 0.000000000000000000, -1.000000000000000000, -0.000000000000000000 ) ) ;
#60 = STYLED_ITEM ( 'NONE', ( #1495 ), #735 ) ;
#61 = ORIENTED_EDGE ( 'NONE', *, *, #3117, .F. ) ;
#62 = CARTESIAN_POINT ( 'NONE',  ( 0.007874015748031495954, -1.067128122525102435E-18, -0.02204724409448818867 ) ) ;
#63 = CARTESIAN_POINT ( 'NONE',  ( 0.03641732283464567399, 0.03248031496062991907, -0.02204724409448818867 ) ) ;
#64 = ORIENTED_EDGE ( 'NONE', *, *, #623, .F. ) ;
#65 = AXIS2_PLACEMENT_3D ( 'NONE', #2376, #2912, #276 ) ;
#66 = VECTOR ( 'NONE', #738, 39.37007874015748143 ) ;
#67 = CARTESIAN_POINT ( 'NONE',  ( -0.01181102362204098331, 0.002106462476690000325, -0.02283464566929133827 ) ) ;
#68 = VECTOR ( 'NONE', #3055, 39.37007874015748143 ) ;
#69 = LINE ( 'NONE', #2481, #807 ) ;
#70 = LINE ( 'NONE', #910, #557 ) ;
#71 = ORIENTED_EDGE ( 'NONE', *, *, #1178, .T. ) ;
#72 = CARTESIAN_POINT ( 'NONE',  ( -0.03641732283464567399, 0.03248031496062991907, -0.02362204724409448786 ) ) ;
#73 =( NAMED_UNIT ( * ) SI_UNIT ( $, .STERADIAN. ) SOLID_ANGLE_UNIT ( ) );
#74 = EDGE_CURVE ( 'NONE', #2822, #1097, #534, .T. ) ;
#75 = DIRECTION ( 'NONE',  ( -0.000000000000000000, 1.000000000000000000, 0.000000000000000000 ) ) ;
#76 = ORIENTED_EDGE ( 'NONE', *, *, #3307, .F. ) ;
#77 = FILL_AREA_STYLE ('',( #3164 ) ) ;
#78 = PLANE ( 'NONE',  #359 ) ;
#79 = ORIENTED_EDGE ( 'NONE', *, *, #3190, .T. ) ;
#80 = CARTESIAN_POINT ( 'NONE',  ( 0.01574803149606299191, -0.03248031496062991907, -0.02362204724409448786 ) ) ;
#81 = LINE ( 'NONE', #2695, #2691 ) ;
#82 = VERTEX_POINT ( 'NONE', #2689 ) ;
#83 = DIRECTION ( 'NONE',  ( 0.000000000000000000, -0.000000000000000000, -1.000000000000000000 ) ) ;
#84 = CARTESIAN_POINT ( 'NONE',  ( -0.009842519685039369942, -0.01279527559055118266, -0.02362204724409448786 ) ) ;
#85 = SURFACE_SIDE_STYLE ('',( #1422 ) ) ;
#86 = ORIENTED_EDGE ( 'NONE', *, *, #739, .F. ) ;
#87 = DIRECTION ( 'NONE',  ( -1.000000000000000000, -0.000000000000000000, 0.000000000000000000 ) ) ;
#88 = LINE ( 'NONE', #619, #2188 ) ;
#89 = ORIENTED_EDGE ( 'NONE', *, *, #2812, .T. ) ;
#90 = FILL_AREA_STYLE ('',( #2472 ) ) ;
#91 = CARTESIAN_POINT ( 'NONE',  ( 0.02362204724409984122, -0.001830545397304263969, -0.02362204724409448786 ) ) ;
#92 = ORIENTED_EDGE ( 'NONE', *, *, #1407, .T. ) ;
#93 = PRESENTATION_LAYER_ASSIGNMENT (  '', '', ( #3076 ) ) ;
#94 = DIRECTION ( 'NONE',  ( -0.000000000000000000, -0.000000000000000000, -1.000000000000000000 ) ) ;
#95 = AXIS2_PLACEMENT_3D ( 'NONE', #2498, #2700, #1630 ) ;
#96 = CARTESIAN_POINT ( 'NONE',  ( 0.009842519685039369942, 0.000000000000000000, -0.02204724409448818867 ) ) ;
#97 = ORIENTED_EDGE ( 'NONE', *, *, #2218, .F. ) ;
#98 = LINE ( 'NONE', #1709, #781 ) ;
#99 = VECTOR ( 'NONE', #209, 39.37007874015748143 ) ;
#100 = AXIS2_PLACEMENT_3D ( 'NONE', #1748, #2331, #2801 ) ;
#101 = CARTESIAN_POINT ( 'NONE',  ( -0.01574803149606299191, 0.03149606299212598381, -0.02204724409448818867 ) ) ;
#102 = MECHANICAL_DESIGN_GEOMETRIC_PRESENTATION_REPRESENTATION (  '', ( #2963 ), #2973 ) ;
#103 = LINE ( 'NONE', #578, #1834 ) ;
#104 = VERTEX_POINT ( 'NONE', #880 ) ;
#105 = CARTESIAN_POINT ( 'NONE',  ( 0.000000000000000000, 0.03149606299212598381, -0.02204724409448818867 ) ) ;
#106 = FILL_AREA_STYLE ('',( #2270 ) ) ;
#107 = ORIENTED_EDGE ( 'NONE', *, *, #2171, .F. ) ;
#108 = SURFACE_STYLE_USAGE ( .BOTH. , #2489 ) ;
#109 = CARTESIAN_POINT ( 'NONE',  ( -0.02362204724409448786, 0.000000000000000000, -0.02322834645669292000 ) ) ;
#110 = EDGE_CURVE ( 'NONE', #1765, #2906, #840, .T. ) ;
#111 = DIRECTION ( 'NONE',  ( 0.000000000000000000, 0.000000000000000000, 1.000000000000000000 ) ) ;
#112 = VERTEX_POINT ( 'NONE', #547 ) ;
#113 = UNCERTAINTY_MEASURE_WITH_UNIT (LENGTH_MEASURE( 1.000000000000000082E-05 ), #3075, 'distance_accuracy_value', 'NONE');
#114 =( CONVERSION_BASED_UNIT ( 'INCH', #2172 ) LENGTH_UNIT ( ) NAMED_UNIT ( #36 ) );
#115 = VERTEX_POINT ( 'NONE', #1373 ) ;
#116 = VECTOR ( 'NONE', #1554, 39.37007874015748143 ) ;
#117 = DIRECTION ( 'NONE',  ( 1.000000000000000000, 0.000000000000000000, -0.000000000000000000 ) ) ;
#118 = VECTOR ( 'NONE', #1508, 39.37007874015748143 ) ;
#119 = EDGE_LOOP ( 'NONE', ( #3159, #1866, #1035, #2887 ) ) ;
#120 = DIRECTION ( 'NONE',  ( -0.000000000000000000, -1.000000000000000000, 0.000000000000000000 ) ) ;
#121 = PRESENTATION_LAYER_ASSIGNMENT (  '', '', ( #3359 ) ) ;
#122 = AXIS2_PLACEMENT_3D ( 'NONE', #184, #684, #1468 ) ;
#123 = AXIS2_PLACEMENT_3D ( 'NONE', #834, #1885, #564 ) ;
#124 =( LENGTH_UNIT ( ) NAMED_UNIT ( * ) SI_UNIT ( $, .METRE. ) );
#125 = ORIENTED_EDGE ( 'NONE', *, *, #1515, .F. ) ;
#126 = DIRECTION ( 'NONE',  ( 0.000000000000000000, 0.000000000000000000, -1.000000000000000000 ) ) ;
#127 = FILL_AREA_STYLE ('',( #1181 ) ) ;
#128 = VECTOR ( 'NONE', #2437, 39.37007874015748143 ) ;
#129 = LINE ( 'NONE', #2240, #899 ) ;
#130 = ORIENTED_EDGE ( 'NONE', *, *, #2740, .F. ) ;
#131 = FACE_OUTER_BOUND ( 'NONE', #2580, .T. ) ;
#132 = CARTESIAN_POINT ( 'NONE',  ( -0.01771653543307086937, 0.03051181102362205202, -0.02283464566929133827 ) ) ;
#133 = ORIENTED_EDGE ( 'NONE', *, *, #3317, .F. ) ;
#134 = EDGE_CURVE ( 'NONE', #1721, #1873, #2439, .T. ) ;
#135 = UNCERTAINTY_MEASURE_WITH_UNIT (LENGTH_MEASURE( 1.000000000000000082E-05 ), #2453, 'distance_accuracy_value', 'NONE');
#136 = FACE_OUTER_BOUND ( 'NONE', #950, .T. ) ;
#137 = LINE ( 'NONE', #154, #2882 ) ;
#138 = ORIENTED_EDGE ( 'NONE', *, *, #2110, .F. ) ;
#139 = PRESENTATION_LAYER_ASSIGNMENT (  '', '', ( #574 ) ) ;
#140 = LINE ( 'NONE', #1993, #2778 ) ;
#141 = DIRECTION ( 'NONE',  ( -1.000000000000000000, -1.084202172485499873E-16, 0.000000000000000000 ) ) ;
#142 = ORIENTED_EDGE ( 'NONE', *, *, #1390, .T. ) ;
#143 = LINE ( 'NONE', #3294, #1109 ) ;
#144 =( NAMED_UNIT ( * ) SI_UNIT ( $, .STERADIAN. ) SOLID_ANGLE_UNIT ( ) );
#145 = LINE ( 'NONE', #381, #219 ) ;
#146 = EDGE_LOOP ( 'NONE', ( #2488, #3021, #2196, #201, #904, #1111 ) ) ;
#147 = CARTESIAN_POINT ( 'NONE',  ( -0.01771653543307086937, -0.01476377952755905665, -0.02204724409448818867 ) ) ;
#148 = VECTOR ( 'NONE', #165, 39.37007874015748143 ) ;
#149 = STYLED_ITEM ( 'NONE', ( #2619 ), #2 ) ;
#150 = EDGE_CURVE ( 'NONE', #2612, #2655, #57, .T. ) ;
#151 = VECTOR ( 'NONE', #2697, 39.37007874015748143 ) ;
#152 = DIRECTION ( 'NONE',  ( 1.000000000000000000, -0.000000000000000000, 0.000000000000000000 ) ) ;
#153 = ADVANCED_FACE ( 'NONE', ( #310 ), #2652, .T. ) ;
#154 = CARTESIAN_POINT ( 'NONE',  ( 0.01574803149606299191, 0.01279527559055118266, -0.02204724409448818867 ) ) ;
#155 = ORIENTED_EDGE ( 'NONE', *, *, #1333, .F. ) ;
#156 = DIRECTION ( 'NONE',  ( 0.000000000000000000, 0.000000000000000000, -1.000000000000000000 ) ) ;
#157 = FILL_AREA_STYLE ('',( #2539 ) ) ;
#158 = VERTEX_POINT ( 'NONE', #1687 ) ;
#159 = LINE ( 'NONE', #2843, #1216 ) ;
#160 = FACE_OUTER_BOUND ( 'NONE', #741, .T. ) ;
#161 = ADVANCED_FACE ( 'NONE', ( #1669 ), #3014, .F. ) ;
#162 = SURFACE_STYLE_USAGE ( .BOTH. , #3353 ) ;
#163 = ADVANCED_FACE ( 'NONE', ( #1440 ), #621, .F. ) ;
#164 = ORIENTED_EDGE ( 'NONE', *, *, #176, .F. ) ;
#165 = DIRECTION ( 'NONE',  ( 1.000000000000000000, 0.000000000000000000, -0.000000000000000000 ) ) ;
#166 = CARTESIAN_POINT ( 'NONE',  ( 0.009842519685039369942, -0.01279527559055118266, -0.02362204724409448786 ) ) ;
#167 = PRESENTATION_STYLE_ASSIGNMENT (( #3087 ) ) ;
#168 = CARTESIAN_POINT ( 'NONE',  ( 0.03641732283464567399, 0.03248031496062991907, -0.02204724409448818867 ) ) ;
#169 = DIRECTION ( 'NONE',  ( 0.000000000000000000, -1.066208027956720005E-32, -1.000000000000000000 ) ) ;
#170 = EDGE_LOOP ( 'NONE', ( #935, #2884, #710, #971 ) ) ;
#171 = CARTESIAN_POINT ( 'NONE',  ( 0.02362204724409448786, -0.01476377952755905665, -0.02204724409448818867 ) ) ;
#172 = FACE_OUTER_BOUND ( 'NONE', #2565, .T. ) ;
#173 = VECTOR ( 'NONE', #2312, 39.37007874015748143 ) ;
#174 = ORIENTED_EDGE ( 'NONE', *, *, #1473, .T. ) ;
#175 = CARTESIAN_POINT ( 'NONE',  ( -0.02362204724409448786, 0.01476377952755905665, -0.02322834645669292000 ) ) ;
#176 = EDGE_CURVE ( 'NONE', #3061, #411, #1265, .T. ) ;
#177 = EDGE_CURVE ( 'NONE', #1907, #560, #3081, .T. ) ;
#178 = PRESENTATION_LAYER_ASSIGNMENT (  '', '', ( #449 ) ) ;
#179 = DIRECTION ( 'NONE',  ( 0.000000000000000000, -0.000000000000000000, -1.000000000000000000 ) ) ;
#180 = ORIENTED_EDGE ( 'NONE', *, *, #2130, .F. ) ;
#181 = COLOUR_RGB ( '',0.6313725490196078205, 0.6588235294117646967, 0.6784313725490196401 ) ;
#182 = LINE ( 'NONE', #3329, #697 ) ;
#183 = CARTESIAN_POINT ( 'NONE',  ( 0.009842519685039373412, 0.03149606299212598381, -0.02362204724409448786 ) ) ;
#184 = CARTESIAN_POINT ( 'NONE',  ( -0.01771653543307086937, 0.000000000000000000, -0.02204724409448818867 ) ) ;
#185 = DIRECTION ( 'NONE',  ( 1.000000000000000000, 0.000000000000000000, -0.000000000000000000 ) ) ;
#186 = CARTESIAN_POINT ( 'NONE',  ( 0.000000000000000000, 0.03149606299212598381, -0.01200787401574803133 ) ) ;
#187 = ORIENTED_EDGE ( 'NONE', *, *, #932, .F. ) ;
#188 = DIRECTION ( 'NONE',  ( 1.084202172485499873E-16, -1.000000000000000000, 0.000000000000000000 ) ) ;
#189 = LINE ( 'NONE', #1511, #2292 ) ;
#190 = ORIENTED_EDGE ( 'NONE', *, *, #818, .F. ) ;
#191 = LENGTH_MEASURE_WITH_UNIT ( LENGTH_MEASURE( 0.02539999999999999897 ), #1298 );
#192 = UNCERTAINTY_MEASURE_WITH_UNIT (LENGTH_MEASURE( 1.000000000000000082E-05 ), #2283, 'distance_accuracy_value', 'NONE');
#193 = CARTESIAN_POINT ( 'NONE',  ( 0.01771653543307086937, 0.000000000000000000, -0.02283464566929133827 ) ) ;
#194 = VERTEX_POINT ( 'NONE', #3340 ) ;
#195 = ORIENTED_EDGE ( 'NONE', *, *, #1766, .F. ) ;
#196 = FILL_AREA_STYLE_COLOUR ( '', #2962 ) ;
#197 = UNCERTAINTY_MEASURE_WITH_UNIT (LENGTH_MEASURE( 1.000000000000000082E-05 ), #377, 'distance_accuracy_value', 'NONE');
#198 = DIRECTION ( 'NONE',  ( -0.000000000000000000, 1.000000000000000000, 0.000000000000000000 ) ) ;
#199 = FILL_AREA_STYLE ('',( #1920 ) ) ;
#200 = EDGE_CURVE ( 'NONE', #1883, #414, #2082, .T. ) ;
#201 = ORIENTED_EDGE ( 'NONE', *, *, #876, .T. ) ;
#202 = ADVANCED_FACE ( 'NONE', ( #3325 ), #2016, .F. ) ;
#203 = FACE_OUTER_BOUND ( 'NONE', #2875, .T. ) ;
#204 = PLANE ( 'NONE',  #100 ) ;
#205 = VECTOR ( 'NONE', #254, 39.37007874015748143 ) ;
#206 = AXIS2_PLACEMENT_3D ( 'NONE', #3393, #733, #2849 ) ;
#207 = ORIENTED_EDGE ( 'NONE', *, *, #1223, .F. ) ;
#208 = PLANE ( 'NONE',  #2721 ) ;
#209 = DIRECTION ( 'NONE',  ( -1.000000000000000000, -0.000000000000000000, 0.000000000000000000 ) ) ;
#210 = MECHANICAL_DESIGN_GEOMETRIC_PRESENTATION_REPRESENTATION (  '', ( #2161 ), #1355 ) ;
#211 = PLANE ( 'NONE',  #3144 ) ;
#212 = ORIENTED_EDGE ( 'NONE', *, *, #1467, .F. ) ;
#213 = EDGE_CURVE ( 'NONE', #1938, #2707, #2303, .T. ) ;
#214 = CARTESIAN_POINT ( 'NONE',  ( -0.03346456692913385433, -0.01476377952755905665, -0.02283464566929133827 ) ) ;
#215 = CARTESIAN_POINT ( 'NONE',  ( -0.007874015748031495954, 0.03051181102362205202, -0.02204724409448818867 ) ) ;
#216 = PLANE ( 'NONE',  #448 ) ;
#217 = DIRECTION ( 'NONE',  ( 0.000000000000000000, -0.000000000000000000, -1.000000000000000000 ) ) ;
#218 = ORIENTED_EDGE ( 'NONE', *, *, #2441, .T. ) ;
#219 = VECTOR ( 'NONE', #2509, 39.37007874015748143 ) ;
#220 = ORIENTED_EDGE ( 'NONE', *, *, #1199, .T. ) ;
#221 = DIRECTION ( 'NONE',  ( 1.000000000000000000, 0.000000000000000000, 0.000000000000000000 ) ) ;
#222 = PLANE ( 'NONE',  #3248 ) ;
#223 = ORIENTED_EDGE ( 'NONE', *, *, #239, .T. ) ;
#224 = VECTOR ( 'NONE', #3397, 39.37007874015748143 ) ;
#225 = VECTOR ( 'NONE', #1590, 39.37007874015748143 ) ;
#226 = ADVANCED_FACE ( 'NONE', ( #3350 ), #2858, .F. ) ;
#227 = ORIENTED_EDGE ( 'NONE', *, *, #484, .T. ) ;
#228 =( NAMED_UNIT ( * ) PLANE_ANGLE_UNIT ( ) SI_UNIT ( $, .RADIAN. ) );
#229 = AXIS2_PLACEMENT_3D ( 'NONE', #1575, #2955, #1315 ) ;
#230 = ADVANCED_BREP_SHAPE_REPRESENTATION ( 'SFH 7016', ( #1530, #1786 ), #281 ) ;
#231 = CARTESIAN_POINT ( 'NONE',  ( 0.000000000000000000, -0.03149606299212598381, -0.01200787401574803133 ) ) ;
#232 = LINE ( 'NONE', #277, #727 ) ;
#233 = MECHANICAL_DESIGN_GEOMETRIC_PRESENTATION_REPRESENTATION (  '', ( #60 ), #1288 ) ;
#234 = ORIENTED_EDGE ( 'NONE', *, *, #1808, .F. ) ;
#235 = LINE ( 'NONE', #1019, #1676 ) ;
#236 = ORIENTED_EDGE ( 'NONE', *, *, #2990, .F. ) ;
#237 = DIRECTION ( 'NONE',  ( 0.000000000000000000, 0.000000000000000000, 1.000000000000000000 ) ) ;
#238 =( CONVERSION_BASED_UNIT ( 'INCH', #191 ) LENGTH_UNIT ( ) NAMED_UNIT ( #1311 ) );
#239 = EDGE_CURVE ( 'NONE', #115, #730, #2871, .T. ) ;
#240 = ORIENTED_EDGE ( 'NONE', *, *, #1607, .F. ) ;
#241 = CARTESIAN_POINT ( 'NONE',  ( -0.01771653543307086937, -0.03051181102362205202, -0.02204724409448818867 ) ) ;
#242 = DIRECTION ( 'NONE',  ( -0.000000000000000000, 1.000000000000000000, 0.000000000000000000 ) ) ;
#243 = DIMENSIONAL_EXPONENTS ( 1.000000000000000000, 0.000000000000000000, 0.000000000000000000, 0.000000000000000000, 0.000000000000000000, 0.000000000000000000, 0.000000000000000000 ) ;
#244 = EDGE_CURVE ( 'NONE', #1274, #520, #1229, .T. ) ;
#245 = PLANE ( 'NONE',  #877 ) ;
#246 = ORIENTED_EDGE ( 'NONE', *, *, #906, .F. ) ;
#247 = SURFACE_STYLE_FILL_AREA ( #508 ) ;
#248 = VECTOR ( 'NONE', #415, 39.37007874015748143 ) ;
#249 = EDGE_CURVE ( 'NONE', #2749, #1806, #495, .T. ) ;
#250 = FACE_OUTER_BOUND ( 'NONE', #1134, .T. ) ;
#251 = ORIENTED_EDGE ( 'NONE', *, *, #2711, .T. ) ;
#252 = COLOUR_RGB ( '',1.000000000000000000, 1.000000000000000000, 1.000000000000000000 ) ;
#253 = DIRECTION ( 'NONE',  ( -0.000000000000000000, 0.000000000000000000, 1.000000000000000000 ) ) ;
#254 = DIRECTION ( 'NONE',  ( -1.000000000000000000, -0.000000000000000000, -0.000000000000000000 ) ) ;
#255 = VECTOR ( 'NONE', #59, 39.37007874015748143 ) ;
#256 = CARTESIAN_POINT ( 'NONE',  ( -0.02755905511811023584, 0.01476377952755905665, -0.02204724409448818867 ) ) ;
#257 = ORIENTED_EDGE ( 'NONE', *, *, #502, .F. ) ;
#258 = CARTESIAN_POINT ( 'NONE',  ( 0.02362204724409984122, 0.002106462476690000325, -0.02283464566929133827 ) ) ;
#259 = CARTESIAN_POINT ( 'NONE',  ( 0.000000000000000000, 0.000000000000000000, 0.000000000000000000 ) ) ;
#260 = PRESENTATION_LAYER_ASSIGNMENT (  '', '', ( #3394 ) ) ;
#261 = EDGE_CURVE ( 'NONE', #2659, #586, #725, .T. ) ;
#262 = VECTOR ( 'NONE', #2185, 39.37007874015748143 ) ;
#263 = DIRECTION ( 'NONE',  ( 1.000000000000000000, 0.000000000000000000, -0.000000000000000000 ) ) ;
#264 = CARTESIAN_POINT ( 'NONE',  ( -0.01181102362204098331, 0.007027722319191771240, -0.02362204724409448786 ) ) ;
#265 = DIMENSIONAL_EXPONENTS ( 1.000000000000000000, 0.000000000000000000, 0.000000000000000000, 0.000000000000000000, 0.000000000000000000, 0.000000000000000000, 0.000000000000000000 ) ;
#266 = EDGE_LOOP ( 'NONE', ( #643, #1287, #2839, #2461 ) ) ;
#267 = EDGE_CURVE ( 'NONE', #16, #1410, #1529, .T. ) ;
#268 = SURFACE_SIDE_STYLE ('',( #2918 ) ) ;
#269 = ORIENTED_EDGE ( 'NONE', *, *, #3292, .F. ) ;
#270 = ORIENTED_EDGE ( 'NONE', *, *, #346, .T. ) ;
#271 = EDGE_CURVE ( 'NONE', #2595, #2718, #1281, .T. ) ;
#272 = ADVANCED_FACE ( 'NONE', ( #1369 ), #2670, .T. ) ;
#273 = DIRECTION ( 'NONE',  ( -0.000000000000000000, 0.000000000000000000, 1.000000000000000000 ) ) ;
#274 = AXIS2_PLACEMENT_3D ( 'NONE', #2261, #198, #1988 ) ;
#275 = MECHANICAL_DESIGN_GEOMETRIC_PRESENTATION_REPRESENTATION (  '', ( #1778 ), #2934 ) ;
#276 = DIRECTION ( 'NONE',  ( -1.355252715606880049E-16, 1.000000000000000000, 0.000000000000000000 ) ) ;
#277 = CARTESIAN_POINT ( 'NONE',  ( 0.000000000000000000, -0.01279527559055118266, -0.02362204724409448786 ) ) ;
#278 = VECTOR ( 'NONE', #2233, 39.37007874015748143 ) ;
#279 = MECHANICAL_DESIGN_GEOMETRIC_PRESENTATION_REPRESENTATION (  '', ( #2831 ), #3123 ) ;
#280 = VECTOR ( 'NONE', #3322, 39.37007874015748143 ) ;
#281 =( GEOMETRIC_REPRESENTATION_CONTEXT ( 3 ) GLOBAL_UNCERTAINTY_ASSIGNED_CONTEXT ( ( #2156 ) ) GLOBAL_UNIT_ASSIGNED_CONTEXT ( ( #1922, #2249, #1136 ) ) REPRESENTATION_CONTEXT ( 'NONE', 'WORKASPACE' ) );
#282 = CARTESIAN_POINT ( 'NONE',  ( -0.03543307086614173873, -0.01279527559055118266, -0.02204724409448818867 ) ) ;
#283 = EDGE_LOOP ( 'NONE', ( #269, #707, #885, #3138 ) ) ;
#284 = SURFACE_SIDE_STYLE ('',( #2077 ) ) ;
#285 = MECHANICAL_DESIGN_GEOMETRIC_PRESENTATION_REPRESENTATION (  '', ( #18 ), #1901 ) ;
#286 = ORIENTED_EDGE ( 'NONE', *, *, #422, .F. ) ;
#287 = CARTESIAN_POINT ( 'NONE',  ( -0.01574803149606299191, 0.03248031496062991907, -0.02362204724409448786 ) ) ;
#288 = CARTESIAN_POINT ( 'NONE',  ( -0.03641732283464567399, 0.03248031496062991907, -0.01574803149606299191 ) ) ;
#289 = DIRECTION ( 'NONE',  ( 1.000000000000000000, 0.000000000000000000, 0.000000000000000000 ) ) ;
#290 = EDGE_LOOP ( 'NONE', ( #382, #2070, #620, #2503 ) ) ;
#291 = CARTESIAN_POINT ( 'NONE',  ( -0.03641732283464567399, -0.01279527559055118092, -0.02362204724409448786 ) ) ;
#292 = CARTESIAN_POINT ( 'NONE',  ( -0.03543307086614173873, 0.000000000000000000, -0.02204724409448818867 ) ) ;
#293 =( CONVERSION_BASED_UNIT ( 'INCH', #802 ) LENGTH_UNIT ( ) NAMED_UNIT ( #243 ) );
#294 = ORIENTED_EDGE ( 'NONE', *, *, #2130, .T. ) ;
#295 = FACE_OUTER_BOUND ( 'NONE', #37, .T. ) ;
#296 = DIRECTION ( 'NONE',  ( 1.000000000000000000, 0.000000000000000000, -0.000000000000000000 ) ) ;
#297 = CARTESIAN_POINT ( 'NONE',  ( -0.007874015748031495954, 0.01476377952755905665, -0.02283464566929133827 ) ) ;
#298 = ORIENTED_EDGE ( 'NONE', *, *, #1254, .T. ) ;
#299 = STYLED_ITEM ( 'NONE', ( #1861 ), #475 ) ;
#300 = EDGE_CURVE ( 'NONE', #754, #2718, #2633, .T. ) ;
#301 = EDGE_CURVE ( 'NONE', #2438, #20, #544, .T. ) ;
#302 = PLANE ( 'NONE',  #532 ) ;
#303 = CARTESIAN_POINT ( 'NONE',  ( -0.03346456692913385433, 0.03051181102362205202, -0.02322834645669292000 ) ) ;
#304 = VERTEX_POINT ( 'NONE', #2385 ) ;
#306 = FILL_AREA_STYLE_COLOUR ( '', #2970 ) ;
#305 = VECTOR ( 'NONE', #296, 39.37007874015748143 ) ;
#307 = STYLED_ITEM ( 'NONE', ( #2446 ), #1465 ) ;
#308 = DIRECTION ( 'NONE',  ( 0.000000000000000000, 0.000000000000000000, -1.000000000000000000 ) ) ;
#309 = ORIENTED_EDGE ( 'NONE', *, *, #1842, .T. ) ;
#310 = FACE_OUTER_BOUND ( 'NONE', #1656, .T. ) ;
#311 = EDGE_CURVE ( 'NONE', #914, #457, #3195, .T. ) ;
#312 = EDGE_CURVE ( 'NONE', #2552, #112, #796, .T. ) ;
#313 = VERTEX_POINT ( 'NONE', #2138 ) ;
#314 = DIRECTION ( 'NONE',  ( 0.000000000000000000, -1.000000000000000000, -0.000000000000000000 ) ) ;
#315 = DIRECTION ( 'NONE',  ( -0.000000000000000000, -1.000000000000000000, -0.000000000000000000 ) ) ;
#316 = DIRECTION ( 'NONE',  ( 1.314184451497579533E-16, -1.000000000000000000, 0.000000000000000000 ) ) ;
#317 = ORIENTED_EDGE ( 'NONE', *, *, #605, .F. ) ;
#318 = PLANE ( 'NONE',  #1833 ) ;
#319 = EDGE_CURVE ( 'NONE', #2866, #1186, #837, .T. ) ;
#320 = CARTESIAN_POINT ( 'NONE',  ( 0.03346456692913385433, -0.01476377952755905665, -0.02283464566929133827 ) ) ;
#321 = LINE ( 'NONE', #3253, #959 ) ;
#322 = VERTEX_POINT ( 'NONE', #2121 ) ;
#323 = LINE ( 'NONE', #1175, #1282 ) ;
#324 = DIRECTION ( 'NONE',  ( -1.000000000000000000, 0.000000000000000000, 0.000000000000000000 ) ) ;
#325 = ORIENTED_EDGE ( 'NONE', *, *, #300, .F. ) ;
#326 = DIRECTION ( 'NONE',  ( -1.084202172485499873E-16, 1.000000000000000000, -0.000000000000000000 ) ) ;
#327 = CARTESIAN_POINT ( 'NONE',  ( 0.000000000000000000, 0.01476377952755905665, -0.02283464566929133827 ) ) ;
#328 = VECTOR ( 'NONE', #3183, 39.37007874015748143 ) ;
#329 = DIRECTION ( 'NONE',  ( 1.314184451497579533E-16, -1.000000000000000000, 0.000000000000000000 ) ) ;
#330 = CARTESIAN_POINT ( 'NONE',  ( -0.03543307086614173873, 0.01279527559055118266, -0.02204724409448818867 ) ) ;
#331 =( NAMED_UNIT ( * ) PLANE_ANGLE_UNIT ( ) SI_UNIT ( $, .RADIAN. ) );
#332 = PLANE ( 'NONE',  #1755 ) ;
#333 = ORIENTED_EDGE ( 'NONE', *, *, #502, .T. ) ;
#334 = VECTOR ( 'NONE', #742, 39.37007874015748143 ) ;
#335 = AXIS2_PLACEMENT_3D ( 'NONE', #2134, #829, #2662 ) ;
#336 =( CONVERSION_BASED_UNIT ( 'INCH', #649 ) LENGTH_UNIT ( ) NAMED_UNIT ( #2877 ) );
#337 = VECTOR ( 'NONE', #390, 39.37007874015748143 ) ;
#338 = DIRECTION ( 'NONE',  ( 1.000000000000000000, 0.000000000000000000, 0.000000000000000000 ) ) ;
#339 = ORIENTED_EDGE ( 'NONE', *, *, #1294, .F. ) ;
#340 = PRESENTATION_LAYER_ASSIGNMENT (  '', '', ( #1731 ) ) ;
#341 = PLANE ( 'NONE',  #1724 ) ;
#342 = DIRECTION ( 'NONE',  ( 1.000000000000000000, 0.000000000000000000, 0.000000000000000000 ) ) ;
#343 = VERTEX_POINT ( 'NONE', #3211 ) ;
#344 =( GEOMETRIC_REPRESENTATION_CONTEXT ( 3 ) GLOBAL_UNCERTAINTY_ASSIGNED_CONTEXT ( ( #558 ) ) GLOBAL_UNIT_ASSIGNED_CONTEXT ( ( #587, #3032, #2255 ) ) REPRESENTATION_CONTEXT ( 'NONE', 'WORKASPACE' ) );
#345 = DIRECTION ( 'NONE',  ( -1.000000000000000000, -0.000000000000000000, 0.000000000000000000 ) ) ;
#346 = EDGE_CURVE ( 'NONE', #1190, #2543, #1386, .T. ) ;
#347 = VERTEX_POINT ( 'NONE', #3161 ) ;
#348 = CARTESIAN_POINT ( 'NONE',  ( -0.03543307086614173873, -0.01279527559055118266, -0.02283464566929133827 ) ) ;
#349 = CARTESIAN_POINT ( 'NONE',  ( 0.03641732283464567399, 0.000000000000000000, 0.000000000000000000 ) ) ;
#350 = ORIENTED_EDGE ( 'NONE', *, *, #1484, .F. ) ;
#351 = CARTESIAN_POINT ( 'NONE',  ( 0.000000000000000000, 0.03149606299212598381, -0.02283464566929133827 ) ) ;
#352 = ADVANCED_FACE ( 'NONE', ( #1854 ), #855, .F. ) ;
#353 = LINE ( 'NONE', #1884, #2144 ) ;
#354 = LINE ( 'NONE', #633, #337 ) ;
#355 = ORIENTED_EDGE ( 'NONE', *, *, #2602, .T. ) ;
#356 = LINE ( 'NONE', #1976, #3252 ) ;
#357 = DIRECTION ( 'NONE',  ( 0.000000000000000000, -0.000000000000000000, 1.000000000000000000 ) ) ;
#358 = ADVANCED_FACE ( 'NONE', ( #2418 ), #40, .F. ) ;
#359 = AXIS2_PLACEMENT_3D ( 'NONE', #1162, #1737, #3048 ) ;
#360 = CARTESIAN_POINT ( 'NONE',  ( 0.009842519685039369942, -0.01279527559055118266, -0.02362204724409448786 ) ) ;
#361 = ORIENTED_EDGE ( 'NONE', *, *, #2089, .F. ) ;
#362 =( CONVERSION_BASED_UNIT ( 'INCH', #930 ) LENGTH_UNIT ( ) NAMED_UNIT ( #1338 ) );
#363 = DIRECTION ( 'NONE',  ( -0.000000000000000000, 0.000000000000000000, 1.000000000000000000 ) ) ;
#364 = CARTESIAN_POINT ( 'NONE',  ( 0.007874015748031495954, 0.03051181102362205202, -0.02204724409448818867 ) ) ;
#365 = ORIENTED_EDGE ( 'NONE', *, *, #2615, .F. ) ;
#366 = AXIS2_PLACEMENT_3D ( 'NONE', #186, #1001, #2838 ) ;
#367 = AXIS2_PLACEMENT_3D ( 'NONE', #259, #2087, #25 ) ;
#368 =( CONVERSION_BASED_UNIT ( 'INCH', #889 ) LENGTH_UNIT ( ) NAMED_UNIT ( #3392 ) );
#369 = EDGE_LOOP ( 'NONE', ( #2902, #2368, #2421, #2668 ) ) ;
#370 = CARTESIAN_POINT ( 'NONE',  ( 0.000000000000000000, 0.000000000000000000, -0.02204724409448818867 ) ) ;
#371 = FACE_OUTER_BOUND ( 'NONE', #1752, .T. ) ;
#372 = EDGE_CURVE ( 'NONE', #3382, #3308, #2787, .T. ) ;
#373 = LENGTH_MEASURE_WITH_UNIT ( LENGTH_MEASURE( 0.02539999999999999897 ), #3208 );
#374 = ORIENTED_EDGE ( 'NONE', *, *, #1591, .T. ) ;
#375 = CARTESIAN_POINT ( 'NONE',  ( 0.000000000000000000, -0.03051181102362205202, -0.02283464566929133827 ) ) ;
#376 = SURFACE_SIDE_STYLE ('',( #2268 ) ) ;
#377 =( CONVERSION_BASED_UNIT ( 'INCH', #3260 ) LENGTH_UNIT ( ) NAMED_UNIT ( #806 ) );
#378 = EDGE_LOOP ( 'NONE', ( #978, #1740, #2474, #604, #2969, #2723, #929, #3037, #629, #1844 ) ) ;
#379 = LINE ( 'NONE', #2542, #3336 ) ;
#380 = ADVANCED_FACE ( 'NONE', ( #1193 ), #3029, .F. ) ;
#381 = CARTESIAN_POINT ( 'NONE',  ( -0.03346456692913385433, 0.000000000000000000, -0.02283464566929133827 ) ) ;
#382 = ORIENTED_EDGE ( 'NONE', *, *, #637, .T. ) ;
#383 = VECTOR ( 'NONE', #329, 39.37007874015748143 ) ;
#384 = CARTESIAN_POINT ( 'NONE',  ( -0.03641732283464567399, -0.03248031496062991907, -0.01574803149606299191 ) ) ;
#385 = CARTESIAN_POINT ( 'NONE',  ( -0.03641732283464567399, -0.01279527559055118266, -0.02362204724409448786 ) ) ;
#386 =( NAMED_UNIT ( * ) SI_UNIT ( $, .STERADIAN. ) SOLID_ANGLE_UNIT ( ) );
#387 = DIRECTION ( 'NONE',  ( -1.100938152602059773E-48, -1.000000000000000000, 1.066208027956720005E-32 ) ) ;
#388 = VECTOR ( 'NONE', #2795, 39.37007874015748143 ) ;
#389 = VECTOR ( 'NONE', #1154, 39.37007874015748143 ) ;
#390 = DIRECTION ( 'NONE',  ( -0.000000000000000000, -1.000000000000000000, -0.000000000000000000 ) ) ;
#391 = EDGE_LOOP ( 'NONE', ( #3034, #2163, #2570, #79 ) ) ;
#392 = DIRECTION ( 'NONE',  ( 0.000000000000000000, -0.000000000000000000, 1.000000000000000000 ) ) ;
#393 =( LENGTH_UNIT ( ) NAMED_UNIT ( * ) SI_UNIT ( $, .METRE. ) );
#394 = AXIS2_PLACEMENT_3D ( 'NONE', #2834, #2308, #1187 ) ;
#395 = ORIENTED_EDGE ( 'NONE', *, *, #213, .F. ) ;
#396 = FACE_OUTER_BOUND ( 'NONE', #2065, .T. ) ;
#397 = VECTOR ( 'NONE', #569, 39.37007874015748143 ) ;
#398 = ADVANCED_FACE ( 'NONE', ( #2755 ), #2771, .F. ) ;
#399 = FILL_AREA_STYLE ('',( #1196 ) ) ;
#400 = VERTEX_POINT ( 'NONE', #3058 ) ;
#401 = CARTESIAN_POINT ( 'NONE',  ( -0.03641732283464567399, -0.03248031496062991907, -0.02362204724409448786 ) ) ;
#402 = SURFACE_STYLE_FILL_AREA ( #954 ) ;
#403 = FILL_AREA_STYLE_COLOUR ( '', #1692 ) ;
#404 = DIRECTION ( 'NONE',  ( 1.000000000000000000, 0.000000000000000000, 0.000000000000000000 ) ) ;
#405 = ORIENTED_EDGE ( 'NONE', *, *, #1842, .F. ) ;
#406 = LINE ( 'NONE', #171, #442 ) ;
#407 = SURFACE_STYLE_USAGE ( .BOTH. , #3043 ) ;
#408 = ADVANCED_FACE ( 'NONE', ( #689 ), #204, .F. ) ;
#409 = ADVANCED_FACE ( 'NONE', ( #172 ), #455, .F. ) ;
#410 = CARTESIAN_POINT ( 'NONE',  ( -0.03641732283464567399, -0.01279527559055118092, -0.02204724409448818867 ) ) ;
#411 = VERTEX_POINT ( 'NONE', #2025 ) ;
#412 = DIRECTION ( 'NONE',  ( -0.000000000000000000, 0.000000000000000000, -1.000000000000000000 ) ) ;
#413 = CARTESIAN_POINT ( 'NONE',  ( 0.03346456692913385433, 0.03051181102362205202, -0.02204724409448818867 ) ) ;
#414 = VERTEX_POINT ( 'NONE', #3319 ) ;
#415 = DIRECTION ( 'NONE',  ( -0.000000000000000000, -0.000000000000000000, -1.000000000000000000 ) ) ;
#416 = MECHANICAL_DESIGN_GEOMETRIC_PRESENTATION_REPRESENTATION (  '', ( #1474 ), #3236 ) ;
#417 = VECTOR ( 'NONE', #2281, 39.37007874015748143 ) ;
#418 = DIRECTION ( 'NONE',  ( 1.084202172485499873E-16, -1.000000000000000000, -0.000000000000000000 ) ) ;
#419 = LENGTH_MEASURE_WITH_UNIT ( LENGTH_MEASURE( 0.02539999999999999897 ), #2814 );
#420 = VECTOR ( 'NONE', #3179, 39.37007874015748143 ) ;
#421 = FACE_BOUND ( 'NONE', #1975, .T. ) ;
#422 = EDGE_CURVE ( 'NONE', #2655, #2086, #2516, .T. ) ;
#423 = VERTEX_POINT ( 'NONE', #2767 ) ;
#424 = ADVANCED_FACE ( 'NONE', ( #421, #136 ), #438, .F. ) ;
#425 =( NAMED_UNIT ( * ) SI_UNIT ( $, .STERADIAN. ) SOLID_ANGLE_UNIT ( ) );
#426 = AXIS2_PLACEMENT_3D ( 'NONE', #288, #1888, #1349 ) ;
#427 = VECTOR ( 'NONE', #1579, 39.37007874015748143 ) ;
#428 = ORIENTED_EDGE ( 'NONE', *, *, #1391, .T. ) ;
#429 = DIRECTION ( 'NONE',  ( -0.000000000000000000, -1.000000000000000000, -0.000000000000000000 ) ) ;
#430 = CARTESIAN_POINT ( 'NONE',  ( 0.000000000000000000, 0.000000000000000000, -0.02283464566929133827 ) ) ;
#431 = UNCERTAINTY_MEASURE_WITH_UNIT (LENGTH_MEASURE( 1.000000000000000082E-05 ), #1796, 'distance_accuracy_value', 'NONE');
#432 = SURFACE_STYLE_USAGE ( .BOTH. , #1532 ) ;
#433 = VERTEX_POINT ( 'NONE', #3333 ) ;
#434 = PLANE ( 'NONE',  #2634 ) ;
#435 = CARTESIAN_POINT ( 'NONE',  ( -0.03543307086614173873, -0.01279527559055118266, -0.02362204724409448786 ) ) ;
#436 = CARTESIAN_POINT ( 'NONE',  ( -0.03346456692913385433, 0.000000000000000000, -0.02204724409448818867 ) ) ;
#437 =( GEOMETRIC_REPRESENTATION_CONTEXT ( 3 ) GLOBAL_UNCERTAINTY_ASSIGNED_CONTEXT ( ( #2588 ) ) GLOBAL_UNIT_ASSIGNED_CONTEXT ( ( #1395, #3246, #1952 ) ) REPRESENTATION_CONTEXT ( 'NONE', 'WORKASPACE' ) );
#438 = PLANE ( 'NONE',  #3171 ) ;
#439 = PRESENTATION_STYLE_ASSIGNMENT (( #2561 ) ) ;
#440 = VERTEX_POINT ( 'NONE', #168 ) ;
#441 = DIRECTION ( 'NONE',  ( -0.000000000000000000, 1.000000000000000000, 0.000000000000000000 ) ) ;
#442 = VECTOR ( 'NONE', #1222, 39.37007874015748143 ) ;
#443 = LENGTH_MEASURE_WITH_UNIT ( LENGTH_MEASURE( 0.02539999999999999897 ), #1733 );
#444 = ORIENTED_EDGE ( 'NONE', *, *, #74, .T. ) ;
#445 = LINE ( 'NONE', #2553, #2996 ) ;
#446 = CARTESIAN_POINT ( 'NONE',  ( 0.000000000000000000, 0.01476377952755905665, -0.02283464566929133827 ) ) ;
#447 = VECTOR ( 'NONE', #1887, 39.37007874015748143 ) ;
#448 = AXIS2_PLACEMENT_3D ( 'NONE', #264, #242, #2878 ) ;
#449 = STYLED_ITEM ( 'NONE', ( #1326 ), #1133 ) ;
#450 = ORIENTED_EDGE ( 'NONE', *, *, #2274, .F. ) ;
#451 = ORIENTED_EDGE ( 'NONE', *, *, #1307, .F. ) ;
#452 = LINE ( 'NONE', #3085, #873 ) ;
#453 = CARTESIAN_POINT ( 'NONE',  ( 0.02362204724409448786, 0.000000000000000000, -0.02322834645669292000 ) ) ;
#454 =( LENGTH_UNIT ( ) NAMED_UNIT ( * ) SI_UNIT ( $, .METRE. ) );
#455 = PLANE ( 'NONE',  #33 ) ;
#456 = CARTESIAN_POINT ( 'NONE',  ( -0.009842519685039369942, 0.03248031496062991907, -0.02362204724409448786 ) ) ;
#457 = VERTEX_POINT ( 'NONE', #984 ) ;
#458 = SURFACE_STYLE_FILL_AREA ( #2840 ) ;
#459 = EDGE_CURVE ( 'NONE', #1428, #2220, #1745, .T. ) ;
#460 = CARTESIAN_POINT ( 'NONE',  ( 0.01771653543307086937, 0.03051181102362205202, -0.02204724409448818867 ) ) ;
#461 = EDGE_CURVE ( 'NONE', #112, #1327, #1217, .T. ) ;
#462 = DIRECTION ( 'NONE',  ( -1.084202172485499873E-16, 1.000000000000000000, 0.000000000000000000 ) ) ;
#463 = VERTEX_POINT ( 'NONE', #1780 ) ;
#464 = DIRECTION ( 'NONE',  ( 0.000000000000000000, 0.000000000000000000, -1.000000000000000000 ) ) ;
#465 = LINE ( 'NONE', #2304, #1211 ) ;
#466 =( GEOMETRIC_REPRESENTATION_CONTEXT ( 3 ) GLOBAL_UNCERTAINTY_ASSIGNED_CONTEXT ( ( #2072 ) ) GLOBAL_UNIT_ASSIGNED_CONTEXT ( ( #2816, #3303, #1454 ) ) REPRESENTATION_CONTEXT ( 'NONE', 'WORKASPACE' ) );
#467 = ORIENTED_EDGE ( 'NONE', *, *, #2010, .F. ) ;
#468 = FACE_OUTER_BOUND ( 'NONE', #2680, .T. ) ;
#469 =( NAMED_UNIT ( * ) SI_UNIT ( $, .STERADIAN. ) SOLID_ANGLE_UNIT ( ) );
#470 = UNCERTAINTY_MEASURE_WITH_UNIT (LENGTH_MEASURE( 1.000000000000000082E-05 ), #2064, 'distance_accuracy_value', 'NONE');
#471 = VECTOR ( 'NONE', #273, 39.37007874015748143 ) ;
#472 = VECTOR ( 'NONE', #2359, 39.37007874015748143 ) ;
#473 = ORIENTED_EDGE ( 'NONE', *, *, #2522, .T. ) ;
#474 = CARTESIAN_POINT ( 'NONE',  ( -0.01771653543307086937, -0.03051181102362205202, -0.02322834645669292000 ) ) ;
#475 = ADVANCED_FACE ( 'NONE', ( #2837 ), #1302, .F. ) ;
#476 = VECTOR ( 'NONE', #3008, 39.37007874015748143 ) ;
#477 = LINE ( 'NONE', #1543, #13 ) ;
#478 = ORIENTED_EDGE ( 'NONE', *, *, #1254, .F. ) ;
#479 = CARTESIAN_POINT ( 'NONE',  ( -0.007874015748031495954, 0.000000000000000000, -0.02283464566929133827 ) ) ;
#480 = CARTESIAN_POINT ( 'NONE',  ( 0.01574803149606299191, -0.01279527559055118266, -0.02322834645669292000 ) ) ;
#481 = LINE ( 'NONE', #977, #1 ) ;
#482 = ORIENTED_EDGE ( 'NONE', *, *, #461, .T. ) ;
#483 = ORIENTED_EDGE ( 'NONE', *, *, #484, .F. ) ;
#484 = EDGE_CURVE ( 'NONE', #2894, #2818, #2442, .T. ) ;
#485 = CARTESIAN_POINT ( 'NONE',  ( -0.02755905511811023584, 0.000000000000000000, -0.02322834645669292000 ) ) ;
#486 = EDGE_CURVE ( 'NONE', #3243, #1992, #2424, .T. ) ;
#487 = SURFACE_STYLE_FILL_AREA ( #1342 ) ;
#488 = FACE_OUTER_BOUND ( 'NONE', #1813, .T. ) ;
#489 =( NAMED_UNIT ( * ) PLANE_ANGLE_UNIT ( ) SI_UNIT ( $, .RADIAN. ) );
#490 = ORIENTED_EDGE ( 'NONE', *, *, #2373, .T. ) ;
#491 = CARTESIAN_POINT ( 'NONE',  ( 0.000000000000000000, -0.01476377952755905665, -0.02204724409448818867 ) ) ;
#492 = LINE ( 'NONE', #1609, #1056 ) ;
#493 = ORIENTED_EDGE ( 'NONE', *, *, #1290, .F. ) ;
#494 = DIRECTION ( 'NONE',  ( -0.000000000000000000, 1.000000000000000000, 0.000000000000000000 ) ) ;
#495 = LINE ( 'NONE', #3097, #1141 ) ;
#496 = SURFACE_SIDE_STYLE ('',( #2182 ) ) ;
#497 = ORIENTED_EDGE ( 'NONE', *, *, #1793, .T. ) ;
#498 = MECHANICAL_DESIGN_GEOMETRIC_PRESENTATION_REPRESENTATION (  '', ( #3206 ), #2879 ) ;
#499 = SURFACE_SIDE_STYLE ('',( #2104 ) ) ;
#500 = VECTOR ( 'NONE', #2135, 39.37007874015748143 ) ;
#501 = PRESENTATION_STYLE_ASSIGNMENT (( #1859 ) ) ;
#502 = EDGE_CURVE ( 'NONE', #1434, #2595, #46, .T. ) ;
#503 = CARTESIAN_POINT ( 'NONE',  ( -0.03641732283464567399, 0.03248031496062991907, -0.02204724409448818867 ) ) ;
#504 = LINE ( 'NONE', #1306, #1781 ) ;
#505 = EDGE_CURVE ( 'NONE', #1144, #322, #3215, .T. ) ;
#506 = LINE ( 'NONE', #753, #2909 ) ;
#507 = VERTEX_POINT ( 'NONE', #2107 ) ;
#508 = FILL_AREA_STYLE ('',( #3383 ) ) ;
#509 = DIMENSIONAL_EXPONENTS ( 1.000000000000000000, 0.000000000000000000, 0.000000000000000000, 0.000000000000000000, 0.000000000000000000, 0.000000000000000000, 0.000000000000000000 ) ;
#510 = PLANE ( 'NONE',  #614 ) ;
#511 = ORIENTED_EDGE ( 'NONE', *, *, #2345, .F. ) ;
#512 = DIRECTION ( 'NONE',  ( 0.000000000000000000, 0.000000000000000000, -1.000000000000000000 ) ) ;
#513 = ADVANCED_FACE ( 'NONE', ( #3149 ), #2928, .F. ) ;
#514 = EDGE_CURVE ( 'NONE', #194, #2438, #550, .T. ) ;
#515 = CARTESIAN_POINT ( 'NONE',  ( -0.02362204724409448786, 0.000000000000000000, -0.02204724409448818867 ) ) ;
#516 = EDGE_LOOP ( 'NONE', ( #616, #86, #2510, #3005, #986, #3231 ) ) ;
#517 = DIRECTION ( 'NONE',  ( 0.000000000000000000, -0.000000000000000000, 1.000000000000000000 ) ) ;
#518 = SURFACE_STYLE_FILL_AREA ( #2893 ) ;
#519 = SURFACE_STYLE_FILL_AREA ( #785 ) ;
#520 = VERTEX_POINT ( 'NONE', #1739 ) ;
#521 = CARTESIAN_POINT ( 'NONE',  ( -0.03641732283464567399, 0.01279527559055118266, -0.02362204724409448786 ) ) ;
#522 = SURFACE_STYLE_USAGE ( .BOTH. , #3119 ) ;
#523 = SURFACE_SIDE_STYLE ('',( #2897 ) ) ;
#524 = ORIENTED_EDGE ( 'NONE', *, *, #1467, .T. ) ;
#525 = EDGE_CURVE ( 'NONE', #2319, #1721, #2204, .T. ) ;
#526 = EDGE_CURVE ( 'NONE', #304, #1197, #1985, .T. ) ;
#527 = LINE ( 'NONE', #1573, #500 ) ;
#528 = ORIENTED_EDGE ( 'NONE', *, *, #3124, .F. ) ;
#529 = MECHANICAL_DESIGN_GEOMETRIC_PRESENTATION_REPRESENTATION (  '', ( #3076 ), #3047 ) ;
#530 = DIRECTION ( 'NONE',  ( 0.000000000000000000, 0.000000000000000000, 1.000000000000000000 ) ) ;
#531 = SURFACE_STYLE_USAGE ( .BOTH. , #1104 ) ;
#532 = AXIS2_PLACEMENT_3D ( 'NONE', #84, #1116, #2735 ) ;
#533 = ORIENTED_EDGE ( 'NONE', *, *, #3232, .T. ) ;
#534 = LINE ( 'NONE', #2945, #427 ) ;
#535 = COLOUR_RGB ( '',0.6313725490196078205, 0.6588235294117646967, 0.6784313725490196401 ) ;
#536 = ORIENTED_EDGE ( 'NONE', *, *, #2362, .F. ) ;
#537 = DIRECTION ( 'NONE',  ( -1.836709923159820126E-32, -0.000000000000000000, 1.000000000000000000 ) ) ;
#538 = DIRECTION ( 'NONE',  ( -0.000000000000000000, 1.000000000000000000, 0.000000000000000000 ) ) ;
#539 = DIRECTION ( 'NONE',  ( 0.000000000000000000, -0.000000000000000000, -1.000000000000000000 ) ) ;
#540 = ORIENTED_EDGE ( 'NONE', *, *, #1290, .T. ) ;
#541 = LENGTH_MEASURE_WITH_UNIT ( LENGTH_MEASURE( 0.02539999999999999897 ), #2364 );
#542 = ORIENTED_EDGE ( 'NONE', *, *, #249, .T. ) ;
#543 = DIRECTION ( 'NONE',  ( -1.000000000000000000, 0.000000000000000000, 0.000000000000000000 ) ) ;
#544 = LINE ( 'NONE', #1069, #205 ) ;
#545 = CARTESIAN_POINT ( 'NONE',  ( 0.009842519685039369942, 0.000000000000000000, -0.02362204724409448786 ) ) ;
#546 = ORIENTED_EDGE ( 'NONE', *, *, #1958, .T. ) ;
#547 = CARTESIAN_POINT ( 'NONE',  ( -0.03641732283464567399, 0.01279527559055118092, -0.02204724409448818867 ) ) ;
#548 = LINE ( 'NONE', #2186, #2215 ) ;
#549 = VECTOR ( 'NONE', #152, 39.37007874015748143 ) ;
#550 = LINE ( 'NONE', #8, #2872 ) ;
#551 = ORIENTED_EDGE ( 'NONE', *, *, #2415, .T. ) ;
#552 = LENGTH_MEASURE_WITH_UNIT ( LENGTH_MEASURE( 0.02539999999999999897 ), #1585 );
#553 = VECTOR ( 'NONE', #2159, 39.37007874015748143 ) ;
#554 =( GEOMETRIC_REPRESENTATION_CONTEXT ( 3 ) GLOBAL_UNCERTAINTY_ASSIGNED_CONTEXT ( ( #431 ) ) GLOBAL_UNIT_ASSIGNED_CONTEXT ( ( #1796, #2294, #940 ) ) REPRESENTATION_CONTEXT ( 'NONE', 'WORKASPACE' ) );
#555 = DIMENSIONAL_EXPONENTS ( 1.000000000000000000, 0.000000000000000000, 0.000000000000000000, 0.000000000000000000, 0.000000000000000000, 0.000000000000000000, 0.000000000000000000 ) ;
#556 = EDGE_CURVE ( 'NONE', #1226, #3370, #1674, .T. ) ;
#557 = VECTOR ( 'NONE', #1173, 39.37007874015748143 ) ;
#558 = UNCERTAINTY_MEASURE_WITH_UNIT (LENGTH_MEASURE( 1.000000000000000082E-05 ), #587, 'distance_accuracy_value', 'NONE');
#559 = LINE ( 'NONE', #1658, #2269 ) ;
#560 = VERTEX_POINT ( 'NONE', #884 ) ;
#561 = FACE_BOUND ( 'NONE', #369, .T. ) ;
#562 = VECTOR ( 'NONE', #41, 39.37007874015748143 ) ;
#563 = DIRECTION ( 'NONE',  ( -0.000000000000000000, -0.000000000000000000, 1.000000000000000000 ) ) ;
#564 = DIRECTION ( 'NONE',  ( 1.836709923159820126E-32, 0.000000000000000000, -1.000000000000000000 ) ) ;
#565 = VERTEX_POINT ( 'NONE', #91 ) ;
#566 = FILL_AREA_STYLE ('',( #963 ) ) ;
#567 = SURFACE_STYLE_FILL_AREA ( #2940 ) ;
#568 = EDGE_CURVE ( 'NONE', #1314, #570, #3278, .T. ) ;
#569 = DIRECTION ( 'NONE',  ( 0.000000000000000000, 1.000000000000000000, 0.000000000000000000 ) ) ;
#570 = VERTEX_POINT ( 'NONE', #3033 ) ;
#571 = DIRECTION ( 'NONE',  ( -1.000000000000000000, 0.000000000000000000, 0.000000000000000000 ) ) ;
#572 = EDGE_LOOP ( 'NONE', ( #3298, #220, #2688, #1567 ) ) ;
#573 = EDGE_CURVE ( 'NONE', #1821, #1226, #2728, .T. ) ;
#574 = STYLED_ITEM ( 'NONE', ( #2790 ), #163 ) ;
#575 = DIRECTION ( 'NONE',  ( 1.000000000000000000, 0.000000000000000000, 0.000000000000000000 ) ) ;
#576 = ORIENTED_EDGE ( 'NONE', *, *, #2493, .F. ) ;
#577 = LINE ( 'NONE', #1960, #2037 ) ;
#578 = CARTESIAN_POINT ( 'NONE',  ( -0.009842519685039369942, 0.01279527559055118266, -0.02362204724409448786 ) ) ;
#579 = ORIENTED_EDGE ( 'NONE', *, *, #1928, .F. ) ;
#580 = LINE ( 'NONE', #3273, #1112 ) ;
#582 = LENGTH_MEASURE_WITH_UNIT ( LENGTH_MEASURE( 0.02539999999999999897 ), #2649 );
#581 = VECTOR ( 'NONE', #2712, 39.37007874015748143 ) ;
#583 = EDGE_CURVE ( 'NONE', #1157, #2386, #129, .T. ) ;
#584 = VECTOR ( 'NONE', #217, 39.37007874015748143 ) ;
#585 = DIRECTION ( 'NONE',  ( 1.084202172485499873E-16, -1.000000000000000000, 0.000000000000000000 ) ) ;
#586 = VERTEX_POINT ( 'NONE', #1443 ) ;
#587 =( CONVERSION_BASED_UNIT ( 'INCH', #2960 ) LENGTH_UNIT ( ) NAMED_UNIT ( #2665 ) );
#588 = CARTESIAN_POINT ( 'NONE',  ( -0.01181102362204098331, 0.007027722319191770373, -0.02362204724409448786 ) ) ;
#589 = ADVANCED_FACE ( 'NONE', ( #603 ), #679, .F. ) ;
#590 = SURFACE_SIDE_STYLE ('',( #519 ) ) ;
#591 = LINE ( 'NONE', #1377, #305 ) ;
#592 = LINE ( 'NONE', #63, #2033 ) ;
#593 = ORIENTED_EDGE ( 'NONE', *, *, #637, .F. ) ;
#594 = CARTESIAN_POINT ( 'NONE',  ( -0.01574803149606299191, -0.01279527559055118266, -0.02362204724409448786 ) ) ;
#595 = CARTESIAN_POINT ( 'NONE',  ( 0.01574803149606299191, 0.01279527559055118266, -0.02362204724409448786 ) ) ;
#596 = ORIENTED_EDGE ( 'NONE', *, *, #2181, .F. ) ;
#597 = LINE ( 'NONE', #1666, #7 ) ;
#598 = LINE ( 'NONE', #1143, #1457 ) ;
#599 = VERTEX_POINT ( 'NONE', #642 ) ;
#600 = SURFACE_SIDE_STYLE ('',( #657 ) ) ;
#601 = CARTESIAN_POINT ( 'NONE',  ( 0.000000000000000000, 0.01476377952755905665, -0.02283464566929133827 ) ) ;
#602 = COLOUR_RGB ( '',0.6313725490196078205, 0.6588235294117646967, 0.6784313725490196401 ) ;
#603 = FACE_OUTER_BOUND ( 'NONE', #2315, .T. ) ;
#604 = ORIENTED_EDGE ( 'NONE', *, *, #2248, .T. ) ;
#605 = EDGE_CURVE ( 'NONE', #423, #2612, #2528, .T. ) ;
#606 = CARTESIAN_POINT ( 'NONE',  ( -0.009842519685039369942, 0.000000000000000000, -0.02362204724409448786 ) ) ;
#607 = AXIS2_PLACEMENT_3D ( 'NONE', #2800, #2576, #704 ) ;
#608 = EDGE_CURVE ( 'NONE', #2659, #2562, #145, .T. ) ;
#609 = SURFACE_STYLE_FILL_AREA ( #2714 ) ;
#610 = ORIENTED_EDGE ( 'NONE', *, *, #3317, .T. ) ;
#611 = VECTOR ( 'NONE', #3324, 39.37007874015748143 ) ;
#612 = AXIS2_PLACEMENT_3D ( 'NONE', #3185, #2091, #787 ) ;
#613 = FACE_OUTER_BOUND ( 'NONE', #1730, .T. ) ;
#614 = AXIS2_PLACEMENT_3D ( 'NONE', #2402, #756, #3369 ) ;
#615 =( NAMED_UNIT ( * ) SI_UNIT ( $, .STERADIAN. ) SOLID_ANGLE_UNIT ( ) );
#616 = ORIENTED_EDGE ( 'NONE', *, *, #2566, .T. ) ;
#617 =( GEOMETRIC_REPRESENTATION_CONTEXT ( 3 ) GLOBAL_UNCERTAINTY_ASSIGNED_CONTEXT ( ( #197 ) ) GLOBAL_UNIT_ASSIGNED_CONTEXT ( ( #377, #2253, #2551 ) ) REPRESENTATION_CONTEXT ( 'NONE', 'WORKASPACE' ) );
#618 = LINE ( 'NONE', #105, #2113 ) ;
#619 = CARTESIAN_POINT ( 'NONE',  ( 0.01574803149606299191, -0.01279527559055118266, -0.02362204724409448786 ) ) ;
#620 = ORIENTED_EDGE ( 'NONE', *, *, #665, .T. ) ;
#621 = PLANE ( 'NONE',  #1743 ) ;
#622 = ADVANCED_FACE ( 'NONE', ( #2275 ), #3297, .F. ) ;
#623 = EDGE_CURVE ( 'NONE', #3045, #737, #481, .T. ) ;
#624 = DIRECTION ( 'NONE',  ( -0.000000000000000000, -0.000000000000000000, -1.000000000000000000 ) ) ;
#625 = DIRECTION ( 'NONE',  ( 0.000000000000000000, 0.000000000000000000, 1.000000000000000000 ) ) ;
#626 = ORIENTED_EDGE ( 'NONE', *, *, #1038, .F. ) ;
#627 = DIRECTION ( 'NONE',  ( 1.000000000000000000, 0.000000000000000000, -0.000000000000000000 ) ) ;
#628 = FILL_AREA_STYLE_COLOUR ( '', #252 ) ;
#629 = ORIENTED_EDGE ( 'NONE', *, *, #2323, .T. ) ;
#630 = LINE ( 'NONE', #849, #3356 ) ;
#631 = AXIS2_PLACEMENT_3D ( 'NONE', #1600, #571, #2409 ) ;
#632 = LENGTH_MEASURE_WITH_UNIT ( LENGTH_MEASURE( 0.02539999999999999897 ), #3221 );
#633 = CARTESIAN_POINT ( 'NONE',  ( 0.01574803149606299191, 0.000000000000000000, -0.02362204724409448786 ) ) ;
#634 = ORIENTED_EDGE ( 'NONE', *, *, #1738, .T. ) ;
#635 = FACE_OUTER_BOUND ( 'NONE', #3305, .T. ) ;
#636 = ADVANCED_FACE ( 'NONE', ( #1548 ), #222, .T. ) ;
#637 = EDGE_CURVE ( 'NONE', #2562, #1601, #2318, .T. ) ;
#638 = VECTOR ( 'NONE', #2601, 39.37007874015748143 ) ;
#639 = SURFACE_SIDE_STYLE ('',( #878 ) ) ;
#640 = VERTEX_POINT ( 'NONE', #2568 ) ;
#641 = DIRECTION ( 'NONE',  ( 1.000000000000000000, 0.000000000000000000, -0.000000000000000000 ) ) ;
#642 = CARTESIAN_POINT ( 'NONE',  ( -0.01574803149606299191, -0.01279527559055118266, -0.02362204724409448786 ) ) ;
#643 = ORIENTED_EDGE ( 'NONE', *, *, #3169, .T. ) ;
#644 = VECTOR ( 'NONE', #1576, 39.37007874015748143 ) ;
#645 = DIRECTION ( 'NONE',  ( 0.000000000000000000, -0.000000000000000000, 1.000000000000000000 ) ) ;
#646 = MECHANICAL_DESIGN_GEOMETRIC_PRESENTATION_REPRESENTATION (  '', ( #1370 ), #882 ) ;
#647 = DIRECTION ( 'NONE',  ( -1.084202172485499873E-16, 1.000000000000000000, 0.000000000000000000 ) ) ;
#648 = ORIENTED_EDGE ( 'NONE', *, *, #2276, .F. ) ;
#649 = LENGTH_MEASURE_WITH_UNIT ( LENGTH_MEASURE( 0.02539999999999999897 ), #773 );
#650 =( NAMED_UNIT ( * ) SI_UNIT ( $, .STERADIAN. ) SOLID_ANGLE_UNIT ( ) );
#651 = CARTESIAN_POINT ( 'NONE',  ( 0.03346456692913385433, 0.03051181102362205202, -0.02283464566929133827 ) ) ;
#652 = ORIENTED_EDGE ( 'NONE', *, *, #1607, .T. ) ;
#653 = LINE ( 'NONE', #1684, #1277 ) ;
#654 =( NAMED_UNIT ( * ) SI_UNIT ( $, .STERADIAN. ) SOLID_ANGLE_UNIT ( ) );
#655 = CARTESIAN_POINT ( 'NONE',  ( -0.007874015748031495954, -0.03051181102362205202, -0.02283464566929133827 ) ) ;
#656 = ORIENTED_EDGE ( 'NONE', *, *, #2972, .T. ) ;
#657 = SURFACE_STYLE_FILL_AREA ( #677 ) ;
#658 = CARTESIAN_POINT ( 'NONE',  ( 0.01574803149606299191, 0.03248031496062991907, -0.02362204724409448786 ) ) ;
#659 = ORIENTED_EDGE ( 'NONE', *, *, #134, .F. ) ;
#660 = VECTOR ( 'NONE', #3341, 39.37007874015748143 ) ;
#661 = CARTESIAN_POINT ( 'NONE',  ( 0.03543307086614173873, -0.03149606299212598381, -0.02204724409448818867 ) ) ;
#662 = PLANE ( 'NONE',  #3151 ) ;
#663 = ORIENTED_EDGE ( 'NONE', *, *, #486, .F. ) ;
#664 =( NAMED_UNIT ( * ) PLANE_ANGLE_UNIT ( ) SI_UNIT ( $, .RADIAN. ) );
#665 = EDGE_CURVE ( 'NONE', #3226, #1067, #465, .T. ) ;
#666 = EDGE_CURVE ( 'NONE', #560, #304, #994, .T. ) ;
#667 = STYLED_ITEM ( 'NONE', ( #767 ), #1719 ) ;
#668 = SURFACE_SIDE_STYLE ('',( #701 ) ) ;
#669 = LINE ( 'NONE', #1729, #1031 ) ;
#670 = EDGE_LOOP ( 'NONE', ( #2759, #695, #236, #2451 ) ) ;
#671 = LENGTH_MEASURE_WITH_UNIT ( LENGTH_MEASURE( 0.02539999999999999897 ), #1275 );
#672 = PRESENTATION_STYLE_ASSIGNMENT (( #54 ) ) ;
#673 = PRESENTATION_LAYER_ASSIGNMENT (  '', '', ( #3207 ) ) ;
#674 = DIRECTION ( 'NONE',  ( 1.000000000000000000, 0.000000000000000000, -0.000000000000000000 ) ) ;
#675 = ORIENTED_EDGE ( 'NONE', *, *, #980, .T. ) ;
#676 = DIRECTION ( 'NONE',  ( 0.000000000000000000, 0.000000000000000000, 1.000000000000000000 ) ) ;
#677 = FILL_AREA_STYLE ('',( #3244 ) ) ;
#678 =( NAMED_UNIT ( * ) PLANE_ANGLE_UNIT ( ) SI_UNIT ( $, .RADIAN. ) );
#679 = PLANE ( 'NONE',  #2598 ) ;
#680 = VERTEX_POINT ( 'NONE', #3373 ) ;
#681 = DIRECTION ( 'NONE',  ( -1.000000000000000000, -1.032573497605239882E-16, 0.000000000000000000 ) ) ;
#682 = EDGE_CURVE ( 'NONE', #1190, #2251, #762, .T. ) ;
#683 = CARTESIAN_POINT ( 'NONE',  ( 0.03543307086614173873, 0.03149606299212598381, -0.02283464566929133827 ) ) ;
#684 = DIRECTION ( 'NONE',  ( -1.000000000000000000, 0.000000000000000000, 0.000000000000000000 ) ) ;
#685 = VECTOR ( 'NONE', #776, 39.37007874015748143 ) ;
#686 = PRESENTATION_STYLE_ASSIGNMENT (( #3271 ) ) ;
#687 = FACE_OUTER_BOUND ( 'NONE', #2757, .T. ) ;
#688 = ORIENTED_EDGE ( 'NONE', *, *, #1378, .F. ) ;
#689 = FACE_OUTER_BOUND ( 'NONE', #2859, .T. ) ;
#690 = SURFACE_STYLE_FILL_AREA ( #157 ) ;
#691 = ORIENTED_EDGE ( 'NONE', *, *, #859, .F. ) ;
#692 = DIRECTION ( 'NONE',  ( -1.836709923159820126E-32, -0.000000000000000000, 1.000000000000000000 ) ) ;
#693 = PRESENTATION_STYLE_ASSIGNMENT (( #975 ) ) ;
#694 = CARTESIAN_POINT ( 'NONE',  ( -0.01968503937007425389, 0.007027722319191771240, -0.02362204724409448786 ) ) ;
#695 = ORIENTED_EDGE ( 'NONE', *, *, #2165, .T. ) ;
#696 = CARTESIAN_POINT ( 'NONE',  ( 0.009842519685039369942, 0.01279527559055118266, -0.02362204724409448786 ) ) ;
#697 = VECTOR ( 'NONE', #1775, 39.37007874015748143 ) ;
#698 = VECTOR ( 'NONE', #2048, 39.37007874015748143 ) ;
#699 = VECTOR ( 'NONE', #575, 39.37007874015748143 ) ;
#700 = LINE ( 'NONE', #1466, #549 ) ;
#701 = SURFACE_STYLE_FILL_AREA ( #1202 ) ;
#702 = LENGTH_MEASURE_WITH_UNIT ( LENGTH_MEASURE( 0.02539999999999999897 ), #2534 );
#703 = ORIENTED_EDGE ( 'NONE', *, *, #2725, .T. ) ;
#704 = DIRECTION ( 'NONE',  ( 0.000000000000000000, -1.306104834246979868E-31, -1.000000000000000000 ) ) ;
#705 = STYLED_ITEM ( 'NONE', ( #3178 ), #153 ) ;
#706 = PLANE ( 'NONE',  #728 ) ;
#707 = ORIENTED_EDGE ( 'NONE', *, *, #2218, .T. ) ;
#708 = UNCERTAINTY_MEASURE_WITH_UNIT (LENGTH_MEASURE( 1.000000000000000082E-05 ), #1297, 'distance_accuracy_value', 'NONE');
#709 = DIRECTION ( 'NONE',  ( -1.000000000000000000, -0.000000000000000000, 0.000000000000000000 ) ) ;
#710 = ORIENTED_EDGE ( 'NONE', *, *, #1100, .T. ) ;
#711 = DIRECTION ( 'NONE',  ( -1.000000000000000000, -0.000000000000000000, 0.000000000000000000 ) ) ;
#712 = DIRECTION ( 'NONE',  ( -0.000000000000000000, 0.000000000000000000, 1.000000000000000000 ) ) ;
#713 = VECTOR ( 'NONE', #1110, 39.37007874015748143 ) ;
#714 = ADVANCED_FACE ( 'NONE', ( #965 ), #211, .F. ) ;
#715 = DIRECTION ( 'NONE',  ( -1.314184451497579533E-16, 1.000000000000000000, 0.000000000000000000 ) ) ;
#716 = FILL_AREA_STYLE ('',( #1797 ) ) ;
#717 = ORIENTED_EDGE ( 'NONE', *, *, #573, .T. ) ;
#718 = FACE_OUTER_BOUND ( 'NONE', #119, .T. ) ;
#719 =( NAMED_UNIT ( * ) SI_UNIT ( $, .STERADIAN. ) SOLID_ANGLE_UNIT ( ) );
#720 = VECTOR ( 'NONE', #692, 39.37007874015748143 ) ;
#721 = PRESENTATION_LAYER_ASSIGNMENT (  '', '', ( #2828 ) ) ;
#722 = PLANE ( 'NONE',  #1339 ) ;
#723 = ORIENTED_EDGE ( 'NONE', *, *, #3166, .F. ) ;
#724 = CARTESIAN_POINT ( 'NONE',  ( -0.009842519685039369942, 0.01279527559055118266, -0.02362204724409448786 ) ) ;
#725 = LINE ( 'NONE', #2844, #3071 ) ;
#726 = COLOUR_RGB ( '',0.6313725490196078205, 0.6588235294117646967, 0.6784313725490196401 ) ;
#727 = VECTOR ( 'NONE', #2129, 39.37007874015748143 ) ;
#728 = AXIS2_PLACEMENT_3D ( 'NONE', #1278, #945, #2013 ) ;
#729 = CARTESIAN_POINT ( 'NONE',  ( 0.000000000000000000, 0.03051181102362205202, -0.02283464566929133827 ) ) ;
#730 = VERTEX_POINT ( 'NONE', #1772 ) ;
#731 = LENGTH_MEASURE_WITH_UNIT ( LENGTH_MEASURE( 0.02539999999999999897 ), #2600 );
#732 = AXIS2_PLACEMENT_3D ( 'NONE', #360, #141, #585 ) ;
#733 = DIRECTION ( 'NONE',  ( 0.000000000000000000, -1.000000000000000000, 0.000000000000000000 ) ) ;
#734 = LENGTH_MEASURE_WITH_UNIT ( LENGTH_MEASURE( 0.02539999999999999897 ), #454 );
#735 = ADVANCED_FACE ( 'NONE', ( #1757 ), #2847, .F. ) ;
#736 = CARTESIAN_POINT ( 'NONE',  ( -0.009842519685039369942, -0.01279527559055118266, -0.02204724409448818867 ) ) ;
#737 = VERTEX_POINT ( 'NONE', #1052 ) ;
#738 = DIRECTION ( 'NONE',  ( -1.000000000000000000, -0.000000000000000000, -0.000000000000000000 ) ) ;
#739 = EDGE_CURVE ( 'NONE', #2818, #3382, #1334, .T. ) ;
#740 = DIRECTION ( 'NONE',  ( 0.000000000000000000, 0.000000000000000000, 1.000000000000000000 ) ) ;
#741 = EDGE_LOOP ( 'NONE', ( #3264, #1716, #1279, #1404, #2911, #164 ) ) ;
#742 = DIRECTION ( 'NONE',  ( -0.000000000000000000, 1.000000000000000000, 0.000000000000000000 ) ) ;
#743 = DIRECTION ( 'NONE',  ( -0.000000000000000000, 0.000000000000000000, -1.000000000000000000 ) ) ;
#744 = EDGE_CURVE ( 'NONE', #1174, #774, #797, .T. ) ;
#745 =( NAMED_UNIT ( * ) SI_UNIT ( $, .STERADIAN. ) SOLID_ANGLE_UNIT ( ) );
#746 = PRESENTATION_LAYER_ASSIGNMENT (  '', '', ( #1244 ) ) ;
#747 = VERTEX_POINT ( 'NONE', #1633 ) ;
#748 = EDGE_LOOP ( 'NONE', ( #2027, #2158, #1053, #2430 ) ) ;
#749 = UNCERTAINTY_MEASURE_WITH_UNIT (LENGTH_MEASURE( 1.000000000000000082E-05 ), #1899, 'distance_accuracy_value', 'NONE');
#750 = VECTOR ( 'NONE', #952, 39.37007874015748143 ) ;
#751 = PRESENTATION_STYLE_ASSIGNMENT (( #522 ) ) ;
#752 = VECTOR ( 'NONE', #2679, 39.37007874015748143 ) ;
#753 = CARTESIAN_POINT ( 'NONE',  ( 0.01574803149606299191, -0.01279527559055118266, -0.02283464566929133827 ) ) ;
#754 = VERTEX_POINT ( 'NONE', #838 ) ;
#755 = FILL_AREA_STYLE_COLOUR ( '', #2180 ) ;
#756 = DIRECTION ( 'NONE',  ( 1.000000000000000000, -1.274473528905959695E-48, 1.175494350822290108E-32 ) ) ;
#757 = ORIENTED_EDGE ( 'NONE', *, *, #1711, .T. ) ;
#758 = ADVANCED_FACE ( 'NONE', ( #815 ), #2873, .T. ) ;
#759 = CARTESIAN_POINT ( 'NONE',  ( 0.000000000000000000, 0.000000000000000000, -0.02322834645669292000 ) ) ;
#760 = FILL_AREA_STYLE ('',( #2567 ) ) ;
#761 = EDGE_CURVE ( 'NONE', #565, #2177, #2102, .T. ) ;
#762 = LINE ( 'NONE', #2085, #3039 ) ;
#763 = ORIENTED_EDGE ( 'NONE', *, *, #271, .T. ) ;
#764 = ORIENTED_EDGE ( 'NONE', *, *, #1360, .T. ) ;
#765 = PLANE ( 'NONE',  #367 ) ;
#766 = LENGTH_MEASURE_WITH_UNIT ( LENGTH_MEASURE( 0.02539999999999999897 ), #1235 );
#767 = PRESENTATION_STYLE_ASSIGNMENT (( #1041 ) ) ;
#768 = DIRECTION ( 'NONE',  ( 0.000000000000000000, -1.000000000000000000, -0.000000000000000000 ) ) ;
#769 = CARTESIAN_POINT ( 'NONE',  ( 0.000000000000000000, 0.000000000000000000, -0.02204724409448818867 ) ) ;
#770 = EDGE_CURVE ( 'NONE', #2319, #2220, #3176, .T. ) ;
#771 = ORIENTED_EDGE ( 'NONE', *, *, #2865, .F. ) ;
#772 = EDGE_CURVE ( 'NONE', #863, #313, #2406, .T. ) ;
#773 =( LENGTH_UNIT ( ) NAMED_UNIT ( * ) SI_UNIT ( $, .METRE. ) );
#774 = VERTEX_POINT ( 'NONE', #2617 ) ;
#775 = CARTESIAN_POINT ( 'NONE',  ( -0.01574803149606299191, 0.01279527559055118266, -0.02362204724409448786 ) ) ;
#776 = DIRECTION ( 'NONE',  ( 0.000000000000000000, 0.000000000000000000, 1.000000000000000000 ) ) ;
#777 = DIMENSIONAL_EXPONENTS ( 1.000000000000000000, 0.000000000000000000, 0.000000000000000000, 0.000000000000000000, 0.000000000000000000, 0.000000000000000000, 0.000000000000000000 ) ;
#778 = VECTOR ( 'NONE', #2298, 39.37007874015748143 ) ;
#779 = ORIENTED_EDGE ( 'NONE', *, *, #1555, .T. ) ;
#780 = VECTOR ( 'NONE', #1968, 39.37007874015748143 ) ;
#781 = VECTOR ( 'NONE', #2763, 39.37007874015748143 ) ;
#782 = PLANE ( 'NONE',  #875 ) ;
#783 = VECTOR ( 'NONE', #3402, 39.37007874015748143 ) ;
#784 = DIRECTION ( 'NONE',  ( -1.355252715606880049E-16, 1.000000000000000000, 0.000000000000000000 ) ) ;
#785 = FILL_AREA_STYLE ('',( #2965 ) ) ;
#786 = COLOUR_RGB ( '',0.6313725490196078205, 0.6588235294117646967, 0.6784313725490196401 ) ;
#787 = DIRECTION ( 'NONE',  ( -1.000000000000000000, 0.000000000000000000, -0.000000000000000000 ) ) ;
#788 = EDGE_CURVE ( 'NONE', #32, #2552, #23, .T. ) ;
#789 = EDGE_CURVE ( 'NONE', #3177, #1700, #3212, .T. ) ;
#790 =( NAMED_UNIT ( * ) SI_UNIT ( $, .STERADIAN. ) SOLID_ANGLE_UNIT ( ) );
#791 = ORIENTED_EDGE ( 'NONE', *, *, #1408, .F. ) ;
#792 = CARTESIAN_POINT ( 'NONE',  ( 0.000000000000000000, 0.000000000000000000, -0.02283464566929133827 ) ) ;
#793 = DIRECTION ( 'NONE',  ( -0.000000000000000000, -0.000000000000000000, 1.000000000000000000 ) ) ;
#794 = ORIENTED_EDGE ( 'NONE', *, *, #2373, .F. ) ;
#795 = DIRECTION ( 'NONE',  ( 1.084202172485499873E-16, -1.000000000000000000, -0.000000000000000000 ) ) ;
#796 = LINE ( 'NONE', #3389, #3023 ) ;
#797 = LINE ( 'NONE', #256, #1510 ) ;
#798 = EDGE_LOOP ( 'NONE', ( #1491, #3346, #187, #1512, #107, #3170, #1997, #3404, #828, #3357, #3053, #2080 ) ) ;
#799 =( LENGTH_UNIT ( ) NAMED_UNIT ( * ) SI_UNIT ( $, .METRE. ) );
#800 = SURFACE_SIDE_STYLE ('',( #518 ) ) ;
#801 = DIMENSIONAL_EXPONENTS ( 1.000000000000000000, 0.000000000000000000, 0.000000000000000000, 0.000000000000000000, 0.000000000000000000, 0.000000000000000000, 0.000000000000000000 ) ;
#802 = LENGTH_MEASURE_WITH_UNIT ( LENGTH_MEASURE( 0.02539999999999999897 ), #26 );
#803 = ORIENTED_EDGE ( 'NONE', *, *, #1026, .T. ) ;
#804 = FACE_OUTER_BOUND ( 'NONE', #1476, .T. ) ;
#805 = FACE_OUTER_BOUND ( 'NONE', #2592, .T. ) ;
#806 = DIMENSIONAL_EXPONENTS ( 1.000000000000000000, 0.000000000000000000, 0.000000000000000000, 0.000000000000000000, 0.000000000000000000, 0.000000000000000000, 0.000000000000000000 ) ;
#807 = VECTOR ( 'NONE', #2175, 39.37007874015748143 ) ;
#808 = ORIENTED_EDGE ( 'NONE', *, *, #3117, .T. ) ;
#809 = DIRECTION ( 'NONE',  ( -1.000000000000000000, -0.000000000000000000, -0.000000000000000000 ) ) ;
#810 = CARTESIAN_POINT ( 'NONE',  ( -0.03346456692913385433, -0.03051181102362205202, -0.02283464566929133827 ) ) ;
#811 = EDGE_LOOP ( 'NONE', ( #174, #2369, #483, #2919 ) ) ;
#812 = VECTOR ( 'NONE', #919, 39.37007874015748143 ) ;
#813 = CARTESIAN_POINT ( 'NONE',  ( -0.03641732283464566705, -0.01279527559055118092, -0.01574803149606299191 ) ) ;
#814 =( GEOMETRIC_REPRESENTATION_CONTEXT ( 3 ) GLOBAL_UNCERTAINTY_ASSIGNED_CONTEXT ( ( #1346 ) ) GLOBAL_UNIT_ASSIGNED_CONTEXT ( ( #2433, #2952, #615 ) ) REPRESENTATION_CONTEXT ( 'NONE', 'WORKASPACE' ) );
#815 = FACE_OUTER_BOUND ( 'NONE', #3056, .T. ) ;
#816 = ORIENTED_EDGE ( 'NONE', *, *, #3267, .T. ) ;
#817 = SURFACE_STYLE_FILL_AREA ( #77 ) ;
#818 = EDGE_CURVE ( 'NONE', #3027, #2319, #2420, .T. ) ;
#819 = EDGE_CURVE ( 'NONE', #2698, #1149, #2673, .T. ) ;
#820 = CARTESIAN_POINT ( 'NONE',  ( -0.01574803149606299191, 0.01279527559055118266, -0.02283464566929133827 ) ) ;
#821 = PRESENTATION_LAYER_ASSIGNMENT (  '', '', ( #3082 ) ) ;
#822 = DIRECTION ( 'NONE',  ( 0.000000000000000000, 0.000000000000000000, 1.000000000000000000 ) ) ;
#823 = ORIENTED_EDGE ( 'NONE', *, *, #1177, .F. ) ;
#824 = LINE ( 'NONE', #1076, #2827 ) ;
#825 = DIRECTION ( 'NONE',  ( -1.000000000000000000, 0.000000000000000000, -0.000000000000000000 ) ) ;
#826 = EDGE_CURVE ( 'NONE', #2584, #2018, #1299, .T. ) ;
#827 = DIRECTION ( 'NONE',  ( 0.000000000000000000, -0.000000000000000000, 1.000000000000000000 ) ) ;
#828 = ORIENTED_EDGE ( 'NONE', *, *, #2602, .F. ) ;
#829 = DIRECTION ( 'NONE',  ( -1.000000000000000000, 0.000000000000000000, 0.000000000000000000 ) ) ;
#830 = ADVANCED_FACE ( 'NONE', ( #1088 ), #3196, .F. ) ;
#831 = PRODUCT_DEFINITION_CONTEXT ( 'detailed design', #1509, 'design' ) ;
#832 = LINE ( 'NONE', #1421, #476 ) ;
#833 = VECTOR ( 'NONE', #111, 39.37007874015748143 ) ;
#834 = CARTESIAN_POINT ( 'NONE',  ( -0.007874015748031495954, 0.03051181102362205202, -0.02204724409448818867 ) ) ;
#835 = ORIENTED_EDGE ( 'NONE', *, *, #1484, .T. ) ;
#836 = DIRECTION ( 'NONE',  ( -0.000000000000000000, -0.000000000000000000, -1.000000000000000000 ) ) ;
#837 = LINE ( 'NONE', #2179, #1312 ) ;
#838 = CARTESIAN_POINT ( 'NONE',  ( 0.03543307086614173873, 0.03149606299212598381, -0.02204724409448818867 ) ) ;
#839 = EDGE_LOOP ( 'NONE', ( #2943, #2852, #1007, #2168 ) ) ;
#840 = LINE ( 'NONE', #1598, #2381 ) ;
#841 = LINE ( 'NONE', #3245, #1146 ) ;
#842 =( GEOMETRIC_REPRESENTATION_CONTEXT ( 3 ) GLOBAL_UNCERTAINTY_ASSIGNED_CONTEXT ( ( #3326 ) ) GLOBAL_UNIT_ASSIGNED_CONTEXT ( ( #2128, #2394, #1827 ) ) REPRESENTATION_CONTEXT ( 'NONE', 'WORKASPACE' ) );
#843 = VECTOR ( 'NONE', #1206, 39.37007874015748143 ) ;
#844 = CARTESIAN_POINT ( 'NONE',  ( 0.000000000000000000, 0.01279527559055118266, -0.02362204724409448786 ) ) ;
#845 = DIRECTION ( 'NONE',  ( 1.000000000000000000, 0.000000000000000000, 0.000000000000000000 ) ) ;
#846 = LENGTH_MEASURE_WITH_UNIT ( LENGTH_MEASURE( 0.02539999999999999897 ), #3235 );
#847 = VECTOR ( 'NONE', #3405, 39.37007874015748143 ) ;
#848 = ORIENTED_EDGE ( 'NONE', *, *, #2616, .T. ) ;
#849 = CARTESIAN_POINT ( 'NONE',  ( -0.03641732283464567399, 0.03248031496062991907, -0.02204724409448818867 ) ) ;
#850 = VECTOR ( 'NONE', #2029, 39.37007874015748143 ) ;
#851 = DIRECTION ( 'NONE',  ( 0.000000000000000000, 0.000000000000000000, 1.000000000000000000 ) ) ;
#852 = DIRECTION ( 'NONE',  ( -0.000000000000000000, -0.000000000000000000, -1.000000000000000000 ) ) ;
#853 = ORIENTED_EDGE ( 'NONE', *, *, #1132, .T. ) ;
#854 = CARTESIAN_POINT ( 'NONE',  ( -0.03641732283464567399, -0.03248031496062991907, -0.02362204724409448786 ) ) ;
#855 = PLANE ( 'NONE',  #426 ) ;
#856 = EDGE_CURVE ( 'NONE', #1519, #2285, #598, .T. ) ;
#857 = CARTESIAN_POINT ( 'NONE',  ( 0.000000000000000000, 0.03149606299212598381, -0.02283464566929133827 ) ) ;
#858 = ORIENTED_EDGE ( 'NONE', *, *, #2248, .F. ) ;
#859 = EDGE_CURVE ( 'NONE', #914, #2575, #88, .T. ) ;
#860 = DIRECTION ( 'NONE',  ( 1.000000000000000000, 0.000000000000000000, 0.000000000000000000 ) ) ;
#861 = DIRECTION ( 'NONE',  ( 0.000000000000000000, -1.000000000000000000, -0.000000000000000000 ) ) ;
#862 = CARTESIAN_POINT ( 'NONE',  ( 0.000000000000000000, -0.03149606299212598381, -0.02204724409448818867 ) ) ;
#863 = VERTEX_POINT ( 'NONE', #1964 ) ;
#864 = MECHANICAL_DESIGN_GEOMETRIC_PRESENTATION_REPRESENTATION (  '', ( #574 ), #1129 ) ;
#865 = PRESENTATION_STYLE_ASSIGNMENT (( #2789 ) ) ;
#866 =( NAMED_UNIT ( * ) SI_UNIT ( $, .STERADIAN. ) SOLID_ANGLE_UNIT ( ) );
#867 = EDGE_CURVE ( 'NONE', #2220, #1400, #1179, .T. ) ;
#868 = CARTESIAN_POINT ( 'NONE',  ( 0.000000000000000000, -0.01476377952755905665, -0.02322834645669292000 ) ) ;
#869 = ORIENTED_EDGE ( 'NONE', *, *, #176, .T. ) ;
#870 = PLANE ( 'NONE',  #394 ) ;
#871 = EDGE_LOOP ( 'NONE', ( #1551, #1020, #2383, #1911, #3386, #991 ) ) ;
#872 = DIRECTION ( 'NONE',  ( 1.000000000000000000, 0.000000000000000000, -0.000000000000000000 ) ) ;
#874 = FILL_AREA_STYLE_COLOUR ( '', #2326 ) ;
#873 = VECTOR ( 'NONE', #711, 39.37007874015748143 ) ;
#875 = AXIS2_PLACEMENT_3D ( 'NONE', #1449, #2262, #2829 ) ;
#876 = EDGE_CURVE ( 'NONE', #3213, #2543, #1685, .T. ) ;
#877 = AXIS2_PLACEMENT_3D ( 'NONE', #2591, #15, #827 ) ;
#878 = SURFACE_STYLE_FILL_AREA ( #106 ) ;
#879 = ORIENTED_EDGE ( 'NONE', *, *, #2764, .F. ) ;
#880 = CARTESIAN_POINT ( 'NONE',  ( 0.01771653543307086937, 0.01476377952755905665, -0.02322834645669292000 ) ) ;
#881 = DIRECTION ( 'NONE',  ( 0.000000000000000000, -1.000000000000000000, -0.000000000000000000 ) ) ;
#882 =( GEOMETRIC_REPRESENTATION_CONTEXT ( 3 ) GLOBAL_UNCERTAINTY_ASSIGNED_CONTEXT ( ( #1869 ) ) GLOBAL_UNIT_ASSIGNED_CONTEXT ( ( #1599, #2370, #1809 ) ) REPRESENTATION_CONTEXT ( 'NONE', 'WORKASPACE' ) );
#883 = EDGE_CURVE ( 'NONE', #520, #2609, #2741, .T. ) ;
#884 = CARTESIAN_POINT ( 'NONE',  ( 0.01771653543307086937, 0.01476377952755905665, -0.02283464566929133827 ) ) ;
#885 = ORIENTED_EDGE ( 'NONE', *, *, #1661, .F. ) ;
#886 = AXIS2_PLACEMENT_3D ( 'NONE', #1159, #1176, #357 ) ;
#887 = CARTESIAN_POINT ( 'NONE',  ( 0.000000000000000000, 0.002106462476690000325, -0.02362204724409448786 ) ) ;
#888 = PRESENTATION_LAYER_ASSIGNMENT (  '', '', ( #705 ) ) ;
#889 = LENGTH_MEASURE_WITH_UNIT ( LENGTH_MEASURE( 0.02539999999999999897 ), #2932 );
#890 = ORIENTED_EDGE ( 'NONE', *, *, #1294, .T. ) ;
#891 = FACE_OUTER_BOUND ( 'NONE', #2569, .T. ) ;
#892 = ADVANCED_FACE ( 'NONE', ( #2469 ), #2978, .T. ) ;
#893 = VERTEX_POINT ( 'NONE', #655 ) ;
#894 = DIRECTION ( 'NONE',  ( 1.000000000000000000, 0.000000000000000000, -0.000000000000000000 ) ) ;
#895 = LENGTH_MEASURE_WITH_UNIT ( LENGTH_MEASURE( 0.02539999999999999897 ), #393 );
#896 =( NAMED_UNIT ( * ) PLANE_ANGLE_UNIT ( ) SI_UNIT ( $, .RADIAN. ) );
#897 = EDGE_LOOP ( 'NONE', ( #3261, #2133, #1713, #1180 ) ) ;
#898 = LINE ( 'NONE', #2744, #937 ) ;
#899 = VECTOR ( 'NONE', #933, 39.37007874015748143 ) ;
#900 = ORIENTED_EDGE ( 'NONE', *, *, #1016, .T. ) ;
#901 = CARTESIAN_POINT ( 'NONE',  ( 0.009842519685039369942, 0.01279527559055118266, -0.02362204724409448786 ) ) ;
#902 = VECTOR ( 'NONE', #412, 39.37007874015748143 ) ;
#903 = VECTOR ( 'NONE', #50, 39.37007874015748143 ) ;
#904 = ORIENTED_EDGE ( 'NONE', *, *, #2990, .T. ) ;
#905 = VECTOR ( 'NONE', #253, 39.37007874015748143 ) ;
#906 = EDGE_CURVE ( 'NONE', #2386, #565, #1194, .T. ) ;
#907 = AXIS2_PLACEMENT_3D ( 'NONE', #1864, #1881, #2074 ) ;
#908 =( NAMED_UNIT ( * ) SI_UNIT ( $, .STERADIAN. ) SOLID_ANGLE_UNIT ( ) );
#909 = ADVANCED_FACE ( 'NONE', ( #2200 ), #3012, .F. ) ;
#910 = CARTESIAN_POINT ( 'NONE',  ( 0.01771653543307086937, 0.03051181102362205202, -0.02204724409448818867 ) ) ;
#911 = EDGE_LOOP ( 'NONE', ( #2785, #1959, #2898, #1652, #180, #1557, #2003, #3272, #1161, #1423, #2761, #2869 ) ) ;
#912 = CARTESIAN_POINT ( 'NONE',  ( 0.000000000000000000, 0.01279527559055118266, -0.02204724409448818867 ) ) ;
#913 =( LENGTH_UNIT ( ) NAMED_UNIT ( * ) SI_UNIT ( $, .METRE. ) );
#914 = VERTEX_POINT ( 'NONE', #990 ) ;
#915 =( NAMED_UNIT ( * ) SI_UNIT ( $, .STERADIAN. ) SOLID_ANGLE_UNIT ( ) );
#916 = LENGTH_MEASURE_WITH_UNIT ( LENGTH_MEASURE( 0.02539999999999999897 ), #3052 );
#917 = ORIENTED_EDGE ( 'NONE', *, *, #2791, .T. ) ;
#918 = CARTESIAN_POINT ( 'NONE',  ( 0.03346456692913385433, 0.03051181102362205202, -0.02322834645669292000 ) ) ;
#919 = DIRECTION ( 'NONE',  ( 0.000000000000000000, -1.000000000000000000, -0.000000000000000000 ) ) ;
#920 = ORIENTED_EDGE ( 'NONE', *, *, #1547, .T. ) ;
#921 = CARTESIAN_POINT ( 'NONE',  ( 0.01574803149606299191, -0.01279527559055118266, -0.02362204724409448786 ) ) ;
#922 = COLOUR_RGB ( '',0.6313725490196078205, 0.6588235294117646967, 0.6784313725490196401 ) ;
#923 = FILL_AREA_STYLE ('',( #2623 ) ) ;
#924 = PRESENTATION_STYLE_ASSIGNMENT (( #1923 ) ) ;
#925 = ORIENTED_EDGE ( 'NONE', *, *, #2589, .F. ) ;
#926 = CARTESIAN_POINT ( 'NONE',  ( 0.03641732283464568093, -0.03248031496062991907, -0.01574803149606299191 ) ) ;
#927 = CARTESIAN_POINT ( 'NONE',  ( -0.03346456692913385433, 0.000000000000000000, -0.02204724409448818867 ) ) ;
#928 = COLOUR_RGB ( '',0.6313725490196078205, 0.6588235294117646967, 0.6784313725490196401 ) ;
#929 = ORIENTED_EDGE ( 'NONE', *, *, #1284, .T. ) ;
#930 = LENGTH_MEASURE_WITH_UNIT ( LENGTH_MEASURE( 0.02539999999999999897 ), #1411 );
#931 = PRESENTATION_STYLE_ASSIGNMENT (( #3277 ) ) ;
#932 = EDGE_CURVE ( 'NONE', #1410, #943, #2821, .T. ) ;
#933 = DIRECTION ( 'NONE',  ( 0.000000000000000000, -0.000000000000000000, -1.000000000000000000 ) ) ;
#934 = ADVANCED_FACE ( 'NONE', ( #2594 ), #706, .F. ) ;
#935 = ORIENTED_EDGE ( 'NONE', *, *, #3191, .T. ) ;
#936 = LINE ( 'NONE', #1722, #3070 ) ;
#937 = VECTOR ( 'NONE', #363, 39.37007874015748143 ) ;
#938 = DIRECTION ( 'NONE',  ( 0.000000000000000000, -0.000000000000000000, -1.000000000000000000 ) ) ;
#939 = VERTEX_POINT ( 'NONE', #410 ) ;
#940 =( NAMED_UNIT ( * ) SI_UNIT ( $, .STERADIAN. ) SOLID_ANGLE_UNIT ( ) );
#941 = EDGE_CURVE ( 'NONE', #440, #2047, #2804, .T. ) ;
#942 = CARTESIAN_POINT ( 'NONE',  ( 0.000000000000000000, 0.000000000000000000, -0.02283464566929133827 ) ) ;
#943 = VERTEX_POINT ( 'NONE', #3044 ) ;
#944 = DIRECTION ( 'NONE',  ( 0.000000000000000000, -1.000000000000000000, -0.000000000000000000 ) ) ;
#945 = DIRECTION ( 'NONE',  ( -0.000000000000000000, 1.000000000000000000, 0.000000000000000000 ) ) ;
#946 = ORIENTED_EDGE ( 'NONE', *, *, #1016, .F. ) ;
#947 = DIRECTION ( 'NONE',  ( 1.000000000000000000, 0.000000000000000000, -0.000000000000000000 ) ) ;
#948 = FILL_AREA_STYLE_COLOUR ( '', #1231 ) ;
#949 = ADVANCED_FACE ( 'NONE', ( #2854 ), #1768, .F. ) ;
#950 = EDGE_LOOP ( 'NONE', ( #1857, #257, #2939, #1364 ) ) ;
#951 = PRESENTATION_LAYER_ASSIGNMENT (  '', '', ( #1995 ) ) ;
#952 = DIRECTION ( 'NONE',  ( -0.000000000000000000, 0.000000000000000000, 1.000000000000000000 ) ) ;
#953 = PLANE ( 'NONE',  #1558 ) ;
#954 = FILL_AREA_STYLE ('',( #2532 ) ) ;
#955 = VECTOR ( 'NONE', #418, 39.37007874015748143 ) ;
#956 =( GEOMETRIC_REPRESENTATION_CONTEXT ( 3 ) GLOBAL_UNCERTAINTY_ASSIGNED_CONTEXT ( ( #993 ) ) GLOBAL_UNIT_ASSIGNED_CONTEXT ( ( #336, #1695, #908 ) ) REPRESENTATION_CONTEXT ( 'NONE', 'WORKASPACE' ) );
#957 = DIRECTION ( 'NONE',  ( 0.000000000000000000, -0.000000000000000000, -1.000000000000000000 ) ) ;
#958 = ORIENTED_EDGE ( 'NONE', *, *, #2846, .T. ) ;
#959 = VECTOR ( 'NONE', #3222, 39.37007874015748143 ) ;
#960 = FACE_OUTER_BOUND ( 'NONE', #2753, .T. ) ;
#961 = CARTESIAN_POINT ( 'NONE',  ( 0.03641732283464567399, 0.03248031496062991907, -0.02204724409448818867 ) ) ;
#962 = ORIENTED_EDGE ( 'NONE', *, *, #1904, .T. ) ;
#963 = FILL_AREA_STYLE_COLOUR ( '', #726 ) ;
#964 = DIRECTION ( 'NONE',  ( -1.000000000000000000, 0.000000000000000000, 0.000000000000000000 ) ) ;
#965 = FACE_OUTER_BOUND ( 'NONE', #2173, .T. ) ;
#966 = ORIENTED_EDGE ( 'NONE', *, *, #2150, .T. ) ;
#967 = PLANE ( 'NONE',  #206 ) ;
#968 = CARTESIAN_POINT ( 'NONE',  ( -0.01968503937007425389, 0.007027722319191771240, -0.02362204724409448786 ) ) ;
#969 = CARTESIAN_POINT ( 'NONE',  ( -0.007874015748031494219, -0.01476377952755905665, -0.02204724409448818867 ) ) ;
#970 = DIRECTION ( 'NONE',  ( -1.274473528905959695E-48, -1.000000000000000000, -1.498136433501504026E-80 ) ) ;
#971 = ORIENTED_EDGE ( 'NONE', *, *, #319, .T. ) ;
#972 = CARTESIAN_POINT ( 'NONE',  ( -0.01574803149606299191, -0.01279527559055118266, -0.02362204724409448786 ) ) ;
#973 = ORIENTED_EDGE ( 'NONE', *, *, #1121, .F. ) ;
#974 = FACE_OUTER_BOUND ( 'NONE', #811, .T. ) ;
#975 = SURFACE_STYLE_USAGE ( .BOTH. , #1248 ) ;
#976 = EDGE_CURVE ( 'NONE', #2585, #2737, #3060, .T. ) ;
#977 = CARTESIAN_POINT ( 'NONE',  ( -0.01771653543307086937, 0.01476377952755905665, -0.02204724409448818867 ) ) ;
#978 = ORIENTED_EDGE ( 'NONE', *, *, #2022, .F. ) ;
#979 = PLANE ( 'NONE',  #1805 ) ;
#980 = EDGE_CURVE ( 'NONE', #3254, #1593, #189, .T. ) ;
#981 =( GEOMETRIC_REPRESENTATION_CONTEXT ( 3 ) GLOBAL_UNCERTAINTY_ASSIGNED_CONTEXT ( ( #998 ) ) GLOBAL_UNIT_ASSIGNED_CONTEXT ( ( #2310, #1782, #2328 ) ) REPRESENTATION_CONTEXT ( 'NONE', 'WORKASPACE' ) );
#982 = DIRECTION ( 'NONE',  ( 0.000000000000000000, -0.000000000000000000, -1.000000000000000000 ) ) ;
#983 = VECTOR ( 'NONE', #1354, 39.37007874015748143 ) ;
#984 = CARTESIAN_POINT ( 'NONE',  ( 0.01574803149606299191, -0.03149606299212598381, -0.02283464566929133827 ) ) ;
#985 = SURFACE_SIDE_STYLE ('',( #2043 ) ) ;
#986 = ORIENTED_EDGE ( 'NONE', *, *, #1661, .T. ) ;
#987 = PLANE ( 'NONE',  #1166 ) ;
#988 =( NAMED_UNIT ( * ) PLANE_ANGLE_UNIT ( ) SI_UNIT ( $, .RADIAN. ) );
#989 = PRESENTATION_LAYER_ASSIGNMENT (  '', '', ( #1596 ) ) ;
#990 = CARTESIAN_POINT ( 'NONE',  ( 0.01574803149606299191, -0.01279527559055118266, -0.02283464566929133827 ) ) ;
#991 = ORIENTED_EDGE ( 'NONE', *, *, #906, .T. ) ;
#992 =( NAMED_UNIT ( * ) PLANE_ANGLE_UNIT ( ) SI_UNIT ( $, .RADIAN. ) );
#993 = UNCERTAINTY_MEASURE_WITH_UNIT (LENGTH_MEASURE( 1.000000000000000082E-05 ), #336, 'distance_accuracy_value', 'NONE');
#994 = LINE ( 'NONE', #193, #1101 ) ;
#995 = VERTEX_POINT ( 'NONE', #3337 ) ;
#996 = SURFACE_STYLE_USAGE ( .BOTH. , #499 ) ;
#997 = LINE ( 'NONE', #147, #248 ) ;
#998 = UNCERTAINTY_MEASURE_WITH_UNIT (LENGTH_MEASURE( 1.000000000000000082E-05 ), #2310, 'distance_accuracy_value', 'NONE');
#999 = DIRECTION ( 'NONE',  ( -0.000000000000000000, 1.000000000000000000, 0.000000000000000000 ) ) ;
#1000 = ADVANCED_FACE ( 'NONE', ( #2046 ), #722, .T. ) ;
#1001 = DIRECTION ( 'NONE',  ( 0.000000000000000000, -1.000000000000000000, 0.000000000000000000 ) ) ;
#1002 = VERTEX_POINT ( 'NONE', #1262 ) ;
#1003 = SURFACE_SIDE_STYLE ('',( #458 ) ) ;
#1004 = VECTOR ( 'NONE', #2930, 39.37007874015748143 ) ;
#1005 = VECTOR ( 'NONE', #2462, 39.37007874015748143 ) ;
#1006 =( NAMED_UNIT ( * ) SI_UNIT ( $, .STERADIAN. ) SOLID_ANGLE_UNIT ( ) );
#1007 = ORIENTED_EDGE ( 'NONE', *, *, #2666, .F. ) ;
#1008 = SURFACE_SIDE_STYLE ('',( #1227 ) ) ;
#1009 = DIRECTION ( 'NONE',  ( 1.000000000000000000, 0.000000000000000000, -0.000000000000000000 ) ) ;
#1010 =( GEOMETRIC_REPRESENTATION_CONTEXT ( 3 ) GLOBAL_UNCERTAINTY_ASSIGNED_CONTEXT ( ( #1756 ) ) GLOBAL_UNIT_ASSIGNED_CONTEXT ( ( #2573, #664, #2546 ) ) REPRESENTATION_CONTEXT ( 'NONE', 'WORKASPACE' ) );
#1011 = VECTOR ( 'NONE', #338, 39.37007874015748143 ) ;
#1012 = ORIENTED_EDGE ( 'NONE', *, *, #976, .T. ) ;
#1013 = FACE_OUTER_BOUND ( 'NONE', #3314, .T. ) ;
#1014 = VECTOR ( 'NONE', #1409, 39.37007874015748143 ) ;
#1015 = LINE ( 'NONE', #2073, #224 ) ;
#1016 = EDGE_CURVE ( 'NONE', #3027, #463, #477, .T. ) ;
#1017 = LINE ( 'NONE', #3365, #584 ) ;
#1018 = EDGE_LOOP ( 'NONE', ( #757, #2465, #3132, #962 ) ) ;
#1019 = CARTESIAN_POINT ( 'NONE',  ( -0.01968503937007425389, 0.007027722319191771240, -0.02283464566929133827 ) ) ;
#1020 = ORIENTED_EDGE ( 'NONE', *, *, #1823, .T. ) ;
#1021 = PLANE ( 'NONE',  #1779 ) ;
#1022 =( NAMED_UNIT ( * ) PLANE_ANGLE_UNIT ( ) SI_UNIT ( $, .RADIAN. ) );
#1023 = ORIENTED_EDGE ( 'NONE', *, *, #1801, .F. ) ;
#1024 =( NAMED_UNIT ( * ) PLANE_ANGLE_UNIT ( ) SI_UNIT ( $, .RADIAN. ) );
#1025 = CARTESIAN_POINT ( 'NONE',  ( 0.009842519685039369942, 0.03149606299212598381, -0.02204724409448818867 ) ) ;
#1026 = EDGE_CURVE ( 'NONE', #1157, #158, #235, .T. ) ;
#1027 = EDGE_CURVE ( 'NONE', #3, #863, #1872, .T. ) ;
#1028 = MECHANICAL_DESIGN_GEOMETRIC_PRESENTATION_REPRESENTATION (  '', ( #2533 ), #3228 ) ;
#1029 =( GEOMETRIC_REPRESENTATION_CONTEXT ( 3 ) GLOBAL_UNCERTAINTY_ASSIGNED_CONTEXT ( ( #1078 ) ) GLOBAL_UNIT_ASSIGNED_CONTEXT ( ( #1807, #1024, #386 ) ) REPRESENTATION_CONTEXT ( 'NONE', 'WORKASPACE' ) );
#1030 = LENGTH_MEASURE_WITH_UNIT ( LENGTH_MEASURE( 0.02539999999999999897 ), #1060 );
#1031 = VECTOR ( 'NONE', #404, 39.37007874015748143 ) ;
#1032 = CARTESIAN_POINT ( 'NONE',  ( -0.03641732283464567399, 0.03248031496062991907, -0.01574803149606299191 ) ) ;
#1033 = ORIENTED_EDGE ( 'NONE', *, *, #2078, .T. ) ;
#1034 =( NAMED_UNIT ( * ) PLANE_ANGLE_UNIT ( ) SI_UNIT ( $, .RADIAN. ) );
#1035 = ORIENTED_EDGE ( 'NONE', *, *, #3218, .T. ) ;
#1036 =( NAMED_UNIT ( * ) PLANE_ANGLE_UNIT ( ) SI_UNIT ( $, .RADIAN. ) );
#1037 = VERTEX_POINT ( 'NONE', #3125 ) ;
#1038 = EDGE_CURVE ( 'NONE', #1317, #322, #527, .T. ) ;
#1039 = EDGE_LOOP ( 'NONE', ( #1769, #1679, #626, #1436 ) ) ;
#1040 = EDGE_CURVE ( 'NONE', #1067, #2562, #2096, .T. ) ;
#1041 = SURFACE_STYLE_USAGE ( .BOTH. , #1536 ) ;
#1042 = DIRECTION ( 'NONE',  ( -0.000000000000000000, -0.000000000000000000, -1.000000000000000000 ) ) ;
#1043 = DIMENSIONAL_EXPONENTS ( 1.000000000000000000, 0.000000000000000000, 0.000000000000000000, 0.000000000000000000, 0.000000000000000000, 0.000000000000000000, 0.000000000000000000 ) ;
#1044 = PRESENTATION_STYLE_ASSIGNMENT (( #3399 ) ) ;
#1045 = ORIENTED_EDGE ( 'NONE', *, *, #514, .T. ) ;
#1046 = DIRECTION ( 'NONE',  ( 0.000000000000000000, 1.000000000000000000, 0.000000000000000000 ) ) ;
#1047 = CARTESIAN_POINT ( 'NONE',  ( 0.000000000000000000, 0.01279527559055118266, -0.02362204724409448786 ) ) ;
#1048 = VERTEX_POINT ( 'NONE', #2631 ) ;
#1049 = SURFACE_STYLE_USAGE ( .BOTH. , #1085 ) ;
#1050 = DIRECTION ( 'NONE',  ( -1.274473528905959695E-48, -1.000000000000000000, -1.498136433501504026E-80 ) ) ;
#1051 = VECTOR ( 'NONE', #156, 39.37007874015748143 ) ;
#1052 = CARTESIAN_POINT ( 'NONE',  ( -0.01771653543307086937, 0.01476377952755905665, -0.02322834645669292000 ) ) ;
#1053 = ORIENTED_EDGE ( 'NONE', *, *, #608, .T. ) ;
#1054 = VECTOR ( 'NONE', #314, 39.37007874015748143 ) ;
#1055 = VECTOR ( 'NONE', #2784, 39.37007874015748143 ) ;
#1056 = VECTOR ( 'NONE', #793, 39.37007874015748143 ) ;
#1057 = DIRECTION ( 'NONE',  ( 1.000000000000000000, 1.355252715606880049E-16, -0.000000000000000000 ) ) ;
#1058 = DIRECTION ( 'NONE',  ( 0.000000000000000000, -0.000000000000000000, 1.000000000000000000 ) ) ;
#1059 = ORIENTED_EDGE ( 'NONE', *, *, #744, .F. ) ;
#1060 =( LENGTH_UNIT ( ) NAMED_UNIT ( * ) SI_UNIT ( $, .METRE. ) );
#1061 = FACE_BOUND ( 'NONE', #871, .T. ) ;
#1062 = PRESENTATION_LAYER_ASSIGNMENT (  '', '', ( #1115 ) ) ;
#1063 = SURFACE_SIDE_STYLE ('',( #3137 ) ) ;
#1064 = ORIENTED_EDGE ( 'NONE', *, *, #818, .T. ) ;
#1065 = PRESENTATION_STYLE_ASSIGNMENT (( #3401 ) ) ;
#1066 = UNCERTAINTY_MEASURE_WITH_UNIT (LENGTH_MEASURE( 1.000000000000000082E-05 ), #1125, 'distance_accuracy_value', 'NONE');
#1067 = VERTEX_POINT ( 'NONE', #303 ) ;
#1068 = LINE ( 'NONE', #2137, #2663 ) ;
#1069 = CARTESIAN_POINT ( 'NONE',  ( -0.03641732283464567399, -0.03248031496062991907, -0.02204724409448818867 ) ) ;
#1070 = CARTESIAN_POINT ( 'NONE',  ( 0.000000000000000000, 0.007027722319191771240, -0.02362204724409448786 ) ) ;
#1071 = EDGE_LOOP ( 'NONE', ( #3066, #1045, #2301, #1220, #2954, #142 ) ) ;
#1072 = SURFACE_STYLE_FILL_AREA ( #43 ) ;
#1073 = PRESENTATION_LAYER_ASSIGNMENT (  '', '', ( #299 ) ) ;
#1074 = DIRECTION ( 'NONE',  ( 1.000000000000000000, 1.032573497605239882E-16, -0.000000000000000000 ) ) ;
#1075 = EDGE_LOOP ( 'NONE', ( #2435, #2347, #3147, #97 ) ) ;
#1076 = CARTESIAN_POINT ( 'NONE',  ( 0.009842519685039369942, 0.01279527559055118266, -0.02362204724409448786 ) ) ;
#1077 = CARTESIAN_POINT ( 'NONE',  ( -0.02362204724409448786, 0.01476377952755905665, -0.02283464566929133827 ) ) ;
#1078 = UNCERTAINTY_MEASURE_WITH_UNIT (LENGTH_MEASURE( 1.000000000000000082E-05 ), #1807, 'distance_accuracy_value', 'NONE');
#1079 = VECTOR ( 'NONE', #1412, 39.37007874015748143 ) ;
#1080 = ORIENTED_EDGE ( 'NONE', *, *, #3169, .F. ) ;
#1081 = PLANE ( 'NONE',  #1394 ) ;
#1082 = SURFACE_STYLE_USAGE ( .BOTH. , #268 ) ;
#1083 = EDGE_LOOP ( 'NONE', ( #2514, #1631, #2637, #1668, #2685, #3219 ) ) ;
#1084 =( GEOMETRIC_REPRESENTATION_CONTEXT ( 3 ) GLOBAL_UNCERTAINTY_ASSIGNED_CONTEXT ( ( #2762 ) ) GLOBAL_UNIT_ASSIGNED_CONTEXT ( ( #3175, #2956, #2100 ) ) REPRESENTATION_CONTEXT ( 'NONE', 'WORKASPACE' ) );
#1085 = SURFACE_SIDE_STYLE ('',( #38 ) ) ;
#1086 = DIMENSIONAL_EXPONENTS ( 1.000000000000000000, 0.000000000000000000, 0.000000000000000000, 0.000000000000000000, 0.000000000000000000, 0.000000000000000000, 0.000000000000000000 ) ;
#1087 = VECTOR ( 'NONE', #1671, 39.37007874015748143 ) ;
#1088 = FACE_OUTER_BOUND ( 'NONE', #2788, .T. ) ;
#1089 = ORIENTED_EDGE ( 'NONE', *, *, #2338, .T. ) ;
#1090 = LINE ( 'NONE', #1858, #3395 ) ;
#1091 = SURFACE_STYLE_FILL_AREA ( #90 ) ;
#1092 = MECHANICAL_DESIGN_GEOMETRIC_PRESENTATION_REPRESENTATION (  '', ( #3082 ), #1876 ) ;
#1093 = ADVANCED_FACE ( 'NONE', ( #250 ), #510, .T. ) ;
#1094 = CARTESIAN_POINT ( 'NONE',  ( 0.000000000000000000, 0.000000000000000000, -0.02283464566929133827 ) ) ;
#1095 = SURFACE_STYLE_FILL_AREA ( #1657 ) ;
#1096 = CARTESIAN_POINT ( 'NONE',  ( 0.007874015748031495954, 0.000000000000000000, -0.02283464566929133827 ) ) ;
#1097 = VERTEX_POINT ( 'NONE', #810 ) ;
#1098 = LINE ( 'NONE', #1114, #2288 ) ;
#1099 = ADVANCED_FACE ( 'NONE', ( #1367 ), #1592, .T. ) ;
#1100 = EDGE_CURVE ( 'NONE', #1002, #2866, #2868, .T. ) ;
#1101 = VECTOR ( 'NONE', #1285, 39.37007874015748143 ) ;
#1102 = ORIENTED_EDGE ( 'NONE', *, *, #1026, .F. ) ;
#1103 = CARTESIAN_POINT ( 'NONE',  ( 0.03641732283464567399, 0.01279527559055118266, -0.02204724409448818867 ) ) ;
#1104 = SURFACE_SIDE_STYLE ('',( #1837 ) ) ;
#1105 = FILL_AREA_STYLE ('',( #1892 ) ) ;
#1106 = ORIENTED_EDGE ( 'NONE', *, *, #2010, .T. ) ;
#1107 =( CONVERSION_BASED_UNIT ( 'INCH', #2638 ) LENGTH_UNIT ( ) NAMED_UNIT ( #2142 ) );
#1108 = CARTESIAN_POINT ( 'NONE',  ( 0.03641732283464567399, 0.03248031496062991907, 0.000000000000000000 ) ) ;
#1109 = VECTOR ( 'NONE', #2189, 39.37007874015748143 ) ;
#1110 = DIRECTION ( 'NONE',  ( 1.000000000000000000, -0.000000000000000000, 0.000000000000000000 ) ) ;
#1111 = ORIENTED_EDGE ( 'NONE', *, *, #2112, .T. ) ;
#1112 = VECTOR ( 'NONE', #1424, 39.37007874015748143 ) ;
#1113 = ORIENTED_EDGE ( 'NONE', *, *, #3351, .T. ) ;
#1114 = CARTESIAN_POINT ( 'NONE',  ( 0.000000000000000000, -0.03149606299212598381, -0.02283464566929133827 ) ) ;
#1115 = STYLED_ITEM ( 'NONE', ( #2471 ), #161 ) ;
#1116 = DIRECTION ( 'NONE',  ( 1.000000000000000000, -1.274473528905959695E-48, 1.175494350822290108E-32 ) ) ;
#1117 = LINE ( 'NONE', #1403, #1621 ) ;
#1118 = VERTEX_POINT ( 'NONE', #3385 ) ;
#1119 = DIRECTION ( 'NONE',  ( 0.000000000000000000, -0.000000000000000000, 1.000000000000000000 ) ) ;
#1120 = LENGTH_MEASURE_WITH_UNIT ( LENGTH_MEASURE( 0.02539999999999999897 ), #3291 );
#1121 = EDGE_CURVE ( 'NONE', #2906, #1197, #492, .T. ) ;
#1122 = CARTESIAN_POINT ( 'NONE',  ( -0.009842519685039369942, 0.000000000000000000, -0.02204724409448818867 ) ) ;
#1123 = ORIENTED_EDGE ( 'NONE', *, *, #867, .F. ) ;
#1124 = DIRECTION ( 'NONE',  ( 0.000000000000000000, -0.000000000000000000, -1.000000000000000000 ) ) ;
#1125 =( CONVERSION_BASED_UNIT ( 'INCH', #2961 ) LENGTH_UNIT ( ) NAMED_UNIT ( #1889 ) );
#1126 = STYLED_ITEM ( 'NONE', ( #1329 ), #272 ) ;
#1127 = SURFACE_STYLE_USAGE ( .BOTH. , #1413 ) ;
#1128 = EDGE_LOOP ( 'NONE', ( #2069, #1798, #1893, #2733, #803, #2627 ) ) ;
#1129 =( GEOMETRIC_REPRESENTATION_CONTEXT ( 3 ) GLOBAL_UNCERTAINTY_ASSIGNED_CONTEXT ( ( #3006 ) ) GLOBAL_UNIT_ASSIGNED_CONTEXT ( ( #1736, #3262, #915 ) ) REPRESENTATION_CONTEXT ( 'NONE', 'WORKASPACE' ) );
#1130 = CARTESIAN_POINT ( 'NONE',  ( 0.03543307086614173179, -0.01279527559055118266, -0.02283464566929133827 ) ) ;
#1131 = DIRECTION ( 'NONE',  ( 0.000000000000000000, 0.000000000000000000, -1.000000000000000000 ) ) ;
#1132 = EDGE_CURVE ( 'NONE', #3323, #3243, #1561, .T. ) ;
#1133 = ADVANCED_FACE ( 'NONE', ( #2611 ), #2157, .F. ) ;
#1134 = EDGE_LOOP ( 'NONE', ( #542, #823, #691, #2183, #816, #1528 ) ) ;
#1135 = LINE ( 'NONE', #2212, #389 ) ;
#1136 =( NAMED_UNIT ( * ) SI_UNIT ( $, .STERADIAN. ) SOLID_ANGLE_UNIT ( ) );
#1137 = FACE_OUTER_BOUND ( 'NONE', #2892, .T. ) ;
#1138 = ORIENTED_EDGE ( 'NONE', *, *, #1541, .F. ) ;
#1139 = CARTESIAN_POINT ( 'NONE',  ( 0.000000000000000000, 0.000000000000000000, -0.02204724409448818867 ) ) ;
#1140 = VECTOR ( 'NONE', #1956, 39.37007874015748143 ) ;
#1141 = VECTOR ( 'NONE', #743, 39.37007874015748143 ) ;
#1142 = PRESENTATION_LAYER_ASSIGNMENT (  '', '', ( #3234 ) ) ;
#1143 = CARTESIAN_POINT ( 'NONE',  ( -0.007874015748031495954, 0.000000000000000000, -0.02283464566929133827 ) ) ;
#1144 = VERTEX_POINT ( 'NONE', #2717 ) ;
#1145 = SURFACE_STYLE_USAGE ( .BOTH. , #2166 ) ;
#1146 = VECTOR ( 'NONE', #881, 39.37007874015748143 ) ;
#1147 = EDGE_CURVE ( 'NONE', #2311, #2894, #103, .T. ) ;
#1148 = CARTESIAN_POINT ( 'NONE',  ( -0.01574803149606299191, -0.03149606299212598381, -0.02362204724409448786 ) ) ;
#1149 = VERTEX_POINT ( 'NONE', #2499 ) ;
#1150 = EDGE_CURVE ( 'NONE', #2047, #3243, #51, .T. ) ;
#1151 = CARTESIAN_POINT ( 'NONE',  ( 0.007874015748031495954, -1.067128122525102435E-18, -0.02322834645669292000 ) ) ;
#1152 = LINE ( 'NONE', #2950, #699 ) ;
#1153 = ORIENTED_EDGE ( 'NONE', *, *, #2246, .F. ) ;
#1154 = DIRECTION ( 'NONE',  ( 0.000000000000000000, -1.000000000000000000, -0.000000000000000000 ) ) ;
#1155 = DIRECTION ( 'NONE',  ( 0.000000000000000000, -0.000000000000000000, -1.000000000000000000 ) ) ;
#1156 = CARTESIAN_POINT ( 'NONE',  ( -0.007874015748031495954, 0.01476377952755905665, -0.02204724409448818867 ) ) ;
#1157 = VERTEX_POINT ( 'NONE', #2974 ) ;
#1158 = CARTESIAN_POINT ( 'NONE',  ( -0.03641732283464567399, 0.000000000000000000, 0.000000000000000000 ) ) ;
#1159 = CARTESIAN_POINT ( 'NONE',  ( 0.000000000000000000, -0.03149606299212598381, -0.01200787401574803133 ) ) ;
#1160 = CARTESIAN_POINT ( 'NONE',  ( 0.03543307086614173873, 0.000000000000000000, -0.01200787401574803133 ) ) ;
#1161 = ORIENTED_EDGE ( 'NONE', *, *, #3265, .F. ) ;
#1162 = CARTESIAN_POINT ( 'NONE',  ( -0.03543307086614173873, 0.000000000000000000, -0.01200787401574803133 ) ) ;
#1163 = ORIENTED_EDGE ( 'NONE', *, *, #2579, .F. ) ;
#1164 = CARTESIAN_POINT ( 'NONE',  ( -0.03543307086614173873, 0.000000000000000000, -0.01200787401574803133 ) ) ;
#1165 = VECTOR ( 'NONE', #1770, 39.37007874015748143 ) ;
#1166 = AXIS2_PLACEMENT_3D ( 'NONE', #972, #1542, #188 ) ;
#1167 = LINE ( 'NONE', #868, #752 ) ;
#1168 = VERTEX_POINT ( 'NONE', #2214 ) ;
#1169 = VECTOR ( 'NONE', #795, 39.37007874015748143 ) ;
#1170 = UNCERTAINTY_MEASURE_WITH_UNIT (LENGTH_MEASURE( 1.000000000000000082E-05 ), #3256, 'distance_accuracy_value', 'NONE');
#1171 = PRESENTATION_LAYER_ASSIGNMENT (  '', '', ( #2558 ) ) ;
#1172 = DIRECTION ( 'NONE',  ( -1.000000000000000000, -0.000000000000000000, 0.000000000000000000 ) ) ;
#1173 = DIRECTION ( 'NONE',  ( -0.000000000000000000, -0.000000000000000000, 1.000000000000000000 ) ) ;
#1174 = VERTEX_POINT ( 'NONE', #2231 ) ;
#1175 = CARTESIAN_POINT ( 'NONE',  ( 0.000000000000000000, 0.03149606299212598381, -0.02204724409448818867 ) ) ;
#1176 = DIRECTION ( 'NONE',  ( -0.000000000000000000, 1.000000000000000000, 0.000000000000000000 ) ) ;
#1177 = EDGE_CURVE ( 'NONE', #2575, #1806, #354, .T. ) ;
#1178 = EDGE_CURVE ( 'NONE', #1765, #304, #70, .T. ) ;
#1179 = LINE ( 'NONE', #1459, #3000 ) ;
#1180 = ORIENTED_EDGE ( 'NONE', *, *, #2343, .F. ) ;
#1181 = FILL_AREA_STYLE_COLOUR ( '', #2313 ) ;
#1182 = ORIENTED_EDGE ( 'NONE', *, *, #1038, .T. ) ;
#1183 = FACE_OUTER_BOUND ( 'NONE', #1322, .T. ) ;
#1184 = STYLED_ITEM ( 'NONE', ( #693 ), #226 ) ;
#1185 = DIRECTION ( 'NONE',  ( -0.000000000000000000, 1.000000000000000000, 0.000000000000000000 ) ) ;
#1186 = VERTEX_POINT ( 'NONE', #1648 ) ;
#1187 = DIRECTION ( 'NONE',  ( 1.000000000000000000, 0.000000000000000000, -0.000000000000000000 ) ) ;
#1188 = DIRECTION ( 'NONE',  ( 0.000000000000000000, -1.000000000000000000, -0.000000000000000000 ) ) ;
#1189 = CARTESIAN_POINT ( 'NONE',  ( 0.02362204724409448786, -0.01476377952755905665, -0.02322834645669292000 ) ) ;
#1190 = VERTEX_POINT ( 'NONE', #1712 ) ;
#1191 = ADVANCED_FACE ( 'NONE', ( #1137 ), #2450, .F. ) ;
#1192 = LINE ( 'NONE', #3109, #778 ) ;
#1193 = FACE_OUTER_BOUND ( 'NONE', #748, .T. ) ;
#1194 = LINE ( 'NONE', #1427, #2295 ) ;
#1195 = ORIENTED_EDGE ( 'NONE', *, *, #665, .F. ) ;
#1196 = FILL_AREA_STYLE_COLOUR ( '', #1271 ) ;
#1197 = VERTEX_POINT ( 'NONE', #651 ) ;
#1198 = DIRECTION ( 'NONE',  ( -0.000000000000000000, 1.000000000000000000, 0.000000000000000000 ) ) ;
#1199 = EDGE_CURVE ( 'NONE', #1002, #640, #1117, .T. ) ;
#1200 = CARTESIAN_POINT ( 'NONE',  ( 0.03346456692913385433, 0.01476377952755905665, -0.02204724409448818867 ) ) ;
#1201 = SURFACE_SIDE_STYLE ('',( #3038 ) ) ;
#1202 = FILL_AREA_STYLE ('',( #403 ) ) ;
#1203 = EDGE_CURVE ( 'NONE', #2224, #893, #2768, .T. ) ;
#1204 = CARTESIAN_POINT ( 'NONE',  ( -0.01574803149606299191, 0.03248031496062991907, -0.01574803149606299191 ) ) ;
#1205 = ORIENTED_EDGE ( 'NONE', *, *, #739, .T. ) ;
#1206 = DIRECTION ( 'NONE',  ( 0.000000000000000000, 0.000000000000000000, 1.000000000000000000 ) ) ;
#1207 = ORIENTED_EDGE ( 'NONE', *, *, #1586, .F. ) ;
#1208 = FACE_OUTER_BOUND ( 'NONE', #2050, .T. ) ;
#1209 = ORIENTED_EDGE ( 'NONE', *, *, #312, .F. ) ;
#1210 = PRODUCT_DEFINITION_SHAPE ( 'NONE', 'NONE',  #1420 ) ;
#1211 = VECTOR ( 'NONE', #709, 39.37007874015748143 ) ;
#1212 = CARTESIAN_POINT ( 'NONE',  ( 0.009842519685039369942, 0.01279527559055118266, -0.02283464566929133827 ) ) ;
#1213 = PLANE ( 'NONE',  #274 ) ;
#1214 = DIRECTION ( 'NONE',  ( 0.000000000000000000, 0.000000000000000000, 1.000000000000000000 ) ) ;
#1215 = VECTOR ( 'NONE', #1046, 39.37007874015748143 ) ;
#1216 = VECTOR ( 'NONE', #429, 39.37007874015748143 ) ;
#1217 = LINE ( 'NONE', #2296, #2686 ) ;
#1218 = VECTOR ( 'NONE', #2377, 39.37007874015748143 ) ;
#1219 = CARTESIAN_POINT ( 'NONE',  ( -0.01968503937007425389, -0.001830545397304263969, -0.02362204724409448786 ) ) ;
#1220 = ORIENTED_EDGE ( 'NONE', *, *, #30, .T. ) ;
#1221 = STYLED_ITEM ( 'NONE', ( #924 ), #1191 ) ;
#1222 = DIRECTION ( 'NONE',  ( 0.000000000000000000, 0.000000000000000000, -1.000000000000000000 ) ) ;
#1223 = EDGE_CURVE ( 'NONE', #104, #1418, #2953, .T. ) ;
#1224 = MECHANICAL_DESIGN_GEOMETRIC_PRESENTATION_REPRESENTATION (  '', ( #1731 ), #2060 ) ;
#1225 = CARTESIAN_POINT ( 'NONE',  ( 0.02755905511811023584, -0.01476377952755905665, -0.02204724409448818867 ) ) ;
#1226 = VERTEX_POINT ( 'NONE', #2701 ) ;
#1227 = SURFACE_STYLE_FILL_AREA ( #1492 ) ;
#1228 = EDGE_CURVE ( 'NONE', #1048, #1317, #321, .T. ) ;
#1229 = LINE ( 'NONE', #2366, #2636 ) ;
#1230 = UNCERTAINTY_MEASURE_WITH_UNIT (LENGTH_MEASURE( 1.000000000000000082E-05 ), #2731, 'distance_accuracy_value', 'NONE');
#1231 = COLOUR_RGB ( '',0.6313725490196078205, 0.6588235294117646967, 0.6784313725490196401 ) ;
#1232 = DIRECTION ( 'NONE',  ( 0.000000000000000000, -1.000000000000000000, -0.000000000000000000 ) ) ;
#1233 = ORIENTED_EDGE ( 'NONE', *, *, #2112, .F. ) ;
#1234 = DIRECTION ( 'NONE',  ( -1.032573497605239882E-16, 1.000000000000000000, 0.000000000000000000 ) ) ;
#1235 =( LENGTH_UNIT ( ) NAMED_UNIT ( * ) SI_UNIT ( $, .METRE. ) );
#1236 = FACE_OUTER_BOUND ( 'NONE', #1704, .T. ) ;
#1237 = FACE_OUTER_BOUND ( 'NONE', #3001, .T. ) ;
#1238 = EDGE_CURVE ( 'NONE', #1519, #1002, #2464, .T. ) ;
#1239 = EDGE_CURVE ( 'NONE', #158, #2742, #2736, .T. ) ;
#1240 = CARTESIAN_POINT ( 'NONE',  ( 0.02362204724409984122, -0.001830545397304263969, -0.02283464566929133827 ) ) ;
#1241 = CARTESIAN_POINT ( 'NONE',  ( 0.03641732283464567399, -0.03248031496062991907, -0.02204724409448818867 ) ) ;
#1242 = VERTEX_POINT ( 'NONE', #1241 ) ;
#1243 = CARTESIAN_POINT ( 'NONE',  ( 0.03543307086614173873, -0.03149606299212598381, -0.01200787401574803133 ) ) ;
#1244 = STYLED_ITEM ( 'NONE', ( #686 ), #424 ) ;
#1245 = EDGE_CURVE ( 'NONE', #737, #3226, #3072, .T. ) ;
#1246 = CARTESIAN_POINT ( 'NONE',  ( 0.000000000000000000, 0.000000000000000000, -0.02283464566929133827 ) ) ;
#1247 = ORIENTED_EDGE ( 'NONE', *, *, #789, .F. ) ;
#1248 = SURFACE_SIDE_STYLE ('',( #3372 ) ) ;
#1249 = VECTOR ( 'NONE', #1950, 39.37007874015748143 ) ;
#1250 = FILL_AREA_STYLE_COLOUR ( '', #1826 ) ;
#1251 = ORIENTED_EDGE ( 'NONE', *, *, #2150, .F. ) ;
#1252 = EDGE_LOOP ( 'NONE', ( #1965, #596, #2353, #444 ) ) ;
#1253 = FILL_AREA_STYLE ('',( #196 ) ) ;
#1254 = EDGE_CURVE ( 'NONE', #1037, #82, #137, .T. ) ;
#1255 = ADVANCED_FACE ( 'NONE', ( #687 ), #2011, .F. ) ;
#1256 = DIRECTION ( 'NONE',  ( 1.000000000000000000, 0.000000000000000000, -0.000000000000000000 ) ) ;
#1257 = SURFACE_STYLE_USAGE ( .BOTH. , #1201 ) ;
#1258 = VECTOR ( 'NONE', #2587, 39.37007874015748143 ) ;
#1259 = ORIENTED_EDGE ( 'NONE', *, *, #2917, .F. ) ;
#1260 = FILL_AREA_STYLE_COLOUR ( '', #1447 ) ;
#1261 = AXIS2_PLACEMENT_3D ( 'NONE', #460, #3306, #2577 ) ;
#1262 = CARTESIAN_POINT ( 'NONE',  ( -0.007874015748031495954, 0.01476377952755905665, -0.02322834645669292000 ) ) ;
#1263 = ORIENTED_EDGE ( 'NONE', *, *, #2390, .F. ) ;
#1264 = CARTESIAN_POINT ( 'NONE',  ( -0.03346456692913385433, 0.000000000000000000, -0.02283464566929133827 ) ) ;
#1265 = LINE ( 'NONE', #1493, #2199 ) ;
#1266 = DIRECTION ( 'NONE',  ( -1.000000000000000000, 0.000000000000000000, 0.000000000000000000 ) ) ;
#1267 = ORIENTED_EDGE ( 'NONE', *, *, #3352, .T. ) ;
#1268 = CARTESIAN_POINT ( 'NONE',  ( -0.009842519685039369942, -0.03248031496062991907, -0.02204724409448818867 ) ) ;
#1269 = DIRECTION ( 'NONE',  ( 0.000000000000000000, -1.000000000000000000, -0.000000000000000000 ) ) ;
#1270 = UNCERTAINTY_MEASURE_WITH_UNIT (LENGTH_MEASURE( 1.000000000000000082E-05 ), #2132, 'distance_accuracy_value', 'NONE');
#1271 = COLOUR_RGB ( '',0.6313725490196078205, 0.6588235294117646967, 0.6784313725490196401 ) ;
#1272 = PLANE ( 'NONE',  #11 ) ;
#1273 = LINE ( 'NONE', #2341, #2400 ) ;
#1274 = VERTEX_POINT ( 'NONE', #456 ) ;
#1275 =( LENGTH_UNIT ( ) NAMED_UNIT ( * ) SI_UNIT ( $, .METRE. ) );
#1276 = VECTOR ( 'NONE', #2426, 39.37007874015748143 ) ;
#1277 = VECTOR ( 'NONE', #2995, 39.37007874015748143 ) ;
#1278 = CARTESIAN_POINT ( 'NONE',  ( 0.000000000000000000, -0.03149606299212598381, -0.01200787401574803133 ) ) ;
#1279 = ORIENTED_EDGE ( 'NONE', *, *, #1516, .T. ) ;
#1280 = SURFACE_STYLE_USAGE ( .BOTH. , #1008 ) ;
#1281 = LINE ( 'NONE', #22, #685 ) ;
#1282 = VECTOR ( 'NONE', #3290, 39.37007874015748143 ) ;
#1283 = ADVANCED_FACE ( 'NONE', ( #1524 ), #2547, .F. ) ;
#1284 = EDGE_CURVE ( 'NONE', #2933, #3110, #2265, .T. ) ;
#1285 = DIRECTION ( 'NONE',  ( -0.000000000000000000, 1.000000000000000000, 0.000000000000000000 ) ) ;
#1286 = ORIENTED_EDGE ( 'NONE', *, *, #3077, .F. ) ;
#1287 = ORIENTED_EDGE ( 'NONE', *, *, #300, .T. ) ;
#1288 =( GEOMETRIC_REPRESENTATION_CONTEXT ( 3 ) GLOBAL_UNCERTAINTY_ASSIGNED_CONTEXT ( ( #2862 ) ) GLOBAL_UNIT_ASSIGNED_CONTEXT ( ( #2123, #1036, #1371 ) ) REPRESENTATION_CONTEXT ( 'NONE', 'WORKASPACE' ) );
#1289 = LINE ( 'NONE', #2708, #1924 ) ;
#1290 = EDGE_CURVE ( 'NONE', #433, #1883, #2798, .T. ) ;
#1291 = FACE_OUTER_BOUND ( 'NONE', #146, .T. ) ;
#1292 = LINE ( 'NONE', #3381, #472 ) ;
#1293 = VERTEX_POINT ( 'NONE', #1189 ) ;
#1294 = EDGE_CURVE ( 'NONE', #322, #20, #3107, .T. ) ;
#1295 = AXIS2_PLACEMENT_3D ( 'NONE', #2032, #221, #3129 ) ;
#1296 = ORIENTED_EDGE ( 'NONE', *, *, #2957, .F. ) ;
#1297 =( CONVERSION_BASED_UNIT ( 'INCH', #21 ) LENGTH_UNIT ( ) NAMED_UNIT ( #1086 ) );
#1298 =( LENGTH_UNIT ( ) NAMED_UNIT ( * ) SI_UNIT ( $, .METRE. ) );
#1299 = LINE ( 'NONE', #1351, #562 ) ;
#1300 = ORIENTED_EDGE ( 'NONE', *, *, #1150, .F. ) ;
#1301 = LINE ( 'NONE', #1791, #1258 ) ;
#1302 = PLANE ( 'NONE',  #631 ) ;
#1303 = PRESENTATION_LAYER_ASSIGNMENT (  '', '', ( #2533 ) ) ;
#1304 = CLOSED_SHELL ( 'NONE', ( #3092, #2098, #408, #2944, #352, #1000, #2739, #3049, #3368, #1496, #1749, #1442, #949, #2586, #2935, #3310, #2387, #3362, #2208, #892, #1093, #2604, #1764, #1645, #424, #1283, #2713, #2777, #1255, #622, #2703, #202, #3403, #1979, #3064, #1465, #735, #1870, #2845, #163, #2009, #909, #830, #2131, #2629, #934, #3318, #358, #1719, #2476, #3286, #758, #2, #1191, #398, #1618, #153, #161, #226, #1133, #1099, #3089, #409, #2971, #272, #2502, #380, #1646, #1698, #2414, #2458, #636, #475, #29, #2630, #2463, #2671, #1794, #1356, #1855, #714, #2781, #1999, #589, #513 ) ) ;
#1305 = DIRECTION ( 'NONE',  ( -0.000000000000000000, 0.000000000000000000, -1.000000000000000000 ) ) ;
#1306 = CARTESIAN_POINT ( 'NONE',  ( 0.02362204724409448786, 0.000000000000000000, -0.02283464566929133827 ) ) ;
#1307 = EDGE_CURVE ( 'NONE', #2742, #3177, #2851, .T. ) ;
#1308 = FACE_OUTER_BOUND ( 'NONE', #2959, .T. ) ;
#1309 = ORIENTED_EDGE ( 'NONE', *, *, #3229, .F. ) ;
#1310 = LINE ( 'NONE', #1867, #2055 ) ;
#1311 = DIMENSIONAL_EXPONENTS ( 1.000000000000000000, 0.000000000000000000, 0.000000000000000000, 0.000000000000000000, 0.000000000000000000, 0.000000000000000000, 0.000000000000000000 ) ;
#1312 = VECTOR ( 'NONE', #1612, 39.37007874015748143 ) ;
#1313 = CARTESIAN_POINT ( 'NONE',  ( 0.007874015748031495954, 0.01476377952755905665, -0.02322834645669292000 ) ) ;
#1314 = VERTEX_POINT ( 'NONE', #3040 ) ;
#1315 = DIRECTION ( 'NONE',  ( 0.000000000000000000, -0.000000000000000000, -1.000000000000000000 ) ) ;
#1316 = FILL_AREA_STYLE ('',( #1875 ) ) ;
#1317 = VERTEX_POINT ( 'NONE', #2026 ) ;
#1318 = PRESENTATION_STYLE_ASSIGNMENT (( #4 ) ) ;
#1319 = LINE ( 'NONE', #2908, #3182 ) ;
#1320 = DIRECTION ( 'NONE',  ( 0.000000000000000000, 0.000000000000000000, 1.000000000000000000 ) ) ;
#1321 = FACE_OUTER_BOUND ( 'NONE', #2524, .T. ) ;
#1322 = EDGE_LOOP ( 'NONE', ( #1914, #133, #1953, #3173, #2805, #1439, #2715, #2305, #52, #794, #946, #2360 ) ) ;
#1323 = CARTESIAN_POINT ( 'NONE',  ( 0.03543307086614173873, -0.03149606299212598381, -0.02283464566929133827 ) ) ;
#1324 = VECTOR ( 'NONE', #2223, 39.37007874015748143 ) ;
#1325 = SURFACE_SIDE_STYLE ('',( #247 ) ) ;
#1326 = PRESENTATION_STYLE_ASSIGNMENT (( #1082 ) ) ;
#1327 = VERTEX_POINT ( 'NONE', #2817 ) ;
#1328 = LINE ( 'NONE', #775, #847 ) ;
#1329 = PRESENTATION_STYLE_ASSIGNMENT (( #531 ) ) ;
#1330 = DIMENSIONAL_EXPONENTS ( 1.000000000000000000, 0.000000000000000000, 0.000000000000000000, 0.000000000000000000, 0.000000000000000000, 0.000000000000000000, 0.000000000000000000 ) ;
#1331 = VECTOR ( 'NONE', #2023, 39.37007874015748143 ) ;
#1332 = VECTOR ( 'NONE', #2738, 39.37007874015748143 ) ;
#1333 = EDGE_CURVE ( 'NONE', #1593, #1118, #669, .T. ) ;
#1334 = LINE ( 'NONE', #545, #397 ) ;
#1335 = ORIENTED_EDGE ( 'NONE', *, *, #2021, .T. ) ;
#1336 = VECTOR ( 'NONE', #1348, 39.37007874015748143 ) ;
#1337 = PRESENTATION_LAYER_ASSIGNMENT (  '', '', ( #2831 ) ) ;
#1338 = DIMENSIONAL_EXPONENTS ( 1.000000000000000000, 0.000000000000000000, 0.000000000000000000, 0.000000000000000000, 0.000000000000000000, 0.000000000000000000, 0.000000000000000000 ) ;
#1339 = AXIS2_PLACEMENT_3D ( 'NONE', #2841, #1802, #462 ) ;
#1340 = CARTESIAN_POINT ( 'NONE',  ( 0.007874015748031495954, 0.03051181102362205202, -0.02204724409448818867 ) ) ;
#1341 = COLOUR_RGB ( '',0.6313725490196078205, 0.6588235294117646967, 0.6784313725490196401 ) ;
#1342 = FILL_AREA_STYLE ('',( #1602 ) ) ;
#1343 = CARTESIAN_POINT ( 'NONE',  ( -0.009842519685039369942, 0.03149606299212598381, -0.02283464566929133827 ) ) ;
#1344 = DIRECTION ( 'NONE',  ( -1.000000000000000000, 1.100938152602059773E-48, -1.173829096588156655E-80 ) ) ;
#1345 = ORIENTED_EDGE ( 'NONE', *, *, #666, .F. ) ;
#1346 = UNCERTAINTY_MEASURE_WITH_UNIT (LENGTH_MEASURE( 1.000000000000000082E-05 ), #2433, 'distance_accuracy_value', 'NONE');
#1347 = ORIENTED_EDGE ( 'NONE', *, *, #2477, .T. ) ;
#1348 = DIRECTION ( 'NONE',  ( -1.000000000000000000, -0.000000000000000000, -0.000000000000000000 ) ) ;
#1349 = DIRECTION ( 'NONE',  ( -1.314184451497579533E-16, 1.000000000000000000, 0.000000000000000000 ) ) ;
#1350 = EDGE_CURVE ( 'NONE', #3141, #2018, #1470, .T. ) ;
#1351 = CARTESIAN_POINT ( 'NONE',  ( -0.01574803149606299191, 0.000000000000000000, -0.02362204724409448786 ) ) ;
#1352 = ORIENTED_EDGE ( 'NONE', *, *, #1239, .F. ) ;
#1353 = SURFACE_SIDE_STYLE ('',( #817 ) ) ;
#1354 = DIRECTION ( 'NONE',  ( -0.000000000000000000, 1.000000000000000000, 0.000000000000000000 ) ) ;
#1355 =( GEOMETRIC_REPRESENTATION_CONTEXT ( 3 ) GLOBAL_UNCERTAINTY_ASSIGNED_CONTEXT ( ( #1955 ) ) GLOBAL_UNIT_ASSIGNED_CONTEXT ( ( #2052, #1503, #650 ) ) REPRESENTATION_CONTEXT ( 'NONE', 'WORKASPACE' ) );
#1356 = ADVANCED_FACE ( 'NONE', ( #1605 ), #245, .F. ) ;
#1357 = EDGE_LOOP ( 'NONE', ( #717, #2447, #2518, #1296 ) ) ;
#1358 = LINE ( 'NONE', #2272, #1276 ) ;
#1359 = LINE ( 'NONE', #2459, #1750 ) ;
#1360 = EDGE_CURVE ( 'NONE', #2379, #2822, #1865, .T. ) ;
#1361 = DIMENSIONAL_EXPONENTS ( 1.000000000000000000, 0.000000000000000000, 0.000000000000000000, 0.000000000000000000, 0.000000000000000000, 0.000000000000000000, 0.000000000000000000 ) ;
#1362 = PRESENTATION_LAYER_ASSIGNMENT (  '', '', ( #149 ) ) ;
#1363 = LINE ( 'NONE', #1096, #812 ) ;
#1364 = ORIENTED_EDGE ( 'NONE', *, *, #2536, .F. ) ;
#1365 = PLANE ( 'NONE',  #2606 ) ;
#1366 = CARTESIAN_POINT ( 'NONE',  ( -0.009842519685039369942, -0.01279527559055118266, -0.02362204724409448786 ) ) ;
#1367 = FACE_OUTER_BOUND ( 'NONE', #170, .T. ) ;
#1368 = EDGE_LOOP ( 'NONE', ( #3320, #1233, #3348, #2548, #858, #482 ) ) ;
#1369 = FACE_OUTER_BOUND ( 'NONE', #3193, .T. ) ;
#1370 = STYLED_ITEM ( 'NONE', ( #501 ), #3089 ) ;
#1371 =( NAMED_UNIT ( * ) SI_UNIT ( $, .STERADIAN. ) SOLID_ANGLE_UNIT ( ) );
#1372 = ORIENTED_EDGE ( 'NONE', *, *, #1904, .F. ) ;
#1373 = CARTESIAN_POINT ( 'NONE',  ( 0.02755905511811023584, -0.01279527559055118266, -0.02322834645669292000 ) ) ;
#1374 = CARTESIAN_POINT ( 'NONE',  ( 0.007874015748031495954, 0.03051181102362205202, -0.02322834645669292000 ) ) ;
#1375 = ORIENTED_EDGE ( 'NONE', *, *, #2696, .F. ) ;
#1376 = LINE ( 'NONE', #1902, #3355 ) ;
#1377 = CARTESIAN_POINT ( 'NONE',  ( 0.000000000000000000, 0.01279527559055118266, -0.02204724409448818867 ) ) ;
#1378 = EDGE_CURVE ( 'NONE', #1418, #2906, #1292, .T. ) ;
#1379 = SURFACE_STYLE_USAGE ( .BOTH. , #2748 ) ;
#1380 = ORIENTED_EDGE ( 'NONE', *, *, #859, .T. ) ;
#1381 = DIRECTION ( 'NONE',  ( 0.000000000000000000, -1.066208027956720005E-32, -1.000000000000000000 ) ) ;
#1382 = VECTOR ( 'NONE', #2745, 39.37007874015748143 ) ;
#1383 =( CONVERSION_BASED_UNIT ( 'INCH', #373 ) LENGTH_UNIT ( ) NAMED_UNIT ( #1897 ) );
#1384 = ORIENTED_EDGE ( 'NONE', *, *, #200, .T. ) ;
#1385 = LINE ( 'NONE', #2452, #3051 ) ;
#1386 = LINE ( 'NONE', #2904, #2807 ) ;
#1387 = DIRECTION ( 'NONE',  ( -0.000000000000000000, 1.000000000000000000, 0.000000000000000000 ) ) ;
#1388 = ORIENTED_EDGE ( 'NONE', *, *, #1228, .T. ) ;
#1389 = SURFACE_SIDE_STYLE ('',( #1072 ) ) ;
#1390 = EDGE_CURVE ( 'NONE', #1989, #1696, #1017, .T. ) ;
#1391 = EDGE_CURVE ( 'NONE', #507, #1327, #2914, .T. ) ;
#1392 = CARTESIAN_POINT ( 'NONE',  ( 0.03346456692913385433, 0.000000000000000000, -0.02283464566929133827 ) ) ;
#1393 = VECTOR ( 'NONE', #3069, 39.37007874015748143 ) ;
#1394 = AXIS2_PLACEMENT_3D ( 'NONE', #792, #1629, #17 ) ;
#1395 =( CONVERSION_BASED_UNIT ( 'INCH', #916 ) LENGTH_UNIT ( ) NAMED_UNIT ( #1604 ) );
#1396 = ORIENTED_EDGE ( 'NONE', *, *, #2491, .F. ) ;
#1397 = COLOUR_RGB ( '',0.6313725490196078205, 0.6588235294117646967, 0.6784313725490196401 ) ;
#1398 =( NAMED_UNIT ( * ) PLANE_ANGLE_UNIT ( ) SI_UNIT ( $, .RADIAN. ) );
#1399 = DIRECTION ( 'NONE',  ( 1.000000000000000000, 0.000000000000000000, 0.000000000000000000 ) ) ;
#1400 = VERTEX_POINT ( 'NONE', #282 ) ;
#1401 = DIRECTION ( 'NONE',  ( -0.000000000000000000, 1.000000000000000000, 0.000000000000000000 ) ) ;
#1402 = DIRECTION ( 'NONE',  ( 0.000000000000000000, -1.000000000000000000, 0.000000000000000000 ) ) ;
#1403 = CARTESIAN_POINT ( 'NONE',  ( -0.007874015748031495954, 0.03051181102362205202, -0.02322834645669292000 ) ) ;
#1404 = ORIENTED_EDGE ( 'NONE', *, *, #3331, .T. ) ;
#1405 = CARTESIAN_POINT ( 'NONE',  ( -0.007874015748031495954, 0.03051181102362205202, -0.02283464566929133827 ) ) ;
#1406 = DIRECTION ( 'NONE',  ( 1.000000000000000000, 0.000000000000000000, 0.000000000000000000 ) ) ;
#1407 = EDGE_CURVE ( 'NONE', #2339, #914, #506, .T. ) ;
#1408 = EDGE_CURVE ( 'NONE', #115, #2585, #2412, .T. ) ;
#1409 = DIRECTION ( 'NONE',  ( 0.000000000000000000, -1.000000000000000000, -0.000000000000000000 ) ) ;
#1410 = VERTEX_POINT ( 'NONE', #2075 ) ;
#1411 =( LENGTH_UNIT ( ) NAMED_UNIT ( * ) SI_UNIT ( $, .METRE. ) );
#1412 = DIRECTION ( 'NONE',  ( -1.175494350822290108E-32, -0.000000000000000000, 1.000000000000000000 ) ) ;
#1413 = SURFACE_SIDE_STYLE ('',( #1689 ) ) ;
#1414 = VERTEX_POINT ( 'NONE', #2093 ) ;
#1415 = LINE ( 'NONE', #2206, #2504 ) ;
#1416 = CARTESIAN_POINT ( 'NONE',  ( 0.007874015748031497688, 0.01476377952755905665, -0.02322834645669292000 ) ) ;
#1417 = DIRECTION ( 'NONE',  ( 0.000000000000000000, 0.000000000000000000, 1.000000000000000000 ) ) ;
#1418 = VERTEX_POINT ( 'NONE', #3187 ) ;
#1419 = LINE ( 'NONE', #2699, #3311 ) ;
#1420 = PRODUCT_DEFINITION ( 'UNKNOWN', '', #2062, #831 ) ;
#1421 = CARTESIAN_POINT ( 'NONE',  ( -0.03641732283464567399, -0.03248031496062991907, -0.02204724409448818867 ) ) ;
#1422 = SURFACE_STYLE_FILL_AREA ( #1961 ) ;
#1423 = ORIENTED_EDGE ( 'NONE', *, *, #3018, .F. ) ;
#1424 = DIRECTION ( 'NONE',  ( 0.000000000000000000, -1.000000000000000000, -0.000000000000000000 ) ) ;
#1425 = FILL_AREA_STYLE_COLOUR ( '', #535 ) ;
#1426 = VECTOR ( 'NONE', #31, 39.37007874015748143 ) ;
#1427 = CARTESIAN_POINT ( 'NONE',  ( 0.000000000000000000, -0.001830545397304263969, -0.02362204724409448786 ) ) ;
#1428 = VERTEX_POINT ( 'NONE', #1882 ) ;
#1429 = CARTESIAN_POINT ( 'NONE',  ( 0.03346456692913385433, 0.03051181102362205202, -0.02204724409448818867 ) ) ;
#1430 = LINE ( 'NONE', #1931, #255 ) ;
#1431 = VECTOR ( 'NONE', #3115, 39.37007874015748143 ) ;
#1432 = ORIENTED_EDGE ( 'NONE', *, *, #1360, .F. ) ;
#1433 = MECHANICAL_DESIGN_GEOMETRIC_PRESENTATION_REPRESENTATION (  '', ( #1596 ), #1706 ) ;
#1434 = VERTEX_POINT ( 'NONE', #3120 ) ;
#1435 = CARTESIAN_POINT ( 'NONE',  ( -0.009842519685039369942, 0.03149606299212598381, -0.02204724409448818867 ) ) ;
#1436 = ORIENTED_EDGE ( 'NONE', *, *, #1815, .F. ) ;
#1437 = CARTESIAN_POINT ( 'NONE',  ( 0.02362204724409448786, 0.000000000000000000, -0.02204724409448818867 ) ) ;
#1438 = PRESENTATION_STYLE_ASSIGNMENT (( #2977 ) ) ;
#1439 = ORIENTED_EDGE ( 'NONE', *, *, #249, .F. ) ;
#1440 = FACE_OUTER_BOUND ( 'NONE', #266, .T. ) ;
#1441 = DIRECTION ( 'NONE',  ( -0.000000000000000000, 0.000000000000000000, -1.000000000000000000 ) ) ;
#1442 = ADVANCED_FACE ( 'NONE', ( #1812 ), #2864, .F. ) ;
#1443 = CARTESIAN_POINT ( 'NONE',  ( -0.03346456692913385433, 0.01476377952755905665, -0.02322834645669292000 ) ) ;
#1444 = ORIENTED_EDGE ( 'NONE', *, *, #2521, .T. ) ;
#1445 = DIRECTION ( 'NONE',  ( -1.000000000000000000, 1.084202172485499873E-16, 0.000000000000000000 ) ) ;
#1446 = VECTOR ( 'NONE', #263, 39.37007874015748143 ) ;
#1447 = COLOUR_RGB ( '',0.6313725490196078205, 0.6588235294117646967, 0.6784313725490196401 ) ;
#1448 = CARTESIAN_POINT ( 'NONE',  ( -0.007874015748031495954, -0.01476377952755905665, -0.02283464566929133827 ) ) ;
#1449 = CARTESIAN_POINT ( 'NONE',  ( 0.000000000000000000, 0.000000000000000000, -0.02322834645669292000 ) ) ;
#1450 = MECHANICAL_DESIGN_GEOMETRIC_PRESENTATION_REPRESENTATION (  '', ( #3207 ), #1617 ) ;
#1451 = COLOUR_RGB ( '',0.6313725490196078205, 0.6588235294117646967, 0.6784313725490196401 ) ;
#1452 = CARTESIAN_POINT ( 'NONE',  ( -0.01574803149606299191, 0.01279527559055118266, -0.02362204724409448786 ) ) ;
#1453 = VECTOR ( 'NONE', #2517, 39.37007874015748143 ) ;
#1454 =( NAMED_UNIT ( * ) SI_UNIT ( $, .STERADIAN. ) SOLID_ANGLE_UNIT ( ) );
#1455 = CARTESIAN_POINT ( 'NONE',  ( -0.02755905511811023584, 0.01279527559055118266, -0.02362204724409448786 ) ) ;
#1456 = ORIENTED_EDGE ( 'NONE', *, *, #1800, .F. ) ;
#1457 = VECTOR ( 'NONE', #1387, 39.37007874015748143 ) ;
#1458 = DIRECTION ( 'NONE',  ( 1.000000000000000000, 0.000000000000000000, 0.000000000000000000 ) ) ;
#1459 = CARTESIAN_POINT ( 'NONE',  ( -0.03543307086614173873, 0.000000000000000000, -0.02204724409448818867 ) ) ;
#1460 = ORIENTED_EDGE ( 'NONE', *, *, #2616, .F. ) ;
#1461 = SURFACE_SIDE_STYLE ('',( #2256 ) ) ;
#1462 = DIRECTION ( 'NONE',  ( 1.000000000000000000, 0.000000000000000000, -0.000000000000000000 ) ) ;
#1463 = ORIENTED_EDGE ( 'NONE', *, *, #2846, .F. ) ;
#1464 =( LENGTH_UNIT ( ) NAMED_UNIT ( * ) SI_UNIT ( $, .METRE. ) );
#1465 = ADVANCED_FACE ( 'NONE', ( #2626, #1308 ), #2378, .F. ) ;
#1466 = CARTESIAN_POINT ( 'NONE',  ( 0.000000000000000000, 0.01279527559055118266, -0.02362204724409448786 ) ) ;
#1467 = EDGE_CURVE ( 'NONE', #1293, #2014, #1167, .T. ) ;
#1468 = DIRECTION ( 'NONE',  ( 0.000000000000000000, 0.000000000000000000, 1.000000000000000000 ) ) ;
#1469 = DIRECTION ( 'NONE',  ( 0.000000000000000000, -0.000000000000000000, -1.000000000000000000 ) ) ;
#1470 = LINE ( 'NONE', #1204, #3283 ) ;
#1471 = EDGE_LOOP ( 'NONE', ( #1247, #451, #1352, #3279 ) ) ;
#1472 = PLANE ( 'NONE',  #607 ) ;
#1473 = EDGE_CURVE ( 'NONE', #2311, #2994, #1918, .T. ) ;
#1474 = STYLED_ITEM ( 'NONE', ( #2811 ), #3064 ) ;
#1475 = PRESENTATION_LAYER_ASSIGNMENT (  '', '', ( #2963 ) ) ;
#1476 = EDGE_LOOP ( 'NONE', ( #2094, #1309, #1634, #1375 ) ) ;
#1477 = FILL_AREA_STYLE_COLOUR ( '', #1777 ) ;
#1478 = LINE ( 'NONE', #3263, #2578 ) ;
#1479 = MECHANICAL_DESIGN_GEOMETRIC_PRESENTATION_REPRESENTATION (  '', ( #3312 ), #981 ) ;
#1480 =( CONVERSION_BASED_UNIT ( 'INCH', #2035 ) LENGTH_UNIT ( ) NAMED_UNIT ( #2926 ) );
#1481 = ORIENTED_EDGE ( 'NONE', *, *, #319, .F. ) ;
#1482 = FACE_OUTER_BOUND ( 'NONE', #2416, .T. ) ;
#1483 = MECHANICAL_DESIGN_GEOMETRIC_PRESENTATION_REPRESENTATION (  '', ( #3394 ), #3238 ) ;
#1484 = EDGE_CURVE ( 'NONE', #570, #1186, #1363, .T. ) ;
#1485 = DIRECTION ( 'NONE',  ( 0.000000000000000000, -1.000000000000000000, 0.000000000000000000 ) ) ;
#1486 = AXIS2_PLACEMENT_3D ( 'NONE', #1635, #3198, #517 ) ;
#1487 = EDGE_CURVE ( 'NONE', #2251, #2933, #1152, .T. ) ;
#1488 = ORIENTED_EDGE ( 'NONE', *, *, #770, .T. ) ;
#1489 = CARTESIAN_POINT ( 'NONE',  ( 0.000000000000000000, -0.03248031496062991907, 0.000000000000000000 ) ) ;
#1490 = CARTESIAN_POINT ( 'NONE',  ( 0.000000000000000000, 0.000000000000000000, -0.02204724409448818867 ) ) ;
#1491 = ORIENTED_EDGE ( 'NONE', *, *, #2724, .F. ) ;
#1492 = FILL_AREA_STYLE ('',( #3339 ) ) ;
#1493 = CARTESIAN_POINT ( 'NONE',  ( 0.000000000000000000, -0.03149606299212598381, -0.02204724409448818867 ) ) ;
#1494 = EDGE_CURVE ( 'NONE', #347, #1048, #559, .T. ) ;
#1495 = PRESENTATION_STYLE_ASSIGNMENT (( #432 ) ) ;
#1496 = ADVANCED_FACE ( 'NONE', ( #3004 ), #332, .T. ) ;
#1497 = ORIENTED_EDGE ( 'NONE', *, *, #3078, .F. ) ;
#1498 = CARTESIAN_POINT ( 'NONE',  ( 0.03346456692913385433, -0.03051181102362205202, -0.02204724409448818867 ) ) ;
#1499 = DIRECTION ( 'NONE',  ( 0.000000000000000000, -1.000000000000000000, 0.000000000000000000 ) ) ;
#1500 = VECTOR ( 'NONE', #2066, 39.37007874015748143 ) ;
#1501 = COLOUR_RGB ( '',0.6313725490196078205, 0.6588235294117646967, 0.6784313725490196401 ) ;
#1502 = MECHANICAL_DESIGN_GEOMETRIC_PRESENTATION_REPRESENTATION (  '', ( #667 ), #842 ) ;
#1503 =( NAMED_UNIT ( * ) PLANE_ANGLE_UNIT ( ) SI_UNIT ( $, .RADIAN. ) );
#1504 = VECTOR ( 'NONE', #768, 39.37007874015748143 ) ;
#1505 = CARTESIAN_POINT ( 'NONE',  ( -0.01181102362204098331, 0.007027722319191771240, -0.02283464566929133827 ) ) ;
#1506 = ORIENTED_EDGE ( 'NONE', *, *, #2372, .F. ) ;
#1507 = AXIS2_PLACEMENT_3D ( 'NONE', #1490, #740, #2314 ) ;
#1508 = DIRECTION ( 'NONE',  ( 0.000000000000000000, -0.000000000000000000, 1.000000000000000000 ) ) ;
#1509 = APPLICATION_CONTEXT ( 'automotive_design' ) ;
#1510 = VECTOR ( 'NONE', #2687, 39.37007874015748143 ) ;
#1511 = CARTESIAN_POINT ( 'NONE',  ( -0.007874015748031495954, -1.067128122525102435E-18, -0.02322834645669292000 ) ) ;
#1512 = ORIENTED_EDGE ( 'NONE', *, *, #267, .F. ) ;
#1513 = DIRECTION ( 'NONE',  ( 0.000000000000000000, -0.000000000000000000, 1.000000000000000000 ) ) ;
#1514 = CARTESIAN_POINT ( 'NONE',  ( 0.01574803149606299191, -0.01279527559055118266, -0.02283464566929133827 ) ) ;
#1515 = EDGE_CURVE ( 'NONE', #2438, #1144, #2226, .T. ) ;
#1516 = EDGE_CURVE ( 'NONE', #1967, #1242, #592, .T. ) ;
#1517 = UNCERTAINTY_MEASURE_WITH_UNIT (LENGTH_MEASURE( 1.000000000000000082E-05 ), #2081, 'distance_accuracy_value', 'NONE');
#1518 = CARTESIAN_POINT ( 'NONE',  ( 0.000000000000000000, -0.03051181102362205202, -0.02204724409448818867 ) ) ;
#1519 = VERTEX_POINT ( 'NONE', #297 ) ;
#1520 = CARTESIAN_POINT ( 'NONE',  ( 0.03346456692913385433, -0.03051181102362205202, -0.02283464566929133827 ) ) ;
#1521 = CARTESIAN_POINT ( 'NONE',  ( 0.01574803149606299191, 0.01279527559055118266, -0.02362204724409448786 ) ) ;
#1522 = CARTESIAN_POINT ( 'NONE',  ( 0.000000000000000000, -0.01476377952755905665, -0.02204724409448818867 ) ) ;
#1523 = SURFACE_SIDE_STYLE ('',( #402 ) ) ;
#1524 = FACE_OUTER_BOUND ( 'NONE', #1852, .T. ) ;
#1525 = ORIENTED_EDGE ( 'NONE', *, *, #2764, .T. ) ;
#1526 = CARTESIAN_POINT ( 'NONE',  ( 0.007874015748031495954, -0.03051181102362205202, -0.02204724409448818867 ) ) ;
#1527 = PRESENTATION_STYLE_ASSIGNMENT (( #2349 ) ) ;
#1528 = ORIENTED_EDGE ( 'NONE', *, *, #2765, .T. ) ;
#1529 = LINE ( 'NONE', #2582, #99 ) ;
#1530 = MANIFOLD_SOLID_BREP ( 'NONE', #1304 ) ;
#1531 = STYLED_ITEM ( 'NONE', ( #931 ), #3318 ) ;
#1532 = SURFACE_SIDE_STYLE ('',( #2808 ) ) ;
#1533 = VERTEX_POINT ( 'NONE', #1448 ) ;
#1534 = ORIENTED_EDGE ( 'NONE', *, *, #1494, .T. ) ;
#1535 = APPLICATION_PROTOCOL_DEFINITION ( 'draft international standard', 'automotive_design', 1998, #2682 ) ;
#1536 = SURFACE_SIDE_STYLE ('',( #487 ) ) ;
#1537 = MECHANICAL_DESIGN_GEOMETRIC_PRESENTATION_REPRESENTATION (  '', ( #2432 ), #2321 ) ;
#1538 =( LENGTH_UNIT ( ) NAMED_UNIT ( * ) SI_UNIT ( $, .METRE. ) );
#1539 = EDGE_CURVE ( 'NONE', #1327, #3141, #2968, .T. ) ;
#1540 = ORIENTED_EDGE ( 'NONE', *, *, #110, .F. ) ;
#1541 = EDGE_CURVE ( 'NONE', #2698, #2311, #2039, .T. ) ;
#1542 = DIRECTION ( 'NONE',  ( -1.000000000000000000, -1.084202172485499873E-16, 0.000000000000000000 ) ) ;
#1543 = CARTESIAN_POINT ( 'NONE',  ( -0.03641732283464567399, -0.03248031496062991907, -0.02204724409448818867 ) ) ;
#1544 = ORIENTED_EDGE ( 'NONE', *, *, #3166, .T. ) ;
#1545 = LENGTH_MEASURE_WITH_UNIT ( LENGTH_MEASURE( 0.02539999999999999897 ), #3128 );
#1546 = CARTESIAN_POINT ( 'NONE',  ( 0.03543307086614173873, 0.000000000000000000, -0.01200787401574803133 ) ) ;
#1547 = EDGE_CURVE ( 'NONE', #1694, #3254, #2572, .T. ) ;
#1548 = FACE_OUTER_BOUND ( 'NONE', #2809, .T. ) ;
#1549 = ORIENTED_EDGE ( 'NONE', *, *, #1238, .F. ) ;
#1550 = EDGE_CURVE ( 'NONE', #1806, #194, #3284, .T. ) ;
#1551 = ORIENTED_EDGE ( 'NONE', *, *, #761, .T. ) ;
#1552 = UNCERTAINTY_MEASURE_WITH_UNIT (LENGTH_MEASURE( 1.000000000000000082E-05 ), #2667, 'distance_accuracy_value', 'NONE');
#1553 = COLOUR_RGB ( '',0.6313725490196078205, 0.6588235294117646967, 0.6784313725490196401 ) ;
#1554 = DIRECTION ( 'NONE',  ( 1.000000000000000000, 0.000000000000000000, 0.000000000000000000 ) ) ;
#1555 = EDGE_CURVE ( 'NONE', #2552, #2584, #700, .T. ) ;
#1556 = FILL_AREA_STYLE_COLOUR ( '', #2966 ) ;
#1557 = ORIENTED_EDGE ( 'NONE', *, *, #1350, .F. ) ;
#1558 = AXIS2_PLACEMENT_3D ( 'NONE', #1522, #2307, #2293 ) ;
#1559 = VECTOR ( 'NONE', #894, 39.37007874015748143 ) ;
#1560 = VECTOR ( 'NONE', #3140, 39.37007874015748143 ) ;
#1561 = LINE ( 'NONE', #1047, #3259 ) ;
#1562 = ORIENTED_EDGE ( 'NONE', *, *, #2192, .T. ) ;
#1563 = CARTESIAN_POINT ( 'NONE',  ( 0.01771653543307086937, -0.01476377952755905665, -0.02204724409448818867 ) ) ;
#1564 = CARTESIAN_POINT ( 'NONE',  ( -0.02362204724409448786, 0.01476377952755905665, -0.02204724409448818867 ) ) ;
#1565 = SURFACE_STYLE_USAGE ( .BOTH. , #496 ) ;
#1566 = ORIENTED_EDGE ( 'NONE', *, *, #526, .T. ) ;
#1567 = ORIENTED_EDGE ( 'NONE', *, *, #3157, .F. ) ;
#1568 = DIRECTION ( 'NONE',  ( 0.000000000000000000, -0.000000000000000000, 1.000000000000000000 ) ) ;
#1569 = CARTESIAN_POINT ( 'NONE',  ( 0.000000000000000000, -0.03149606299212598381, -0.02283464566929133827 ) ) ;
#1570 = DIRECTION ( 'NONE',  ( 1.000000000000000000, 0.000000000000000000, -0.000000000000000000 ) ) ;
#1571 = VERTEX_POINT ( 'NONE', #683 ) ;
#1572 = FACE_OUTER_BOUND ( 'NONE', #290, .T. ) ;
#1573 = CARTESIAN_POINT ( 'NONE',  ( -0.009842519685039369942, -0.03149606299212598381, -0.02362204724409448786 ) ) ;
#1574 = ORIENTED_EDGE ( 'NONE', *, *, #666, .T. ) ;
#1575 = CARTESIAN_POINT ( 'NONE',  ( -0.03641732283464567399, 0.03248031496062991907, -0.01574803149606299191 ) ) ;
#1576 = DIRECTION ( 'NONE',  ( 0.000000000000000000, -1.000000000000000000, -0.000000000000000000 ) ) ;
#1577 = LENGTH_MEASURE_WITH_UNIT ( LENGTH_MEASURE( 0.02539999999999999897 ), #2367 );
#1578 = ORIENTED_EDGE ( 'NONE', *, *, #2078, .F. ) ;
#1579 = DIRECTION ( 'NONE',  ( 0.000000000000000000, -0.000000000000000000, 1.000000000000000000 ) ) ;
#1580 = DIMENSIONAL_EXPONENTS ( 1.000000000000000000, 0.000000000000000000, 0.000000000000000000, 0.000000000000000000, 0.000000000000000000, 0.000000000000000000, 0.000000000000000000 ) ;
#1581 = LENGTH_MEASURE_WITH_UNIT ( LENGTH_MEASURE( 0.02539999999999999897 ), #2621 );
#1582 = CARTESIAN_POINT ( 'NONE',  ( 0.000000000000000000, 0.000000000000000000, 0.000000000000000000 ) ) ;
#1583 = ORIENTED_EDGE ( 'NONE', *, *, #3191, .F. ) ;
#1584 = CARTESIAN_POINT ( 'NONE',  ( 0.000000000000000000, -0.03051181102362205202, -0.02322834645669292000 ) ) ;
#1585 =( LENGTH_UNIT ( ) NAMED_UNIT ( * ) SI_UNIT ( $, .METRE. ) );
#1586 = EDGE_CURVE ( 'NONE', #3323, #3308, #1761, .T. ) ;
#1587 = MECHANICAL_DESIGN_GEOMETRIC_PRESENTATION_REPRESENTATION (  '', ( #307 ), #1978 ) ;
#1588 = SURFACE_STYLE_USAGE ( .BOTH. , #523 ) ;
#1589 = ORIENTED_EDGE ( 'NONE', *, *, #505, .F. ) ;
#1590 = DIRECTION ( 'NONE',  ( 0.000000000000000000, 1.000000000000000000, -0.000000000000000000 ) ) ;
#1591 = EDGE_CURVE ( 'NONE', #82, #754, #1707, .T. ) ;
#1592 = PLANE ( 'NONE',  #3050 ) ;
#1593 = VERTEX_POINT ( 'NONE', #3036 ) ;
#1594 = PRESENTATION_LAYER_ASSIGNMENT (  '', '', ( #1184 ) ) ;
#1595 = CARTESIAN_POINT ( 'NONE',  ( 0.009842519685039369942, 0.01279527559055118266, -0.02283464566929133827 ) ) ;
#1596 = STYLED_ITEM ( 'NONE', ( #1438 ), #398 ) ;
#1597 = ORIENTED_EDGE ( 'NONE', *, *, #976, .F. ) ;
#1598 = CARTESIAN_POINT ( 'NONE',  ( 0.03346456692913385433, 0.03051181102362205202, -0.02322834645669292000 ) ) ;
#1599 =( CONVERSION_BASED_UNIT ( 'INCH', #1581 ) LENGTH_UNIT ( ) NAMED_UNIT ( #3180 ) );
#1600 = CARTESIAN_POINT ( 'NONE',  ( 0.03346456692913385433, 0.000000000000000000, -0.02204724409448818867 ) ) ;
#1601 = VERTEX_POINT ( 'NONE', #132 ) ;
#1602 = FILL_AREA_STYLE_COLOUR ( '', #1672 ) ;
#1603 = CARTESIAN_POINT ( 'NONE',  ( -0.03641732283464567399, 0.01279527559055118266, -0.02322834645669292000 ) ) ;
#1604 = DIMENSIONAL_EXPONENTS ( 1.000000000000000000, 0.000000000000000000, 0.000000000000000000, 0.000000000000000000, 0.000000000000000000, 0.000000000000000000, 0.000000000000000000 ) ;
#1605 = FACE_OUTER_BOUND ( 'NONE', #1675, .T. ) ;
#1606 = EDGE_LOOP ( 'NONE', ( #2948, #869, #2153, #251 ) ) ;
#1607 = EDGE_CURVE ( 'NONE', #1293, #730, #2531, .T. ) ;
#1608 = FILL_AREA_STYLE_COLOUR ( '', #1501 ) ;
#1609 = CARTESIAN_POINT ( 'NONE',  ( 0.03346456692913385433, 0.03051181102362205202, -0.02204724409448818867 ) ) ;
#1610 = ORIENTED_EDGE ( 'NONE', *, *, #525, .F. ) ;
#1611 = PLANE ( 'NONE',  #229 ) ;
#1612 = DIRECTION ( 'NONE',  ( -0.000000000000000000, 0.000000000000000000, 1.000000000000000000 ) ) ;
#1613 = VECTOR ( 'NONE', #1185, 39.37007874015748143 ) ;
#1614 = MECHANICAL_DESIGN_GEOMETRIC_PRESENTATION_REPRESENTATION (  '', ( #2828 ), #956 ) ;
#1615 = CARTESIAN_POINT ( 'NONE',  ( -0.01574803149606299191, -0.01279527559055118266, -0.02204724409448818867 ) ) ;
#1616 = ORIENTED_EDGE ( 'NONE', *, *, #2835, .T. ) ;
#1617 =( GEOMETRIC_REPRESENTATION_CONTEXT ( 3 ) GLOBAL_UNCERTAINTY_ASSIGNED_CONTEXT ( ( #708 ) ) GLOBAL_UNIT_ASSIGNED_CONTEXT ( ( #1297, #3194, #2613 ) ) REPRESENTATION_CONTEXT ( 'NONE', 'WORKASPACE' ) );
#1618 = ADVANCED_FACE ( 'NONE', ( #2760 ), #662, .T. ) ;
#1619 = CARTESIAN_POINT ( 'NONE',  ( -0.01574803149606299191, -0.01279527559055118266, -0.02283464566929133827 ) ) ;
#1620 = EDGE_CURVE ( 'NONE', #1886, #1400, #1725, .T. ) ;
#1621 = VECTOR ( 'NONE', #2195, 39.37007874015748143 ) ;
#1622 = CARTESIAN_POINT ( 'NONE',  ( -0.03641732283464566705, -0.03248031496062991907, 0.000000000000000000 ) ) ;
#1623 = VERTEX_POINT ( 'NONE', #2279 ) ;
#1624 = AXIS2_PLACEMENT_3D ( 'NONE', #1246, #1996, #674 ) ;
#1625 =( NAMED_UNIT ( * ) SI_UNIT ( $, .STERADIAN. ) SOLID_ANGLE_UNIT ( ) );
#1626 = FILL_AREA_STYLE_COLOUR ( '', #928 ) ;
#1627 = DIMENSIONAL_EXPONENTS ( 1.000000000000000000, 0.000000000000000000, 0.000000000000000000, 0.000000000000000000, 0.000000000000000000, 0.000000000000000000, 0.000000000000000000 ) ;
#1628 = EDGE_LOOP ( 'NONE', ( #3010, #467, #1574, #2855 ) ) ;
#1629 = DIRECTION ( 'NONE',  ( 0.000000000000000000, 0.000000000000000000, 1.000000000000000000 ) ) ;
#1630 = DIRECTION ( 'NONE',  ( 1.000000000000000000, 0.000000000000000000, -0.000000000000000000 ) ) ;
#1631 = ORIENTED_EDGE ( 'NONE', *, *, #244, .T. ) ;
#1632 =( LENGTH_UNIT ( ) NAMED_UNIT ( * ) SI_UNIT ( $, .METRE. ) );
#1633 = CARTESIAN_POINT ( 'NONE',  ( 0.009842519685039369942, 0.03248031496062991907, -0.02204724409448818867 ) ) ;
#1634 = ORIENTED_EDGE ( 'NONE', *, *, #1915, .T. ) ;
#1635 = CARTESIAN_POINT ( 'NONE',  ( 0.000000000000000000, -0.03051181102362205202, -0.02204724409448818867 ) ) ;
#1636 = LINE ( 'NONE', #3214, #1079 ) ;
#1637 = ORIENTED_EDGE ( 'NONE', *, *, #110, .T. ) ;
#1638 = LENGTH_MEASURE_WITH_UNIT ( LENGTH_MEASURE( 0.02539999999999999897 ), #3184 );
#1639 =( NAMED_UNIT ( * ) SI_UNIT ( $, .STERADIAN. ) SOLID_ANGLE_UNIT ( ) );
#1640 = AXIS2_PLACEMENT_3D ( 'NONE', #1164, #2225, #1131 ) ;
#1641 = COLOUR_RGB ( '',0.6313725490196078205, 0.6588235294117646967, 0.6784313725490196401 ) ;
#1642 = CARTESIAN_POINT ( 'NONE',  ( -0.009842519685039369942, 0.01279527559055118266, -0.02362204724409448786 ) ) ;
#1643 = EDGE_LOOP ( 'NONE', ( #536, #1849, #2774, #240 ) ) ;
#1644 = DIRECTION ( 'NONE',  ( 1.000000000000000000, 0.000000000000000000, 0.000000000000000000 ) ) ;
#1645 = ADVANCED_FACE ( 'NONE', ( #3300 ), #2545, .T. ) ;
#1646 = ADVANCED_FACE ( 'NONE', ( #1776 ), #1213, .F. ) ;
#1647 = PLANE ( 'NONE',  #1972 ) ;
#1648 = CARTESIAN_POINT ( 'NONE',  ( 0.007874015748031497688, 0.01476377952755905665, -0.02283464566929133827 ) ) ;
#1649 = ORIENTED_EDGE ( 'NONE', *, *, #568, .F. ) ;
#1650 = DIRECTION ( 'NONE',  ( 1.000000000000000000, 0.000000000000000000, 0.000000000000000000 ) ) ;
#1651 = DIRECTION ( 'NONE',  ( 1.000000000000000000, 0.000000000000000000, 0.000000000000000000 ) ) ;
#1652 = ORIENTED_EDGE ( 'NONE', *, *, #244, .F. ) ;
#1653 = CARTESIAN_POINT ( 'NONE',  ( -0.03543307086614173873, 0.03149606299212598381, -0.01200787401574803133 ) ) ;
#1654 = CARTESIAN_POINT ( 'NONE',  ( -0.01574803149606299191, 0.03248031496062991907, -0.02204724409448818867 ) ) ;
#1655 =( LENGTH_UNIT ( ) NAMED_UNIT ( * ) SI_UNIT ( $, .METRE. ) );
#1656 = EDGE_LOOP ( 'NONE', ( #1544, #1578, #2632, #3342 ) ) ;
#1657 = FILL_AREA_STYLE ('',( #1626 ) ) ;
#1658 = CARTESIAN_POINT ( 'NONE',  ( -0.009842519685039369942, -0.01279527559055118266, -0.02362204724409448786 ) ) ;
#1659 = ORIENTED_EDGE ( 'NONE', *, *, #2772, .F. ) ;
#1660 = LINE ( 'NONE', #2989, #2775 ) ;
#1661 = EDGE_CURVE ( 'NONE', #1149, #3080, #2783, .T. ) ;
#1662 = FACE_OUTER_BOUND ( 'NONE', #1075, .T. ) ;
#1663 = MECHANICAL_DESIGN_GEOMETRIC_PRESENTATION_REPRESENTATION (  '', ( #1995 ), #2230 ) ;
#1664 = DIRECTION ( 'NONE',  ( 1.000000000000000000, 0.000000000000000000, 0.000000000000000000 ) ) ;
#1665 = ORIENTED_EDGE ( 'NONE', *, *, #2468, .F. ) ;
#1666 = CARTESIAN_POINT ( 'NONE',  ( -0.03346456692913385433, 0.000000000000000000, -0.02322834645669292000 ) ) ;
#1667 = LENGTH_MEASURE_WITH_UNIT ( LENGTH_MEASURE( 0.02539999999999999897 ), #913 );
#1668 = ORIENTED_EDGE ( 'NONE', *, *, #3292, .T. ) ;
#1669 = FACE_OUTER_BOUND ( 'NONE', #3197, .T. ) ;
#1670 = VECTOR ( 'NONE', #872, 39.37007874015748143 ) ;
#1671 = DIRECTION ( 'NONE',  ( -1.355252715606880049E-16, 1.000000000000000000, 0.000000000000000000 ) ) ;
#1672 = COLOUR_RGB ( '',0.6313725490196078205, 0.6588235294117646967, 0.6784313725490196401 ) ;
#1673 = MECHANICAL_DESIGN_GEOMETRIC_PRESENTATION_REPRESENTATION (  '', ( #2997 ), #554 ) ;
#1674 = LINE ( 'NONE', #3230, #2335 ) ;
#1675 = EDGE_LOOP ( 'NONE', ( #2793, #511, #2337, #2987 ) ) ;
#1676 = VECTOR ( 'NONE', #2684, 39.37007874015748143 ) ;
#1677 = PLANE ( 'NONE',  #1640 ) ;
#1678 = VECTOR ( 'NONE', #2635, 39.37007874015748143 ) ;
#1679 = ORIENTED_EDGE ( 'NONE', *, *, #505, .T. ) ;
#1680 = PLANE ( 'NONE',  #2291 ) ;
#1681 = COLOUR_RGB ( '',0.6313725490196078205, 0.6588235294117646967, 0.6784313725490196401 ) ;
#1682 = DIRECTION ( 'NONE',  ( 1.836709923159820126E-32, 0.000000000000000000, -1.000000000000000000 ) ) ;
#1683 = ORIENTED_EDGE ( 'NONE', *, *, #1586, .T. ) ;
#1684 = CARTESIAN_POINT ( 'NONE',  ( 0.000000000000000000, -0.01279527559055118266, -0.02204724409448818867 ) ) ;
#1685 = LINE ( 'NONE', #2958, #1838 ) ;
#1686 = EDGE_LOOP ( 'NONE', ( #2702, #848, #1610, #1488 ) ) ;
#1687 = CARTESIAN_POINT ( 'NONE',  ( -0.01968503937007425389, 0.007027722319191771240, -0.02283464566929133827 ) ) ;
#1688 = LINE ( 'NONE', #109, #2860 ) ;
#1689 = SURFACE_STYLE_FILL_AREA ( #399 ) ;
#1690 = ORIENTED_EDGE ( 'NONE', *, *, #2362, .T. ) ;
#1691 = SURFACE_SIDE_STYLE ('',( #1095 ) ) ;
#1692 = COLOUR_RGB ( '',0.6313725490196078205, 0.6588235294117646967, 0.6784313725490196401 ) ;
#1693 = DIRECTION ( 'NONE',  ( 1.000000000000000000, 1.084202172485499873E-16, -0.000000000000000000 ) ) ;
#1694 = VERTEX_POINT ( 'NONE', #2833 ) ;
#1695 =( NAMED_UNIT ( * ) PLANE_ANGLE_UNIT ( ) SI_UNIT ( $, .RADIAN. ) );
#1696 = VERTEX_POINT ( 'NONE', #166 ) ;
#1697 = DIRECTION ( 'NONE',  ( 1.000000000000000000, 0.000000000000000000, -0.000000000000000000 ) ) ;
#1698 = ADVANCED_FACE ( 'NONE', ( #1236 ), #953, .F. ) ;
#1699 = DIRECTION ( 'NONE',  ( 1.084202172485499873E-16, 1.000000000000000000, -0.000000000000000000 ) ) ;
#1700 = VERTEX_POINT ( 'NONE', #968 ) ;
#1701 = SURFACE_STYLE_FILL_AREA ( #2526 ) ;
#1702 = MECHANICAL_DESIGN_GEOMETRIC_PRESENTATION_REPRESENTATION (  '', ( #1531 ), #814 ) ;
#1703 = CARTESIAN_POINT ( 'NONE',  ( -0.01181102362204098331, 0.002106462476690000325, -0.02362204724409448786 ) ) ;
#1704 = EDGE_LOOP ( 'NONE', ( #656, #1012, #1986, #2535 ) ) ;
#1705 = CARTESIAN_POINT ( 'NONE',  ( -0.02755905511811023584, 0.01279527559055118266, -0.02283464566929133827 ) ) ;
#1706 =( GEOMETRIC_REPRESENTATION_CONTEXT ( 3 ) GLOBAL_UNCERTAINTY_ASSIGNED_CONTEXT ( ( #113 ) ) GLOBAL_UNIT_ASSIGNED_CONTEXT ( ( #3075, #988, #719 ) ) REPRESENTATION_CONTEXT ( 'NONE', 'WORKASPACE' ) );
#1707 = LINE ( 'NONE', #2560, #3250 ) ;
#1708 = VERTEX_POINT ( 'NONE', #3332 ) ;
#1709 = CARTESIAN_POINT ( 'NONE',  ( -0.01771653543307086937, 0.000000000000000000, -0.02322834645669292000 ) ) ;
#1710 = DIRECTION ( 'NONE',  ( 0.000000000000000000, -1.000000000000000000, 0.000000000000000000 ) ) ;
#1711 = EDGE_CURVE ( 'NONE', #1168, #2224, #1015, .T. ) ;
#1712 = CARTESIAN_POINT ( 'NONE',  ( -0.03543307086614173873, 0.03149606299212598381, -0.02283464566929133827 ) ) ;
#1713 = ORIENTED_EDGE ( 'NONE', *, *, #1228, .F. ) ;
#1714 = LINE ( 'NONE', #1158, #2399 ) ;
#1715 =( NAMED_UNIT ( * ) PLANE_ANGLE_UNIT ( ) SI_UNIT ( $, .RADIAN. ) );
#1716 = ORIENTED_EDGE ( 'NONE', *, *, #1718, .F. ) ;
#1717 = CARTESIAN_POINT ( 'NONE',  ( 0.000000000000000000, 0.000000000000000000, -0.02204724409448818867 ) ) ;
#1718 = EDGE_CURVE ( 'NONE', #1967, #433, #3134, .T. ) ;
#1719 = ADVANCED_FACE ( 'NONE', ( #2108 ), #2053, .F. ) ;
#1720 = CARTESIAN_POINT ( 'NONE',  ( 0.000000000000000000, 0.03051181102362205202, -0.02283464566929133827 ) ) ;
#1721 = VERTEX_POINT ( 'NONE', #3106 ) ;
#1722 = CARTESIAN_POINT ( 'NONE',  ( 0.01574803149606299191, 0.03248031496062991907, -0.01574803149606299191 ) ) ;
#1723 = VECTOR ( 'NONE', #1305, 39.37007874015748143 ) ;
#1724 = AXIS2_PLACEMENT_3D ( 'NONE', #1139, #3224, #1926 ) ;
#1725 = LINE ( 'NONE', #435, #2290 ) ;
#1726 = VECTOR ( 'NONE', #530, 39.37007874015748143 ) ;
#1727 = LINE ( 'NONE', #3301, #1055 ) ;
#1728 = CARTESIAN_POINT ( 'NONE',  ( 0.007874015748031495954, 0.03051181102362205202, -0.02204724409448818867 ) ) ;
#1729 = CARTESIAN_POINT ( 'NONE',  ( 0.000000000000000000, -0.01476377952755905665, -0.02322834645669292000 ) ) ;
#1730 = EDGE_LOOP ( 'NONE', ( #1562, #450, #1123, #3328, #190, #900 ) ) ;
#1731 = STYLED_ITEM ( 'NONE', ( #1527 ), #934 ) ;
#1732 = DIRECTION ( 'NONE',  ( -1.000000000000000000, -0.000000000000000000, -0.000000000000000000 ) ) ;
#1733 =( LENGTH_UNIT ( ) NAMED_UNIT ( * ) SI_UNIT ( $, .METRE. ) );
#1734 = ORIENTED_EDGE ( 'NONE', *, *, #2110, .T. ) ;
#1735 = DIRECTION ( 'NONE',  ( 1.000000000000000000, -2.489206111144459721E-48, 1.836709923159820126E-32 ) ) ;
#1736 =( CONVERSION_BASED_UNIT ( 'INCH', #2000 ) LENGTH_UNIT ( ) NAMED_UNIT ( #3165 ) );
#1737 = DIRECTION ( 'NONE',  ( 1.000000000000000000, 0.000000000000000000, 0.000000000000000000 ) ) ;
#1738 = EDGE_CURVE ( 'NONE', #640, #2285, #2850, .T. ) ;
#1739 = CARTESIAN_POINT ( 'NONE',  ( -0.009842519685039369942, 0.03248031496062991907, -0.02204724409448818867 ) ) ;
#1740 = ORIENTED_EDGE ( 'NONE', *, *, #1555, .F. ) ;
#1741 = DIRECTION ( 'NONE',  ( 0.000000000000000000, -0.000000000000000000, 1.000000000000000000 ) ) ;
#1742 = EDGE_CURVE ( 'NONE', #520, #747, #2656, .T. ) ;
#1743 = AXIS2_PLACEMENT_3D ( 'NONE', #1546, #964, #2614 ) ;
#1744 = CARTESIAN_POINT ( 'NONE',  ( 0.01574803149606299191, 0.01279527559055118266, -0.02362204724409448786 ) ) ;
#1745 = LINE ( 'NONE', #1990, #2419 ) ;
#1746 = DIRECTION ( 'NONE',  ( 0.000000000000000000, -1.000000000000000000, 0.000000000000000000 ) ) ;
#1747 = ORIENTED_EDGE ( 'NONE', *, *, #2323, .F. ) ;
#1748 = CARTESIAN_POINT ( 'NONE',  ( 0.03641732283464567399, 0.03248031496062991907, -0.01574803149606299191 ) ) ;
#1749 = ADVANCED_FACE ( 'NONE', ( #1291 ), #2603, .T. ) ;
#1750 = VECTOR ( 'NONE', #2207, 39.37007874015748143 ) ;
#1751 = CARTESIAN_POINT ( 'NONE',  ( 0.01771653543307086937, 0.000000000000000000, -0.02283464566929133827 ) ) ;
#1752 = EDGE_LOOP ( 'NONE', ( #1925, #1969, #528, #3146 ) ) ;
#1753 = LINE ( 'NONE', #2596, #1165 ) ;
#1754 = MECHANICAL_DESIGN_GEOMETRIC_PRESENTATION_REPRESENTATION (  '', ( #1184 ), #2210 ) ;
#1755 = AXIS2_PLACEMENT_3D ( 'NONE', #1642, #1693, #1937 ) ;
#1756 = UNCERTAINTY_MEASURE_WITH_UNIT (LENGTH_MEASURE( 1.000000000000000082E-05 ), #2573, 'distance_accuracy_value', 'NONE');
#1757 = FACE_OUTER_BOUND ( 'NONE', #670, .T. ) ;
#1758 = ORIENTED_EDGE ( 'NONE', *, *, #819, .T. ) ;
#1759 = SURFACE_STYLE_USAGE ( .BOTH. , #2322 ) ;
#1760 = PRESENTATION_STYLE_ASSIGNMENT (( #2354 ) ) ;
#1761 = LINE ( 'NONE', #1744, #6 ) ;
#1762 = PRESENTATION_STYLE_ASSIGNMENT (( #1257 ) ) ;
#1763 = LENGTH_MEASURE_WITH_UNIT ( LENGTH_MEASURE( 0.02539999999999999897 ), #3088 );
#1764 = ADVANCED_FACE ( 'NONE', ( #2410 ), #1272, .T. ) ;
#1765 = VERTEX_POINT ( 'NONE', #2356 ) ;
#1766 = EDGE_CURVE ( 'NONE', #313, #2379, #3167, .T. ) ;
#1767 = LINE ( 'NONE', #1489, #173 ) ;
#1768 = PLANE ( 'NONE',  #1507 ) ;
#1769 = ORIENTED_EDGE ( 'NONE', *, *, #30, .F. ) ;
#1770 = DIRECTION ( 'NONE',  ( 0.000000000000000000, -1.000000000000000000, -0.000000000000000000 ) ) ;
#1771 = DIRECTION ( 'NONE',  ( -1.000000000000000000, 1.100938152602059773E-48, -1.173829096588156655E-80 ) ) ;
#1772 = CARTESIAN_POINT ( 'NONE',  ( 0.02362204724409448786, -0.01279527559055118266, -0.02322834645669292000 ) ) ;
#1773 = ORIENTED_EDGE ( 'NONE', *, *, #583, .T. ) ;
#1774 = PRESENTATION_LAYER_ASSIGNMENT (  '', '', ( #2284 ) ) ;
#1775 = DIRECTION ( 'NONE',  ( 0.000000000000000000, -1.000000000000000000, -0.000000000000000000 ) ) ;
#1776 = FACE_OUTER_BOUND ( 'NONE', #3374, .T. ) ;
#1777 = COLOUR_RGB ( '',0.6313725490196078205, 0.6588235294117646967, 0.6784313725490196401 ) ;
#1778 = STYLED_ITEM ( 'NONE', ( #2330 ), #2458 ) ;
#1779 = AXIS2_PLACEMENT_3D ( 'NONE', #759, #1819, #2541 ) ;
#1780 = CARTESIAN_POINT ( 'NONE',  ( -0.03641732283464567399, -0.03248031496062991907, -0.02204724409448818867 ) ) ;
#1781 = VECTOR ( 'NONE', #2642, 39.37007874015748143 ) ;
#1782 =( NAMED_UNIT ( * ) PLANE_ANGLE_UNIT ( ) SI_UNIT ( $, .RADIAN. ) );
#1783 = ORIENTED_EDGE ( 'NONE', *, *, #2415, .F. ) ;
#1784 =( GEOMETRIC_REPRESENTATION_CONTEXT ( 3 ) GLOBAL_UNCERTAINTY_ASSIGNED_CONTEXT ( ( #1552 ) ) GLOBAL_UNIT_ASSIGNED_CONTEXT ( ( #2667, #1034, #3192 ) ) REPRESENTATION_CONTEXT ( 'NONE', 'WORKASPACE' ) );
#1785 = PLANE ( 'NONE',  #335 ) ;
#1786 = AXIS2_PLACEMENT_3D ( 'NONE', #1582, #822, #2355 ) ;
#1787 = VECTOR ( 'NONE', #289, 39.37007874015748143 ) ;
#1788 = ORIENTED_EDGE ( 'NONE', *, *, #2083, .T. ) ;
#1789 = FILL_AREA_STYLE ('',( #1250 ) ) ;
#1790 = ORIENTED_EDGE ( 'NONE', *, *, #1027, .F. ) ;
#1791 = CARTESIAN_POINT ( 'NONE',  ( -0.03641732283464567399, 0.01279527559055118266, -0.02283464566929133827 ) ) ;
#1792 = UNCERTAINTY_MEASURE_WITH_UNIT (LENGTH_MEASURE( 1.000000000000000082E-05 ), #2455, 'distance_accuracy_value', 'NONE');
#1793 = EDGE_CURVE ( 'NONE', #343, #1821, #2340, .T. ) ;
#1794 = ADVANCED_FACE ( 'NONE', ( #804 ), #1863, .F. ) ;
#1795 = DIRECTION ( 'NONE',  ( -1.000000000000000000, 1.100938152602059773E-48, -1.173829096588156655E-80 ) ) ;
#1796 =( CONVERSION_BASED_UNIT ( 'INCH', #734 ) LENGTH_UNIT ( ) NAMED_UNIT ( #265 ) );
#1797 = FILL_AREA_STYLE_COLOUR ( '', #1397 ) ;
#1798 = ORIENTED_EDGE ( 'NONE', *, *, #150, .T. ) ;
#1799 = LINE ( 'NONE', #1243, #843 ) ;
#1800 = EDGE_CURVE ( 'NONE', #2655, #2177, #3363, .T. ) ;
#1801 = EDGE_CURVE ( 'NONE', #640, #1314, #3046, .T. ) ;
#1802 = DIRECTION ( 'NONE',  ( 1.000000000000000000, 1.084202172485499873E-16, -0.000000000000000000 ) ) ;
#1803 = ORIENTED_EDGE ( 'NONE', *, *, #2615, .T. ) ;
#1804 = PRESENTATION_STYLE_ASSIGNMENT (( #1280 ) ) ;
#1805 = AXIS2_PLACEMENT_3D ( 'NONE', #2544, #1198, #645 ) ;
#1806 = VERTEX_POINT ( 'NONE', #80 ) ;
#1807 =( CONVERSION_BASED_UNIT ( 'INCH', #731 ) LENGTH_UNIT ( ) NAMED_UNIT ( #3139 ) );
#1808 = EDGE_CURVE ( 'NONE', #1067, #586, #3202, .T. ) ;
#1809 =( NAMED_UNIT ( * ) SI_UNIT ( $, .STERADIAN. ) SOLID_ANGLE_UNIT ( ) );
#1810 = COLOUR_RGB ( '',0.6313725490196078205, 0.6588235294117646967, 0.6784313725490196401 ) ;
#1811 = FACE_OUTER_BOUND ( 'NONE', #1471, .T. ) ;
#1812 = FACE_OUTER_BOUND ( 'NONE', #1368, .T. ) ;
#1813 = EDGE_LOOP ( 'NONE', ( #309, #1335, #2729, #2076, #3041, #779, #2479, #294, #89, #227, #1205, #1934, #1207, #853, #2647, #1525, #2779, #2495, #2484, #3013 ) ) ;
#1814 = FILL_AREA_STYLE ('',( #1608 ) ) ;
#1815 = EDGE_CURVE ( 'NONE', #680, #1317, #1415, .T. ) ;
#1816 = PRODUCT_RELATED_PRODUCT_CATEGORY ( 'part', '', ( #2530 ) ) ;
#1817 = CARTESIAN_POINT ( 'NONE',  ( 0.007874015748031495954, 0.01476377952755905665, -0.02204724409448818867 ) ) ;
#1818 = ORIENTED_EDGE ( 'NONE', *, *, #876, .F. ) ;
#1819 = DIRECTION ( 'NONE',  ( 0.000000000000000000, 0.000000000000000000, 1.000000000000000000 ) ) ;
#1820 = DIRECTION ( 'NONE',  ( 0.000000000000000000, 0.000000000000000000, 1.000000000000000000 ) ) ;
#1821 = VERTEX_POINT ( 'NONE', #3233 ) ;
#1822 = ORIENTED_EDGE ( 'NONE', *, *, #301, .T. ) ;
#1823 = EDGE_CURVE ( 'NONE', #2177, #423, #1880, .T. ) ;
#1824 = DIMENSIONAL_EXPONENTS ( 1.000000000000000000, 0.000000000000000000, 0.000000000000000000, 0.000000000000000000, 0.000000000000000000, 0.000000000000000000, 0.000000000000000000 ) ;
#1825 = FILL_AREA_STYLE_COLOUR ( '', #2374 ) ;
#1826 = COLOUR_RGB ( '',0.6313725490196078205, 0.6588235294117646967, 0.6784313725490196401 ) ;
#1827 =( NAMED_UNIT ( * ) SI_UNIT ( $, .STERADIAN. ) SOLID_ANGLE_UNIT ( ) );
#1828 = SURFACE_STYLE_FILL_AREA ( #2931 ) ;
#1829 = DIRECTION ( 'NONE',  ( 0.000000000000000000, 0.000000000000000000, 1.000000000000000000 ) ) ;
#1830 = ORIENTED_EDGE ( 'NONE', *, *, #1027, .T. ) ;
#1831 =( LENGTH_UNIT ( ) NAMED_UNIT ( * ) SI_UNIT ( $, .METRE. ) );
#1832 = VECTOR ( 'NONE', #2031, 39.37007874015748143 ) ;
#1833 = AXIS2_PLACEMENT_3D ( 'NONE', #2228, #387, #1381 ) ;
#1834 = VECTOR ( 'NONE', #852, 39.37007874015748143 ) ;
#1835 = ORIENTED_EDGE ( 'NONE', *, *, #2815, .T. ) ;
#1836 = LINE ( 'NONE', #3174, #905 ) ;
#1837 = SURFACE_STYLE_FILL_AREA ( #1316 ) ;
#1838 = VECTOR ( 'NONE', #1699, 39.37007874015748143 ) ;
#1839 = CARTESIAN_POINT ( 'NONE',  ( -0.03641732283464567399, 0.03248031496062991907, -0.02362204724409448786 ) ) ;
#1840 = ORIENTED_EDGE ( 'NONE', *, *, #1823, .F. ) ;
#1841 = EDGE_CURVE ( 'NONE', #2818, #2994, #824, .T. ) ;
#1842 = EDGE_CURVE ( 'NONE', #347, #1623, #143, .T. ) ;
#1843 =( NAMED_UNIT ( * ) PLANE_ANGLE_UNIT ( ) SI_UNIT ( $, .RADIAN. ) );
#1844 = ORIENTED_EDGE ( 'NONE', *, *, #3077, .T. ) ;
#1845 = LINE ( 'NONE', #1603, #2936 ) ;
#1846 = EDGE_CURVE ( 'NONE', #1533, #1168, #1376, .T. ) ;
#1847 = DIMENSIONAL_EXPONENTS ( 1.000000000000000000, 0.000000000000000000, 0.000000000000000000, 0.000000000000000000, 0.000000000000000000, 0.000000000000000000, 0.000000000000000000 ) ;
#1848 = FILL_AREA_STYLE ('',( #3154 ) ) ;
#1849 = ORIENTED_EDGE ( 'NONE', *, *, #2724, .T. ) ;
#1850 = SURFACE_STYLE_FILL_AREA ( #1814 ) ;
#1851 = CARTESIAN_POINT ( 'NONE',  ( 0.000000000000000000, -0.01476377952755905665, -0.02283464566929133827 ) ) ;
#1852 = EDGE_LOOP ( 'NONE', ( #1080, #3131, #2140, #374 ) ) ;
#1853 = PRESENTATION_STYLE_ASSIGNMENT (( #1049 ) ) ;
#1854 = FACE_OUTER_BOUND ( 'NONE', #2929, .T. ) ;
#1855 = ADVANCED_FACE ( 'NONE', ( #2949 ), #47, .T. ) ;
#1856 = CARTESIAN_POINT ( 'NONE',  ( -0.01771653543307086937, 0.000000000000000000, -0.02283464566929133827 ) ) ;
#1857 = ORIENTED_EDGE ( 'NONE', *, *, #1905, .F. ) ;
#1858 = CARTESIAN_POINT ( 'NONE',  ( 0.009842519685039373412, -0.03149606299212598381, -0.02362204724409448786 ) ) ;
#1859 = SURFACE_STYLE_USAGE ( .BOTH. , #800 ) ;
#1860 = PRESENTATION_LAYER_ASSIGNMENT (  '', '', ( #2432 ) ) ;
#1861 = PRESENTATION_STYLE_ASSIGNMENT (( #3396 ) ) ;
#1862 = ORIENTED_EDGE ( 'NONE', *, *, #2358, .T. ) ;
#1863 = PLANE ( 'NONE',  #65 ) ;
#1864 = CARTESIAN_POINT ( 'NONE',  ( 0.02362204724409984122, -0.001830545397304263969, -0.02362204724409448786 ) ) ;
#1865 = LINE ( 'NONE', #2608, #3127 ) ;
#1866 = ORIENTED_EDGE ( 'NONE', *, *, #2089, .T. ) ;
#1867 = CARTESIAN_POINT ( 'NONE',  ( -0.01968503937007425389, -0.001830545397304263969, -0.02283464566929133827 ) ) ;
#1868 = VECTOR ( 'NONE', #624, 39.37007874015748143 ) ;
#1869 = UNCERTAINTY_MEASURE_WITH_UNIT (LENGTH_MEASURE( 1.000000000000000082E-05 ), #1599, 'distance_accuracy_value', 'NONE');
#1870 = ADVANCED_FACE ( 'NONE', ( #295 ), #2730, .F. ) ;
#1871 = EDGE_CURVE ( 'NONE', #49, #599, #1358, .T. ) ;
#1872 = LINE ( 'NONE', #1851, #2007 ) ;
#1873 = VERTEX_POINT ( 'NONE', #2169 ) ;
#1874 = LINE ( 'NONE', #2920, #447 ) ;
#1875 = FILL_AREA_STYLE_COLOUR ( '', #2622 ) ;
#1876 =( GEOMETRIC_REPRESENTATION_CONTEXT ( 3 ) GLOBAL_UNCERTAINTY_ASSIGNED_CONTEXT ( ( #135 ) ) GLOBAL_UNIT_ASSIGNED_CONTEXT ( ( #2453, #2720, #73 ) ) REPRESENTATION_CONTEXT ( 'NONE', 'WORKASPACE' ) );
#1877 = DIRECTION ( 'NONE',  ( 0.000000000000000000, 1.000000000000000000, 0.000000000000000000 ) ) ;
#1878 = VERTEX_POINT ( 'NONE', #330 ) ;
#1879 = DIRECTION ( 'NONE',  ( -0.000000000000000000, 1.000000000000000000, 0.000000000000000000 ) ) ;
#1880 = LINE ( 'NONE', #887, #1004 ) ;
#1881 = DIRECTION ( 'NONE',  ( 1.000000000000000000, 0.000000000000000000, 0.000000000000000000 ) ) ;
#1882 = CARTESIAN_POINT ( 'NONE',  ( -0.03543307086614173873, -0.03149606299212598381, -0.02283464566929133827 ) ) ;
#1883 = VERTEX_POINT ( 'NONE', #1130 ) ;
#1884 = CARTESIAN_POINT ( 'NONE',  ( -0.01771653543307086937, 0.03051181102362205202, -0.02204724409448818867 ) ) ;
#1885 = DIRECTION ( 'NONE',  ( 1.000000000000000000, -2.489206111144459721E-48, 1.836709923159820126E-32 ) ) ;
#1886 = VERTEX_POINT ( 'NONE', #348 ) ;
#1887 = DIRECTION ( 'NONE',  ( 1.084202172485499873E-16, 1.000000000000000000, -0.000000000000000000 ) ) ;
#1888 = DIRECTION ( 'NONE',  ( 1.000000000000000000, 1.314184451497579533E-16, -0.000000000000000000 ) ) ;
#1889 = DIMENSIONAL_EXPONENTS ( 1.000000000000000000, 0.000000000000000000, 0.000000000000000000, 0.000000000000000000, 0.000000000000000000, 0.000000000000000000, 0.000000000000000000 ) ;
#1890 = PRESENTATION_LAYER_ASSIGNMENT (  '', '', ( #3206 ) ) ;
#1891 = VECTOR ( 'NONE', #1172, 39.37007874015748143 ) ;
#1892 = FILL_AREA_STYLE_COLOUR ( '', #786 ) ;
#1893 = ORIENTED_EDGE ( 'NONE', *, *, #422, .T. ) ;
#1894 =( GEOMETRIC_REPRESENTATION_CONTEXT ( 3 ) GLOBAL_UNCERTAINTY_ASSIGNED_CONTEXT ( ( #1517 ) ) GLOBAL_UNIT_ASSIGNED_CONTEXT ( ( #2081, #992, #2351 ) ) REPRESENTATION_CONTEXT ( 'NONE', 'WORKASPACE' ) );
#1895 = PRESENTATION_LAYER_ASSIGNMENT (  '', '', ( #2997 ) ) ;
#1896 = FILL_AREA_STYLE_COLOUR ( '', #2221 ) ;
#1897 = DIMENSIONAL_EXPONENTS ( 1.000000000000000000, 0.000000000000000000, 0.000000000000000000, 0.000000000000000000, 0.000000000000000000, 0.000000000000000000, 0.000000000000000000 ) ;
#1898 = CARTESIAN_POINT ( 'NONE',  ( -0.007874015748031492484, -0.03051181102362205202, -0.02204724409448818867 ) ) ;
#1899 =( CONVERSION_BASED_UNIT ( 'INCH', #2375 ) LENGTH_UNIT ( ) NAMED_UNIT ( #2363 ) );
#1900 = ORIENTED_EDGE ( 'NONE', *, *, #3330, .T. ) ;
#1901 =( GEOMETRIC_REPRESENTATION_CONTEXT ( 3 ) GLOBAL_UNCERTAINTY_ASSIGNED_CONTEXT ( ( #1792 ) ) GLOBAL_UNIT_ASSIGNED_CONTEXT ( ( #2455, #896, #1981 ) ) REPRESENTATION_CONTEXT ( 'NONE', 'WORKASPACE' ) );
#1902 = CARTESIAN_POINT ( 'NONE',  ( 0.000000000000000000, -0.01476377952755905665, -0.02283464566929133827 ) ) ;
#1903 = CARTESIAN_POINT ( 'NONE',  ( -0.03346456692913385433, -0.03051181102362205202, -0.02322834645669292000 ) ) ;
#1904 = EDGE_CURVE ( 'NONE', #1118, #1168, #1998, .T. ) ;
#1905 = EDGE_CURVE ( 'NONE', #2595, #1571, #3111, .T. ) ;
#1906 = DIRECTION ( 'NONE',  ( 1.000000000000000000, 0.000000000000000000, -0.000000000000000000 ) ) ;
#1907 = VERTEX_POINT ( 'NONE', #2581 ) ;
#1908 = LINE ( 'NONE', #351, #1891 ) ;
#1909 = VERTEX_POINT ( 'NONE', #2806 ) ;
#1910 = VECTOR ( 'NONE', #3063, 39.37007874015748143 ) ;
#1911 = ORIENTED_EDGE ( 'NONE', *, *, #789, .T. ) ;
#1912 =( NAMED_UNIT ( * ) PLANE_ANGLE_UNIT ( ) SI_UNIT ( $, .RADIAN. ) );
#1913 = CARTESIAN_POINT ( 'NONE',  ( 0.000000000000000000, 0.000000000000000000, -0.02322834645669292000 ) ) ;
#1914 = ORIENTED_EDGE ( 'NONE', *, *, #2021, .F. ) ;
#1915 = EDGE_CURVE ( 'NONE', #893, #1533, #2823, .T. ) ;
#1916 = DIRECTION ( 'NONE',  ( 0.000000000000000000, 0.000000000000000000, 1.000000000000000000 ) ) ;
#1917 = PRESENTATION_LAYER_ASSIGNMENT (  '', '', ( #1474 ) ) ;
#1918 = LINE ( 'NONE', #3268, #2213 ) ;
#1919 = ORIENTED_EDGE ( 'NONE', *, *, #213, .T. ) ;
#1920 = FILL_AREA_STYLE_COLOUR ( '', #2664 ) ;
#1921 = AXIS2_PLACEMENT_3D ( 'NONE', #769, #1829, #1570 ) ;
#1922 =( CONVERSION_BASED_UNIT ( 'INCH', #632 ) LENGTH_UNIT ( ) NAMED_UNIT ( #2429 ) );
#1923 = SURFACE_STYLE_USAGE ( .BOTH. , #85 ) ;
#1924 = VECTOR ( 'NONE', #2143, 39.37007874015748143 ) ;
#1925 = ORIENTED_EDGE ( 'NONE', *, *, #2343, .T. ) ;
#1926 = DIRECTION ( 'NONE',  ( 1.000000000000000000, 0.000000000000000000, -0.000000000000000000 ) ) ;
#1927 = CARTESIAN_POINT ( 'NONE',  ( -0.03641732283464567399, 0.03248031496062991907, -0.02362204724409448786 ) ) ;
#1928 = EDGE_CURVE ( 'NONE', #2285, #570, #445, .T. ) ;
#1929 = LENGTH_MEASURE_WITH_UNIT ( LENGTH_MEASURE( 0.02539999999999999897 ), #124 );
#1930 = ORIENTED_EDGE ( 'NONE', *, *, #3190, .F. ) ;
#1931 = CARTESIAN_POINT ( 'NONE',  ( -0.03543307086614173873, 0.000000000000000000, -0.02283464566929133827 ) ) ;
#1932 = VECTOR ( 'NONE', #2907, 39.37007874015748143 ) ;
#1933 = CARTESIAN_POINT ( 'NONE',  ( 0.03346456692913385433, 0.000000000000000000, -0.02322834645669292000 ) ) ;
#1934 = ORIENTED_EDGE ( 'NONE', *, *, #372, .T. ) ;
#1935 = FILL_AREA_STYLE ('',( #1477 ) ) ;
#1936 = LINE ( 'NONE', #349, #2084 ) ;
#1937 = DIRECTION ( 'NONE',  ( -1.084202172485499873E-16, 1.000000000000000000, 0.000000000000000000 ) ) ;
#1938 = VERTEX_POINT ( 'NONE', #175 ) ;
#1939 = DIRECTION ( 'NONE',  ( 0.000000000000000000, -0.000000000000000000, -1.000000000000000000 ) ) ;
#1940 = DIRECTION ( 'NONE',  ( 0.000000000000000000, -0.000000000000000000, 1.000000000000000000 ) ) ;
#1941 =( GEOMETRIC_REPRESENTATION_CONTEXT ( 3 ) GLOBAL_UNCERTAINTY_ASSIGNED_CONTEXT ( ( #3104 ) ) GLOBAL_UNIT_ASSIGNED_CONTEXT ( ( #1480, #1022, #745 ) ) REPRESENTATION_CONTEXT ( 'NONE', 'WORKASPACE' ) );
#1942 = CARTESIAN_POINT ( 'NONE',  ( 0.03346456692913385433, 0.01476377952755905665, -0.02322834645669292000 ) ) ;
#1943 = ORIENTED_EDGE ( 'NONE', *, *, #3133, .T. ) ;
#1944 = EDGE_CURVE ( 'NONE', #3080, #747, #2015, .T. ) ;
#1945 = CARTESIAN_POINT ( 'NONE',  ( 0.000000000000000000, -0.01476377952755905665, -0.02283464566929133827 ) ) ;
#1946 = PRESENTATION_STYLE_ASSIGNMENT (( #407 ) ) ;
#1947 = EDGE_LOOP ( 'NONE', ( #207, #1267, #1637, #688 ) ) ;
#1948 =( NAMED_UNIT ( * ) PLANE_ANGLE_UNIT ( ) SI_UNIT ( $, .RADIAN. ) );
#1949 = PRESENTATION_LAYER_ASSIGNMENT (  '', '', ( #667 ) ) ;
#1950 = DIRECTION ( 'NONE',  ( -1.000000000000000000, -0.000000000000000000, 0.000000000000000000 ) ) ;
#1951 = AXIS2_PLACEMENT_3D ( 'NONE', #2357, #538, #2625 ) ;
#1952 =( NAMED_UNIT ( * ) SI_UNIT ( $, .STERADIAN. ) SOLID_ANGLE_UNIT ( ) );
#1953 = ORIENTED_EDGE ( 'NONE', *, *, #301, .F. ) ;
#1954 = COLOUR_RGB ( '',0.6313725490196078205, 0.6588235294117646967, 0.6784313725490196401 ) ;
#1955 = UNCERTAINTY_MEASURE_WITH_UNIT (LENGTH_MEASURE( 1.000000000000000082E-05 ), #2052, 'distance_accuracy_value', 'NONE');
#1956 = DIRECTION ( 'NONE',  ( 2.489206111144459721E-48, 1.000000000000000000, 4.571949565129095434E-80 ) ) ;
#1957 = AXIS2_PLACEMENT_3D ( 'NONE', #1160, #324, #2523 ) ;
#1958 = EDGE_CURVE ( 'NONE', #2707, #1909, #1753, .T. ) ;
#1959 = ORIENTED_EDGE ( 'NONE', *, *, #2566, .F. ) ;
#1960 = CARTESIAN_POINT ( 'NONE',  ( -0.01574803149606299191, -0.03248031496062991907, -0.01574803149606299191 ) ) ;
#1961 = FILL_AREA_STYLE ('',( #2250 ) ) ;
#1962 = ORIENTED_EDGE ( 'NONE', *, *, #1620, .T. ) ;
#1963 = PLANE ( 'NONE',  #2607 ) ;
#1964 = CARTESIAN_POINT ( 'NONE',  ( -0.01771653543307086937, -0.01476377952755905665, -0.02283464566929133827 ) ) ;
#1965 = ORIENTED_EDGE ( 'NONE', *, *, #1974, .T. ) ;
#1966 =( NAMED_UNIT ( * ) SI_UNIT ( $, .STERADIAN. ) SOLID_ANGLE_UNIT ( ) );
#1967 = VERTEX_POINT ( 'NONE', #2316 ) ;
#1968 = DIRECTION ( 'NONE',  ( 1.000000000000000000, 0.000000000000000000, 0.000000000000000000 ) ) ;
#1969 = ORIENTED_EDGE ( 'NONE', *, *, #1494, .F. ) ;
#1970 = UNCERTAINTY_MEASURE_WITH_UNIT (LENGTH_MEASURE( 1.000000000000000082E-05 ), #362, 'distance_accuracy_value', 'NONE');
#1971 = LINE ( 'NONE', #594, #2342 ) ;
#1972 = AXIS2_PLACEMENT_3D ( 'NONE', #1366, #1402, #1155 ) ;
#1973 = SURFACE_STYLE_FILL_AREA ( #923 ) ;
#1974 = EDGE_CURVE ( 'NONE', #1097, #3, #2333, .T. ) ;
#1975 = EDGE_LOOP ( 'NONE', ( #3073, #723, #2456, #1345 ) ) ;
#1976 = CARTESIAN_POINT ( 'NONE',  ( -0.02362204724409448786, 0.01279527559055118266, -0.02362204724409448786 ) ) ;
#1977 = DIRECTION ( 'NONE',  ( 0.000000000000000000, 0.000000000000000000, -1.000000000000000000 ) ) ;
#1978 =( GEOMETRIC_REPRESENTATION_CONTEXT ( 3 ) GLOBAL_UNCERTAINTY_ASSIGNED_CONTEXT ( ( #2825 ) ) GLOBAL_UNIT_ASSIGNED_CONTEXT ( ( #114, #2190, #2494 ) ) REPRESENTATION_CONTEXT ( 'NONE', 'WORKASPACE' ) );
#1979 = ADVANCED_FACE ( 'NONE', ( #974 ), #208, .T. ) ;
#1980 = VECTOR ( 'NONE', #1050, 39.37007874015748143 ) ;
#1981 =( NAMED_UNIT ( * ) SI_UNIT ( $, .STERADIAN. ) SOLID_ANGLE_UNIT ( ) );
#1982 = ORIENTED_EDGE ( 'NONE', *, *, #3078, .T. ) ;
#1983 = DIRECTION ( 'NONE',  ( 1.000000000000000000, 0.000000000000000000, 0.000000000000000000 ) ) ;
#1984 = PLANE ( 'NONE',  #45 ) ;
#1985 = LINE ( 'NONE', #1720, #1324 ) ;
#1986 = ORIENTED_EDGE ( 'NONE', *, *, #2222, .T. ) ;
#1987 = LINE ( 'NONE', #2511, #2264 ) ;
#1988 = DIRECTION ( 'NONE',  ( 0.000000000000000000, -0.000000000000000000, 1.000000000000000000 ) ) ;
#1989 = VERTEX_POINT ( 'NONE', #3349 ) ;
#1990 = CARTESIAN_POINT ( 'NONE',  ( -0.03543307086614173873, -0.03149606299212598381, -0.01200787401574803133 ) ) ;
#1991 = CARTESIAN_POINT ( 'NONE',  ( 0.03543307086614173179, -0.01279527559055118266, -0.02362204724409448786 ) ) ;
#1992 = VERTEX_POINT ( 'NONE', #3371 ) ;
#1993 = CARTESIAN_POINT ( 'NONE',  ( 0.000000000000000000, -0.01476377952755905665, -0.02322834645669292000 ) ) ;
#1994 = EDGE_CURVE ( 'NONE', #1700, #2386, #159, .T. ) ;
#1995 = STYLED_ITEM ( 'NONE', ( #2654 ), #513 ) ;
#1996 = DIRECTION ( 'NONE',  ( 0.000000000000000000, 0.000000000000000000, 1.000000000000000000 ) ) ;
#1997 = ORIENTED_EDGE ( 'NONE', *, *, #2468, .T. ) ;
#1998 = LINE ( 'NONE', #2302, #720 ) ;
#1999 = ADVANCED_FACE ( 'NONE', ( #3096 ), #1021, .F. ) ;
#2000 = LENGTH_MEASURE_WITH_UNIT ( LENGTH_MEASURE( 0.02539999999999999897 ), #2235 );
#2001 = DIRECTION ( 'NONE',  ( -0.000000000000000000, -0.000000000000000000, -1.000000000000000000 ) ) ;
#2002 = PRESENTATION_STYLE_ASSIGNMENT (( #1127 ) ) ;
#2003 = ORIENTED_EDGE ( 'NONE', *, *, #1539, .F. ) ;
#2004 = LENGTH_MEASURE_WITH_UNIT ( LENGTH_MEASURE( 0.02539999999999999897 ), #1464 );
#2005 = AXIS2_PLACEMENT_3D ( 'NONE', #62, #1735, #27 ) ;
#2006 = STYLED_ITEM ( 'NONE', ( #1065 ), #2476 ) ;
#2007 = VECTOR ( 'NONE', #2079, 39.37007874015748143 ) ;
#2008 = LINE ( 'NONE', #969, #2508 ) ;
#2009 = ADVANCED_FACE ( 'NONE', ( #1208 ), #3309, .F. ) ;
#2010 = EDGE_CURVE ( 'NONE', #560, #104, #1068, .T. ) ;
#2011 = PLANE ( 'NONE',  #2118 ) ;
#2012 = ORIENTED_EDGE ( 'NONE', *, *, #583, .F. ) ;
#2013 = DIRECTION ( 'NONE',  ( 0.000000000000000000, -0.000000000000000000, 1.000000000000000000 ) ) ;
#2014 = VERTEX_POINT ( 'NONE', #3142 ) ;
#2015 = LINE ( 'NONE', #3062, #1500 ) ;
#2016 = PLANE ( 'NONE',  #1295 ) ;
#2017 = FILL_AREA_STYLE_COLOUR ( '', #1553 ) ;
#2018 = VERTEX_POINT ( 'NONE', #287 ) ;
#2019 = PRESENTATION_LAYER_ASSIGNMENT (  '', '', ( #1126 ) ) ;
#2020 = SURFACE_STYLE_FILL_AREA ( #1253 ) ;
#2021 = EDGE_CURVE ( 'NONE', #1623, #49, #2099, .T. ) ;
#2022 = EDGE_CURVE ( 'NONE', #2584, #3213, #1328, .T. ) ;
#2023 = DIRECTION ( 'NONE',  ( -1.000000000000000000, -0.000000000000000000, -0.000000000000000000 ) ) ;
#2024 = DIRECTION ( 'NONE',  ( 0.000000000000000000, 0.000000000000000000, 1.000000000000000000 ) ) ;
#2025 = CARTESIAN_POINT ( 'NONE',  ( 0.01574803149606299191, -0.03149606299212598381, -0.02204724409448818867 ) ) ;
#2026 = CARTESIAN_POINT ( 'NONE',  ( -0.009842519685039369942, -0.03149606299212598381, -0.02283464566929133827 ) ) ;
#2027 = ORIENTED_EDGE ( 'NONE', *, *, #1808, .T. ) ;
#2028 = LINE ( 'NONE', #3367, #118 ) ;
#2029 = DIRECTION ( 'NONE',  ( -0.000000000000000000, 1.000000000000000000, 0.000000000000000000 ) ) ;
#2030 = ORIENTED_EDGE ( 'NONE', *, *, #568, .T. ) ;
#2031 = DIRECTION ( 'NONE',  ( -0.000000000000000000, 1.000000000000000000, 0.000000000000000000 ) ) ;
#2032 = CARTESIAN_POINT ( 'NONE',  ( -0.01181102362204098331, 0.002106462476690000325, -0.02362204724409448786 ) ) ;
#2033 = VECTOR ( 'NONE', #316, 39.37007874015748143 ) ;
#2034 = UNCERTAINTY_MEASURE_WITH_UNIT (LENGTH_MEASURE( 1.000000000000000082E-05 ), #368, 'distance_accuracy_value', 'NONE');
#2035 = LENGTH_MEASURE_WITH_UNIT ( LENGTH_MEASURE( 0.02539999999999999897 ), #2583 );
#2036 = EDGE_LOOP ( 'NONE', ( #1830, #2271, #3285, #2119 ) ) ;
#2037 = VECTOR ( 'NONE', #1940, 39.37007874015748143 ) ;
#2038 = DIRECTION ( 'NONE',  ( -0.000000000000000000, 0.000000000000000000, 1.000000000000000000 ) ) ;
#2039 = LINE ( 'NONE', #3086, #955 ) ;
#2040 = PRESENTATION_LAYER_ASSIGNMENT (  '', '', ( #2161 ) ) ;
#2041 = PLANE ( 'NONE',  #3258 ) ;
#2042 = DIRECTION ( 'NONE',  ( 0.000000000000000000, -0.000000000000000000, 1.000000000000000000 ) ) ;
#2043 = SURFACE_STYLE_FILL_AREA ( #716 ) ;
#2044 = VERTEX_POINT ( 'NONE', #53 ) ;
#2045 = CARTESIAN_POINT ( 'NONE',  ( 0.02362204724409984122, -0.001830545397304263969, -0.02362204724409448786 ) ) ;
#2046 = FACE_OUTER_BOUND ( 'NONE', #2103, .T. ) ;
#2047 = VERTEX_POINT ( 'NONE', #1103 ) ;
#2048 = DIRECTION ( 'NONE',  ( -1.000000000000000000, 1.100938152602059773E-48, -1.173829096588156655E-80 ) ) ;
#2049 = DIRECTION ( 'NONE',  ( 0.000000000000000000, -0.000000000000000000, -1.000000000000000000 ) ) ;
#2050 = EDGE_LOOP ( 'NONE', ( #1597, #791, #2443, #1665 ) ) ;
#2051 = ORIENTED_EDGE ( 'NONE', *, *, #2101, .F. ) ;
#2052 =( CONVERSION_BASED_UNIT ( 'INCH', #766 ) LENGTH_UNIT ( ) NAMED_UNIT ( #2117 ) );
#2053 = PLANE ( 'NONE',  #3100 ) ;
#2054 = VECTOR ( 'NONE', #845, 39.37007874015748143 ) ;
#2055 = VECTOR ( 'NONE', #809, 39.37007874015748143 ) ;
#2056 = EDGE_CURVE ( 'NONE', #343, #1410, #2669, .T. ) ;
#2057 = COLOUR_RGB ( '',0.6313725490196078205, 0.6588235294117646967, 0.6784313725490196401 ) ;
#2058 = DIRECTION ( 'NONE',  ( -0.000000000000000000, 0.000000000000000000, -1.000000000000000000 ) ) ;
#2059 = EDGE_LOOP ( 'NONE', ( #2676, #2365, #325, #3095, #478, #473 ) ) ;
#2060 =( GEOMETRIC_REPRESENTATION_CONTEXT ( 3 ) GLOBAL_UNCERTAINTY_ASSIGNED_CONTEXT ( ( #470 ) ) GLOBAL_UNIT_ASSIGNED_CONTEXT ( ( #2064, #3094, #1006 ) ) REPRESENTATION_CONTEXT ( 'NONE', 'WORKASPACE' ) );
#2061 = LINE ( 'NONE', #1526, #2661 ) ;
#2062 = PRODUCT_DEFINITION_FORMATION_WITH_SPECIFIED_SOURCE ( 'ANY', '', #2530, .NOT_KNOWN. ) ;
#2063 = VECTOR ( 'NONE', #55, 39.37007874015748143 ) ;
#2064 =( CONVERSION_BASED_UNIT ( 'INCH', #443 ) LENGTH_UNIT ( ) NAMED_UNIT ( #1361 ) );
#2065 = EDGE_LOOP ( 'NONE', ( #1930, #1506, #659, #1460 ) ) ;
#2066 = DIRECTION ( 'NONE',  ( 1.084202172485499873E-16, 1.000000000000000000, -0.000000000000000000 ) ) ;
#2067 =( NAMED_UNIT ( * ) PLANE_ANGLE_UNIT ( ) SI_UNIT ( $, .RADIAN. ) );
#2068 = SURFACE_STYLE_FILL_AREA ( #1789 ) ;
#2069 = ORIENTED_EDGE ( 'NONE', *, *, #2579, .T. ) ;
#2070 = ORIENTED_EDGE ( 'NONE', *, *, #3351, .F. ) ;
#2071 = LINE ( 'NONE', #2391, #1431 ) ;
#2072 = UNCERTAINTY_MEASURE_WITH_UNIT (LENGTH_MEASURE( 1.000000000000000082E-05 ), #2816, 'distance_accuracy_value', 'NONE');
#2073 = CARTESIAN_POINT ( 'NONE',  ( 0.007874015748031495954, 0.000000000000000000, -0.02283464566929133827 ) ) ;
#2074 = DIRECTION ( 'NONE',  ( 0.000000000000000000, 0.000000000000000000, -1.000000000000000000 ) ) ;
#2075 = CARTESIAN_POINT ( 'NONE',  ( 0.01771653543307086937, -0.03051181102362205202, -0.02283464566929133827 ) ) ;
#2076 = ORIENTED_EDGE ( 'NONE', *, *, #2772, .T. ) ;
#2077 = SURFACE_STYLE_FILL_AREA ( #2114 ) ;
#2078 = EDGE_CURVE ( 'NONE', #1418, #1907, #1836, .T. ) ;
#2079 = DIRECTION ( 'NONE',  ( 1.000000000000000000, 0.000000000000000000, -0.000000000000000000 ) ) ;
#2080 = ORIENTED_EDGE ( 'NONE', *, *, #1407, .F. ) ;
#2081 =( CONVERSION_BASED_UNIT ( 'INCH', #1545 ) LENGTH_UNIT ( ) NAMED_UNIT ( #1330 ) );
#2082 = LINE ( 'NONE', #1514, #2792 ) ;
#2083 = EDGE_CURVE ( 'NONE', #1708, #1434, #2178, .T. ) ;
#2084 = VECTOR ( 'NONE', #3002, 39.37007874015748143 ) ;
#2085 = CARTESIAN_POINT ( 'NONE',  ( -0.03543307086614173873, 0.000000000000000000, -0.02283464566929133827 ) ) ;
#2086 = VERTEX_POINT ( 'NONE', #3160 ) ;
#2087 = DIRECTION ( 'NONE',  ( 0.000000000000000000, 0.000000000000000000, 1.000000000000000000 ) ) ;
#2088 =( GEOMETRIC_REPRESENTATION_CONTEXT ( 3 ) GLOBAL_UNCERTAINTY_ASSIGNED_CONTEXT ( ( #1270 ) ) GLOBAL_UNIT_ASSIGNED_CONTEXT ( ( #2132, #489, #790 ) ) REPRESENTATION_CONTEXT ( 'NONE', 'WORKASPACE' ) );
#2089 = EDGE_CURVE ( 'NONE', #943, #2014, #2888, .T. ) ;
#2090 = DIRECTION ( 'NONE',  ( 0.000000000000000000, -0.000000000000000000, 1.000000000000000000 ) ) ;
#2091 = DIRECTION ( 'NONE',  ( 0.000000000000000000, 0.000000000000000000, -1.000000000000000000 ) ) ;
#2092 = DIMENSIONAL_EXPONENTS ( 1.000000000000000000, 0.000000000000000000, 0.000000000000000000, 0.000000000000000000, 0.000000000000000000, 0.000000000000000000, 0.000000000000000000 ) ;
#2093 = CARTESIAN_POINT ( 'NONE',  ( -0.03346456692913385433, -0.01476377952755905665, -0.02322834645669292000 ) ) ;
#2094 = ORIENTED_EDGE ( 'NONE', *, *, #980, .F. ) ;
#2095 = PRESENTATION_STYLE_ASSIGNMENT (( #2885 ) ) ;
#2096 = LINE ( 'NONE', #2886, #1560 ) ;
#2097 = ORIENTED_EDGE ( 'NONE', *, *, #3133, .F. ) ;
#2098 = ADVANCED_FACE ( 'NONE', ( #3210 ), #1611, .F. ) ;
#2099 = LINE ( 'NONE', #854, #1336 ) ;
#2100 =( NAMED_UNIT ( * ) SI_UNIT ( $, .STERADIAN. ) SOLID_ANGLE_UNIT ( ) );
#2101 = EDGE_CURVE ( 'NONE', #2994, #1149, #2384, .T. ) ;
#2102 = LINE ( 'NONE', #2923, #2512 ) ;
#2103 = EDGE_LOOP ( 'NONE', ( #1835, #1683, #3354, #298, #703, #1788 ) ) ;
#2104 = SURFACE_STYLE_FILL_AREA ( #3343 ) ;
#2105 = CARTESIAN_POINT ( 'NONE',  ( 0.03641732283464567399, -0.01279527559055118092, -0.01574803149606299191 ) ) ;
#2106 = VECTOR ( 'NONE', #1074, 39.37007874015748143 ) ;
#2107 = CARTESIAN_POINT ( 'NONE',  ( -0.03641732283464567399, 0.03248031496062991907, 0.000000000000000000 ) ) ;
#2108 = FACE_OUTER_BOUND ( 'NONE', #1039, .T. ) ;
#2109 = PLANE ( 'NONE',  #612 ) ;
#2110 = EDGE_CURVE ( 'NONE', #939, #32, #2404, .T. ) ;
#2111 = ORIENTED_EDGE ( 'NONE', *, *, #1718, .T. ) ;
#2112 = EDGE_CURVE ( 'NONE', #3375, #3141, #1874, .T. ) ;
#2113 = VECTOR ( 'NONE', #1697, 39.37007874015748143 ) ;
#2114 = FILL_AREA_STYLE ('',( #755 ) ) ;
#2115 = AXIS2_PLACEMENT_3D ( 'NONE', #2624, #3379, #9 ) ;
#2116 = VECTOR ( 'NONE', #1042, 39.37007874015748143 ) ;
#2117 = DIMENSIONAL_EXPONENTS ( 1.000000000000000000, 0.000000000000000000, 0.000000000000000000, 0.000000000000000000, 0.000000000000000000, 0.000000000000000000, 0.000000000000000000 ) ;
#2118 = AXIS2_PLACEMENT_3D ( 'NONE', #1219, #1746, #3304 ) ;
#2119 = ORIENTED_EDGE ( 'NONE', *, *, #2181, .T. ) ;
#2120 = CARTESIAN_POINT ( 'NONE',  ( 0.02755905511811023584, 0.000000000000000000, -0.02204724409448818867 ) ) ;
#2121 = CARTESIAN_POINT ( 'NONE',  ( -0.009842519685039369942, -0.03149606299212598381, -0.02204724409448818867 ) ) ;
#2122 = STYLED_ITEM ( 'NONE', ( #2487 ), #909 ) ;
#2123 =( CONVERSION_BASED_UNIT ( 'INCH', #1577 ) LENGTH_UNIT ( ) NAMED_UNIT ( #2900 ) );
#2124 = ORIENTED_EDGE ( 'NONE', *, *, #3068, .F. ) ;
#2125 =( NAMED_UNIT ( * ) SI_UNIT ( $, .STERADIAN. ) SOLID_ANGLE_UNIT ( ) );
#2126 = PRODUCT_CONTEXT ( 'NONE', #2682, 'mechanical' ) ;
#2127 = ORIENTED_EDGE ( 'NONE', *, *, #3265, .T. ) ;
#2128 =( CONVERSION_BASED_UNIT ( 'INCH', #1030 ) LENGTH_UNIT ( ) NAMED_UNIT ( #509 ) );
#2129 = DIRECTION ( 'NONE',  ( -1.000000000000000000, 0.000000000000000000, -0.000000000000000000 ) ) ;
#2130 = EDGE_CURVE ( 'NONE', #2018, #1274, #2217, .T. ) ;
#2131 = ADVANCED_FACE ( 'NONE', ( #2252 ), #1963, .F. ) ;
#2132 =( CONVERSION_BASED_UNIT ( 'INCH', #2346 ) LENGTH_UNIT ( ) NAMED_UNIT ( #1847 ) );
#2133 = ORIENTED_EDGE ( 'NONE', *, *, #1815, .T. ) ;
#2134 = CARTESIAN_POINT ( 'NONE',  ( 0.01771653543307086937, 0.000000000000000000, -0.02204724409448818867 ) ) ;
#2135 = DIRECTION ( 'NONE',  ( -1.175494350822290108E-32, -0.000000000000000000, 1.000000000000000000 ) ) ;
#2136 = ORIENTED_EDGE ( 'NONE', *, *, #1487, .F. ) ;
#2137 = CARTESIAN_POINT ( 'NONE',  ( 0.01771653543307086937, 0.01476377952755905665, -0.02204724409448818867 ) ) ;
#2138 = CARTESIAN_POINT ( 'NONE',  ( -0.01771653543307086937, -0.03051181102362205202, -0.02283464566929133827 ) ) ;
#2139 =( GEOMETRIC_REPRESENTATION_CONTEXT ( 3 ) GLOBAL_UNCERTAINTY_ASSIGNED_CONTEXT ( ( #3360 ) ) GLOBAL_UNIT_ASSIGNED_CONTEXT ( ( #293, #2947, #2910 ) ) REPRESENTATION_CONTEXT ( 'NONE', 'WORKASPACE' ) );
#2140 = ORIENTED_EDGE ( 'NONE', *, *, #2725, .F. ) ;
#2141 = SURFACE_STYLE_USAGE ( .BOTH. , #1389 ) ;
#2142 = DIMENSIONAL_EXPONENTS ( 1.000000000000000000, 0.000000000000000000, 0.000000000000000000, 0.000000000000000000, 0.000000000000000000, 0.000000000000000000, 0.000000000000000000 ) ;
#2143 = DIRECTION ( 'NONE',  ( -1.000000000000000000, 0.000000000000000000, -0.000000000000000000 ) ) ;
#2144 = VECTOR ( 'NONE', #563, 39.37007874015748143 ) ;
#2145 = SHAPE_DEFINITION_REPRESENTATION ( #1210, #230 ) ;
#2146 = CARTESIAN_POINT ( 'NONE',  ( 0.03641732283464567399, 0.03248031496062991907, -0.02362204724409448786 ) ) ;
#2147 = ORIENTED_EDGE ( 'NONE', *, *, #134, .T. ) ;
#2148 = SURFACE_SIDE_STYLE ('',( #2444 ) ) ;
#2149 = PLANE ( 'NONE',  #1951 ) ;
#2150 = EDGE_CURVE ( 'NONE', #507, #3274, #1714, .T. ) ;
#2151 = AXIS2_PLACEMENT_3D ( 'NONE', #2889, #1651, #512 ) ;
#2152 = CARTESIAN_POINT ( 'NONE',  ( 0.02755905511811023584, 0.000000000000000000, -0.02322834645669292000 ) ) ;
#2153 = ORIENTED_EDGE ( 'NONE', *, *, #3267, .F. ) ;
#2154 = LINE ( 'NONE', #3189, #225 ) ;
#2155 = PRESENTATION_LAYER_ASSIGNMENT (  '', '', ( #1370 ) ) ;
#2156 = UNCERTAINTY_MEASURE_WITH_UNIT (LENGTH_MEASURE( 1.000000000000000082E-05 ), #1922, 'distance_accuracy_value', 'NONE');
#2157 = PLANE ( 'NONE',  #123 ) ;
#2158 = ORIENTED_EDGE ( 'NONE', *, *, #261, .F. ) ;
#2159 = DIRECTION ( 'NONE',  ( 0.000000000000000000, -1.306104834246979868E-31, -1.000000000000000000 ) ) ;
#2160 = CARTESIAN_POINT ( 'NONE',  ( 0.01574803149606299191, -0.01279527559055118266, -0.02283464566929133827 ) ) ;
#2161 = STYLED_ITEM ( 'NONE', ( #1760 ), #409 ) ;
#2162 = DIRECTION ( 'NONE',  ( 1.000000000000000000, 0.000000000000000000, 0.000000000000000000 ) ) ;
#2163 = ORIENTED_EDGE ( 'NONE', *, *, #867, .T. ) ;
#2164 = EDGE_CURVE ( 'NONE', #2254, #1414, #140, .T. ) ;
#2165 = EDGE_CURVE ( 'NONE', #2044, #3375, #323, .T. ) ;
#2166 = SURFACE_SIDE_STYLE ('',( #1091 ) ) ;
#2167 = SURFACE_STYLE_USAGE ( .BOTH. , #590 ) ;
#2168 = ORIENTED_EDGE ( 'NONE', *, *, #3282, .T. ) ;
#2169 = CARTESIAN_POINT ( 'NONE',  ( -0.01574803149606299191, -0.01279527559055118266, -0.02283464566929133827 ) ) ;
#2170 = DIMENSIONAL_EXPONENTS ( 1.000000000000000000, 0.000000000000000000, 0.000000000000000000, 0.000000000000000000, 0.000000000000000000, 0.000000000000000000, 0.000000000000000000 ) ;
#2171 = EDGE_CURVE ( 'NONE', #3370, #16, #580, .T. ) ;
#2172 = LENGTH_MEASURE_WITH_UNIT ( LENGTH_MEASURE( 0.02539999999999999897 ), #2986 );
#2173 = EDGE_LOOP ( 'NONE', ( #155, #3201, #2500, #1372 ) ) ;
#2174 = CARTESIAN_POINT ( 'NONE',  ( 0.000000000000000000, 0.03051181102362205202, -0.02204724409448818867 ) ) ;
#2175 = DIRECTION ( 'NONE',  ( -0.000000000000000000, 1.000000000000000000, 0.000000000000000000 ) ) ;
#2176 = CARTESIAN_POINT ( 'NONE',  ( 0.03641732283464567399, 0.01279527559055118092, -0.01574803149606299191 ) ) ;
#2177 = VERTEX_POINT ( 'NONE', #3011 ) ;
#2178 = LINE ( 'NONE', #2417, #1169 ) ;
#2179 = CARTESIAN_POINT ( 'NONE',  ( 0.007874015748031495954, 0.01476377952755905665, -0.02204724409448818867 ) ) ;
#2180 = COLOUR_RGB ( '',0.6313725490196078205, 0.6588235294117646967, 0.6784313725490196401 ) ;
#2181 = EDGE_CURVE ( 'NONE', #1414, #3, #1385, .T. ) ;
#2182 = SURFACE_STYLE_FILL_AREA ( #1105 ) ;
#2183 = ORIENTED_EDGE ( 'NONE', *, *, #311, .T. ) ;
#2184 = VECTOR ( 'NONE', #1650, 39.37007874015748143 ) ;
#2185 = DIRECTION ( 'NONE',  ( 1.000000000000000000, 0.000000000000000000, 0.000000000000000000 ) ) ;
#2186 = CARTESIAN_POINT ( 'NONE',  ( 0.000000000000000000, 0.03248031496062991907, 0.000000000000000000 ) ) ;
#2187 = CARTESIAN_POINT ( 'NONE',  ( 0.01574803149606299191, 0.01279527559055118266, -0.02283464566929133827 ) ) ;
#2188 = VECTOR ( 'NONE', #2773, 39.37007874015748143 ) ;
#2189 = DIRECTION ( 'NONE',  ( -0.000000000000000000, -1.000000000000000000, -0.000000000000000000 ) ) ;
#2190 =( NAMED_UNIT ( * ) PLANE_ANGLE_UNIT ( ) SI_UNIT ( $, .RADIAN. ) );
#2191 = ORIENTED_EDGE ( 'NONE', *, *, #1245, .T. ) ;
#2192 = EDGE_CURVE ( 'NONE', #463, #939, #2719, .T. ) ;
#2193 = DIRECTION ( 'NONE',  ( 1.000000000000000000, 0.000000000000000000, -0.000000000000000000 ) ) ;
#2194 = CARTESIAN_POINT ( 'NONE',  ( -0.02362204724409448786, 0.01279527559055118266, -0.02322834645669292000 ) ) ;
#2195 = DIRECTION ( 'NONE',  ( 2.489206111144459721E-48, 1.000000000000000000, 4.571949565129095434E-80 ) ) ;
#2196 = ORIENTED_EDGE ( 'NONE', *, *, #2022, .T. ) ;
#2197 = CARTESIAN_POINT ( 'NONE',  ( -0.03641732283464567399, 0.03248031496062991907, -0.02204724409448818867 ) ) ;
#2198 = SURFACE_STYLE_FILL_AREA ( #2467 ) ;
#2199 = VECTOR ( 'NONE', #2334, 39.37007874015748143 ) ;
#2200 = FACE_OUTER_BOUND ( 'NONE', #798, .T. ) ;
#2201 = ORIENTED_EDGE ( 'NONE', *, *, #239, .F. ) ;
#2202 = CARTESIAN_POINT ( 'NONE',  ( -0.01574803149606299191, -0.03248031496062991907, -0.02362204724409448786 ) ) ;
#2203 = CARTESIAN_POINT ( 'NONE',  ( -0.007874015748031495954, -0.03051181102362205202, -0.02322834645669292000 ) ) ;
#2204 = LINE ( 'NONE', #1148, #2766 ) ;
#2205 = ORIENTED_EDGE ( 'NONE', *, *, #1738, .F. ) ;
#2206 = CARTESIAN_POINT ( 'NONE',  ( 0.000000000000000000, -0.03149606299212598381, -0.02283464566929133827 ) ) ;
#2207 = DIRECTION ( 'NONE',  ( -0.000000000000000000, -0.000000000000000000, -1.000000000000000000 ) ) ;
#2208 = ADVANCED_FACE ( 'NONE', ( #635 ), #341, .F. ) ;
#2209 = AXIS2_PLACEMENT_3D ( 'NONE', #696, #1445, #2278 ) ;
#2210 =( GEOMETRIC_REPRESENTATION_CONTEXT ( 3 ) GLOBAL_UNCERTAINTY_ASSIGNED_CONTEXT ( ( #2496 ) ) GLOBAL_UNIT_ASSIGNED_CONTEXT ( ( #238, #2067, #3112 ) ) REPRESENTATION_CONTEXT ( 'NONE', 'WORKASPACE' ) );
#2211 = ORIENTED_EDGE ( 'NONE', *, *, #761, .F. ) ;
#2212 = CARTESIAN_POINT ( 'NONE',  ( -0.01181102362204098331, 0.002106462476690000325, -0.02283464566929133827 ) ) ;
#2213 = VECTOR ( 'NONE', #1399, 39.37007874015748143 ) ;
#2214 = CARTESIAN_POINT ( 'NONE',  ( 0.007874015748031495954, -0.01476377952755905665, -0.02283464566929133827 ) ) ;
#2215 = VECTOR ( 'NONE', #345, 39.37007874015748143 ) ;
#2216 = ORIENTED_EDGE ( 'NONE', *, *, #2372, .T. ) ;
#2217 = LINE ( 'NONE', #72, #2184 ) ;
#2218 = EDGE_CURVE ( 'NONE', #2609, #3080, #618, .T. ) ;
#2219 =( LENGTH_UNIT ( ) NAMED_UNIT ( * ) SI_UNIT ( $, .METRE. ) );
#2220 = VERTEX_POINT ( 'NONE', #2770 ) ;
#2221 = COLOUR_RGB ( '',0.6313725490196078205, 0.6588235294117646967, 0.6784313725490196401 ) ;
#2222 = EDGE_CURVE ( 'NONE', #2737, #3370, #2754, .T. ) ;
#2223 = DIRECTION ( 'NONE',  ( 1.000000000000000000, 0.000000000000000000, -0.000000000000000000 ) ) ;
#2224 = VERTEX_POINT ( 'NONE', #3255 ) ;
#2225 = DIRECTION ( 'NONE',  ( 1.000000000000000000, 0.000000000000000000, 0.000000000000000000 ) ) ;
#2226 = LINE ( 'NONE', #96, #151 ) ;
#2227 = ORIENTED_EDGE ( 'NONE', *, *, #2957, .T. ) ;
#2228 = CARTESIAN_POINT ( 'NONE',  ( 0.01574803149606299191, -0.01279527559055118266, -0.02362204724409448786 ) ) ;
#2229 = FACE_OUTER_BOUND ( 'NONE', #3155, .T. ) ;
#2230 =( GEOMETRIC_REPRESENTATION_CONTEXT ( 3 ) GLOBAL_UNCERTAINTY_ASSIGNED_CONTEXT ( ( #749 ) ) GLOBAL_UNIT_ASSIGNED_CONTEXT ( ( #1899, #1843, #2640 ) ) REPRESENTATION_CONTEXT ( 'NONE', 'WORKASPACE' ) );
#2231 = CARTESIAN_POINT ( 'NONE',  ( -0.02755905511811023584, 0.01476377952755905665, -0.02322834645669292000 ) ) ;
#2232 = ORIENTED_EDGE ( 'NONE', *, *, #744, .T. ) ;
#2233 = DIRECTION ( 'NONE',  ( -1.314184451497579533E-16, 1.000000000000000000, 0.000000000000000000 ) ) ;
#2234 = EDGE_LOOP ( 'NONE', ( #3209, #1549, #2287, #2205 ) ) ;
#2235 =( LENGTH_UNIT ( ) NAMED_UNIT ( * ) SI_UNIT ( $, .METRE. ) );
#2236 = AXIS2_PLACEMENT_3D ( 'NONE', #385, #1499, #982 ) ;
#2237 =( GEOMETRIC_REPRESENTATION_CONTEXT ( 3 ) GLOBAL_UNCERTAINTY_ASSIGNED_CONTEXT ( ( #2317 ) ) GLOBAL_UNIT_ASSIGNED_CONTEXT ( ( #2431, #34, #2628 ) ) REPRESENTATION_CONTEXT ( 'NONE', 'WORKASPACE' ) );
#2238 = DIRECTION ( 'NONE',  ( -1.000000000000000000, -0.000000000000000000, 0.000000000000000000 ) ) ;
#2239 = MECHANICAL_DESIGN_GEOMETRIC_PRESENTATION_REPRESENTATION (  '', ( #3359 ), #1894 ) ;
#2240 = CARTESIAN_POINT ( 'NONE',  ( -0.01968503937007425389, -0.001830545397304263969, -0.02362204724409448786 ) ) ;
#2241 = ORIENTED_EDGE ( 'NONE', *, *, #2286, .F. ) ;
#2242 = MECHANICAL_DESIGN_GEOMETRIC_PRESENTATION_REPRESENTATION (  '', ( #449 ), #1784 ) ;
#2243 =( NAMED_UNIT ( * ) PLANE_ANGLE_UNIT ( ) SI_UNIT ( $, .RADIAN. ) );
#2244 = DIRECTION ( 'NONE',  ( -1.175494350822290108E-32, -0.000000000000000000, 1.000000000000000000 ) ) ;
#2245 = ORIENTED_EDGE ( 'NONE', *, *, #1994, .F. ) ;
#2246 = EDGE_CURVE ( 'NONE', #313, #1097, #3242, .T. ) ;
#2247 = CARTESIAN_POINT ( 'NONE',  ( -0.01574803149606299191, 0.03149606299212598381, -0.02283464566929133827 ) ) ;
#2248 = EDGE_CURVE ( 'NONE', #112, #1878, #2501, .T. ) ;
#2249 =( NAMED_UNIT ( * ) PLANE_ANGLE_UNIT ( ) SI_UNIT ( $, .RADIAN. ) );
#2250 = FILL_AREA_STYLE_COLOUR ( '', #1954 ) ;
#2251 = VERTEX_POINT ( 'NONE', #2976 ) ;
#2252 = FACE_OUTER_BOUND ( 'NONE', #1643, .T. ) ;
#2253 =( NAMED_UNIT ( * ) PLANE_ANGLE_UNIT ( ) SI_UNIT ( $, .RADIAN. ) );
#2254 = VERTEX_POINT ( 'NONE', #2519 ) ;
#2255 =( NAMED_UNIT ( * ) SI_UNIT ( $, .STERADIAN. ) SOLID_ANGLE_UNIT ( ) );
#2256 = SURFACE_STYLE_FILL_AREA ( #127 ) ;
#2257 = DIRECTION ( 'NONE',  ( -0.000000000000000000, 0.000000000000000000, 1.000000000000000000 ) ) ;
#2258 = EDGE_LOOP ( 'NONE', ( #835, #1481, #3334, #2030 ) ) ;
#2259 = LINE ( 'NONE', #2780, #3384 ) ;
#2260 = MECHANICAL_DESIGN_GEOMETRIC_PRESENTATION_REPRESENTATION (  '', ( #299 ), #2139 ) ;
#2261 = CARTESIAN_POINT ( 'NONE',  ( 0.000000000000000000, 0.01476377952755905665, -0.02204724409448818867 ) ) ;
#2262 = DIRECTION ( 'NONE',  ( 0.000000000000000000, 0.000000000000000000, 1.000000000000000000 ) ) ;
#2263 = CARTESIAN_POINT ( 'NONE',  ( 0.02362204724409984122, 0.002106462476690000325, -0.02283464566929133827 ) ) ;
#2264 = VECTOR ( 'NONE', #2557, 39.37007874015748143 ) ;
#2265 = LINE ( 'NONE', #1455, #2694 ) ;
#2266 = EDGE_LOOP ( 'NONE', ( #920, #675, #3188, #2529 ) ) ;
#2267 = CARTESIAN_POINT ( 'NONE',  ( -0.009842519685039369942, 0.01279527559055118266, -0.02283464566929133827 ) ) ;
#2268 = SURFACE_STYLE_FILL_AREA ( #2520 ) ;
#2269 = VECTOR ( 'NONE', #2244, 39.37007874015748143 ) ;
#2270 = FILL_AREA_STYLE_COLOUR ( '', #1341 ) ;
#2271 = ORIENTED_EDGE ( 'NONE', *, *, #2917, .T. ) ;
#2272 = CARTESIAN_POINT ( 'NONE',  ( -0.01574803149606299191, 0.000000000000000000, -0.02362204724409448786 ) ) ;
#2273 = FACE_BOUND ( 'NONE', #2982, .T. ) ;
#2274 = EDGE_CURVE ( 'NONE', #1400, #939, #653, .T. ) ;
#2275 = FACE_OUTER_BOUND ( 'NONE', #3084, .T. ) ;
#2276 = EDGE_CURVE ( 'NONE', #1414, #2822, #597, .T. ) ;
#2277 = ORIENTED_EDGE ( 'NONE', *, *, #1408, .T. ) ;
#2278 = DIRECTION ( 'NONE',  ( -1.084202172485499873E-16, -1.000000000000000000, 0.000000000000000000 ) ) ;
#2279 = CARTESIAN_POINT ( 'NONE',  ( -0.009842519685039369942, -0.03248031496062991907, -0.02362204724409448786 ) ) ;
#2280 = DIRECTION ( 'NONE',  ( -1.000000000000000000, 0.000000000000000000, 0.000000000000000000 ) ) ;
#2281 = DIRECTION ( 'NONE',  ( -0.000000000000000000, 0.000000000000000000, -1.000000000000000000 ) ) ;
#2282 = ORIENTED_EDGE ( 'NONE', *, *, #150, .F. ) ;
#2283 =( CONVERSION_BASED_UNIT ( 'INCH', #671 ) LENGTH_UNIT ( ) NAMED_UNIT ( #2922 ) );
#2284 = STYLED_ITEM ( 'NONE', ( #3083 ), #636 ) ;
#2285 = VERTEX_POINT ( 'NONE', #1405 ) ;
#2286 = EDGE_CURVE ( 'NONE', #1242, #995, #3028, .T. ) ;
#2287 = ORIENTED_EDGE ( 'NONE', *, *, #856, .T. ) ;
#2288 = VECTOR ( 'NONE', #2193, 39.37007874015748143 ) ;
#2289 = PLANE ( 'NONE',  #3281 ) ;
#2290 = VECTOR ( 'NONE', #712, 39.37007874015748143 ) ;
#2291 = AXIS2_PLACEMENT_3D ( 'NONE', #370, #2716, #2480 ) ;
#2292 = VECTOR ( 'NONE', #2564, 39.37007874015748143 ) ;
#2293 = DIRECTION ( 'NONE',  ( 0.000000000000000000, -0.000000000000000000, -1.000000000000000000 ) ) ;
#2294 =( NAMED_UNIT ( * ) PLANE_ANGLE_UNIT ( ) SI_UNIT ( $, .RADIAN. ) );
#2295 = VECTOR ( 'NONE', #2706, 39.37007874015748143 ) ;
#2296 = CARTESIAN_POINT ( 'NONE',  ( -0.03641732283464567399, 0.03248031496062991907, -0.02204724409448818867 ) ) ;
#2297 = ORIENTED_EDGE ( 'NONE', *, *, #3307, .T. ) ;
#2298 = DIRECTION ( 'NONE',  ( 0.000000000000000000, -1.066208027956720005E-32, -1.000000000000000000 ) ) ;
#2299 = MECHANICAL_DESIGN_GEOMETRIC_PRESENTATION_REPRESENTATION (  '', ( #1115 ), #2890 ) ;
#2300 = DIRECTION ( 'NONE',  ( 0.000000000000000000, 0.000000000000000000, 1.000000000000000000 ) ) ;
#2301 = ORIENTED_EDGE ( 'NONE', *, *, #1515, .T. ) ;
#2302 = CARTESIAN_POINT ( 'NONE',  ( 0.007874015748031495954, -0.01476377952755905665, -0.02204724409448818867 ) ) ;
#2303 = LINE ( 'NONE', #1564, #1910 ) ;
#2304 = CARTESIAN_POINT ( 'NONE',  ( 0.000000000000000000, 0.03051181102362205202, -0.02322834645669292000 ) ) ;
#2305 = ORIENTED_EDGE ( 'NONE', *, *, #2286, .T. ) ;
#2306 = DIRECTION ( 'NONE',  ( -0.000000000000000000, 1.000000000000000000, 0.000000000000000000 ) ) ;
#2307 = DIRECTION ( 'NONE',  ( 0.000000000000000000, -1.000000000000000000, 0.000000000000000000 ) ) ;
#2308 = DIRECTION ( 'NONE',  ( 0.000000000000000000, 0.000000000000000000, 1.000000000000000000 ) ) ;
#2309 = DIRECTION ( 'NONE',  ( 0.000000000000000000, 0.000000000000000000, 1.000000000000000000 ) ) ;
#2310 =( CONVERSION_BASED_UNIT ( 'INCH', #702 ) LENGTH_UNIT ( ) NAMED_UNIT ( #1580 ) );
#2311 = VERTEX_POINT ( 'NONE', #2267 ) ;
#2312 = DIRECTION ( 'NONE',  ( 1.000000000000000000, 0.000000000000000000, -0.000000000000000000 ) ) ;
#2313 = COLOUR_RGB ( '',0.6313725490196078205, 0.6588235294117646967, 0.6784313725490196401 ) ;
#2314 = DIRECTION ( 'NONE',  ( 1.000000000000000000, 0.000000000000000000, -0.000000000000000000 ) ) ;
#2315 = EDGE_LOOP ( 'NONE', ( #1803, #764, #648, #2651 ) ) ;
#2316 = CARTESIAN_POINT ( 'NONE',  ( 0.03641732283464567399, -0.01279527559055118092, -0.02204724409448818867 ) ) ;
#2317 = UNCERTAINTY_MEASURE_WITH_UNIT (LENGTH_MEASURE( 1.000000000000000082E-05 ), #2431, 'distance_accuracy_value', 'NONE');
#2318 = LINE ( 'NONE', #729, #660 ) ;
#2319 = VERTEX_POINT ( 'NONE', #2466 ) ;
#2320 = FILL_AREA_STYLE_COLOUR ( '', #1641 ) ;
#2321 =( GEOMETRIC_REPRESENTATION_CONTEXT ( 3 ) GLOBAL_UNCERTAINTY_ASSIGNED_CONTEXT ( ( #1066 ) ) GLOBAL_UNIT_ASSIGNED_CONTEXT ( ( #1125, #678, #1966 ) ) REPRESENTATION_CONTEXT ( 'NONE', 'WORKASPACE' ) );
#2322 = SURFACE_SIDE_STYLE ('',( #2020 ) ) ;
#2323 = EDGE_CURVE ( 'NONE', #3391, #1909, #356, .T. ) ;
#2324 = UNCERTAINTY_MEASURE_WITH_UNIT (LENGTH_MEASURE( 1.000000000000000082E-05 ), #1383, 'distance_accuracy_value', 'NONE');
#2325 = CARTESIAN_POINT ( 'NONE',  ( 0.000000000000000000, -0.03051181102362205202, -0.02322834645669292000 ) ) ;
#2326 = COLOUR_RGB ( '',0.6313725490196078205, 0.6588235294117646967, 0.6784313725490196401 ) ;
#2327 = PLANE ( 'NONE',  #122 ) ;
#2328 =( NAMED_UNIT ( * ) SI_UNIT ( $, .STERADIAN. ) SOLID_ANGLE_UNIT ( ) );
#2329 = ORIENTED_EDGE ( 'NONE', *, *, #1793, .F. ) ;
#2330 = PRESENTATION_STYLE_ASSIGNMENT (( #2593 ) ) ;
#2331 = DIRECTION ( 'NONE',  ( -1.000000000000000000, -1.314184451497579533E-16, 0.000000000000000000 ) ) ;
#2332 = ORIENTED_EDGE ( 'NONE', *, *, #2988, .F. ) ;
#2333 = LINE ( 'NONE', #1264, #334 ) ;
#2334 = DIRECTION ( 'NONE',  ( -1.000000000000000000, -0.000000000000000000, 0.000000000000000000 ) ) ;
#2335 = VECTOR ( 'NONE', #2257, 39.37007874015748143 ) ;
#2336 = DIRECTION ( 'NONE',  ( 0.000000000000000000, 0.000000000000000000, 1.000000000000000000 ) ) ;
#2337 = ORIENTED_EDGE ( 'NONE', *, *, #1203, .T. ) ;
#2338 = EDGE_CURVE ( 'NONE', #414, #115, #1192, .T. ) ;
#2339 = VERTEX_POINT ( 'NONE', #2853 ) ;
#2340 = LINE ( 'NONE', #1584, #1446 ) ;
#2341 = CARTESIAN_POINT ( 'NONE',  ( 0.000000000000000000, -0.01279527559055118266, -0.02362204724409448786 ) ) ;
#2342 = VECTOR ( 'NONE', #1939, 39.37007874015748143 ) ;
#2343 = EDGE_CURVE ( 'NONE', #1989, #1048, #2549, .T. ) ;
#2344 = AXIS2_PLACEMENT_3D ( 'NONE', #2120, #543, #237 ) ;
#2345 = EDGE_CURVE ( 'NONE', #2224, #1694, #2061, .T. ) ;
#2346 = LENGTH_MEASURE_WITH_UNIT ( LENGTH_MEASURE( 0.02539999999999999897 ), #1538 );
#2347 = ORIENTED_EDGE ( 'NONE', *, *, #1742, .T. ) ;
#2348 = VECTOR ( 'NONE', #2905, 39.37007874015748143 ) ;
#2349 = SURFACE_STYLE_USAGE ( .BOTH. , #3347 ) ;
#2350 = ORIENTED_EDGE ( 'NONE', *, *, #3068, .T. ) ;
#2351 =( NAMED_UNIT ( * ) SI_UNIT ( $, .STERADIAN. ) SOLID_ANGLE_UNIT ( ) );
#2352 = DIRECTION ( 'NONE',  ( 0.000000000000000000, -1.000000000000000000, 0.000000000000000000 ) ) ;
#2353 = ORIENTED_EDGE ( 'NONE', *, *, #2276, .T. ) ;
#2354 = SURFACE_STYLE_USAGE ( .BOTH. , #1325 ) ;
#2355 = DIRECTION ( 'NONE',  ( 1.000000000000000000, 0.000000000000000000, 0.000000000000000000 ) ) ;
#2356 = CARTESIAN_POINT ( 'NONE',  ( 0.01771653543307086937, 0.03051181102362205202, -0.02322834645669292000 ) ) ;
#2357 = CARTESIAN_POINT ( 'NONE',  ( 0.02362204724409984122, 0.002106462476690000325, -0.02362204724409448786 ) ) ;
#2358 = EDGE_CURVE ( 'NONE', #3274, #995, #1767, .T. ) ;
#2359 = DIRECTION ( 'NONE',  ( -0.000000000000000000, 1.000000000000000000, 0.000000000000000000 ) ) ;
#2360 = ORIENTED_EDGE ( 'NONE', *, *, #3330, .F. ) ;
#2361 = LINE ( 'NONE', #3122, #1215 ) ;
#2362 = EDGE_CURVE ( 'NONE', #400, #1293, #406, .T. ) ;
#2363 = DIMENSIONAL_EXPONENTS ( 1.000000000000000000, 0.000000000000000000, 0.000000000000000000, 0.000000000000000000, 0.000000000000000000, 0.000000000000000000, 0.000000000000000000 ) ;
#2364 =( LENGTH_UNIT ( ) NAMED_UNIT ( * ) SI_UNIT ( $, .METRE. ) );
#2365 = ORIENTED_EDGE ( 'NONE', *, *, #2835, .F. ) ;
#2366 = CARTESIAN_POINT ( 'NONE',  ( -0.009842519685039369942, 0.03248031496062991907, -0.01574803149606299191 ) ) ;
#2367 =( LENGTH_UNIT ( ) NAMED_UNIT ( * ) SI_UNIT ( $, .METRE. ) );
#2368 = ORIENTED_EDGE ( 'NONE', *, *, #1711, .F. ) ;
#2369 = ORIENTED_EDGE ( 'NONE', *, *, #1841, .F. ) ;
#2370 =( NAMED_UNIT ( * ) PLANE_ANGLE_UNIT ( ) SI_UNIT ( $, .RADIAN. ) );
#2371 = MECHANICAL_DESIGN_GEOMETRIC_PRESENTATION_REPRESENTATION (  '', ( #3234 ), #2088 ) ;
#2372 = EDGE_CURVE ( 'NONE', #1873, #1886, #3042, .T. ) ;
#2373 = EDGE_CURVE ( 'NONE', #463, #3274, #2028, .T. ) ;
#2374 = COLOUR_RGB ( '',0.6313725490196078205, 0.6588235294117646967, 0.6784313725490196401 ) ;
#2375 = LENGTH_MEASURE_WITH_UNIT ( LENGTH_MEASURE( 0.02539999999999999897 ), #1655 );
#2376 = CARTESIAN_POINT ( 'NONE',  ( -0.007874015748031495954, -1.067128122525102435E-18, -0.02204724409448818867 ) ) ;
#2377 = DIRECTION ( 'NONE',  ( 1.000000000000000000, 0.000000000000000000, -0.000000000000000000 ) ) ;
#2378 = PLANE ( 'NONE',  #2802 ) ;
#2379 = VERTEX_POINT ( 'NONE', #474 ) ;
#2380 = FACE_OUTER_BOUND ( 'NONE', #897, .T. ) ;
#2381 = VECTOR ( 'NONE', #860, 39.37007874015748143 ) ;
#2382 = DIRECTION ( 'NONE',  ( 0.000000000000000000, -1.000000000000000000, 0.000000000000000000 ) ) ;
#2383 = ORIENTED_EDGE ( 'NONE', *, *, #2493, .T. ) ;
#2384 = LINE ( 'NONE', #1595, #2507 ) ;
#2385 = CARTESIAN_POINT ( 'NONE',  ( 0.01771653543307086937, 0.03051181102362205202, -0.02283464566929133827 ) ) ;
#2386 = VERTEX_POINT ( 'NONE', #2563 ) ;
#2387 = ADVANCED_FACE ( 'NONE', ( #960 ), #987, .T. ) ;
#2388 = LINE ( 'NONE', #1653, #1932 ) ;
#2389 = DIMENSIONAL_EXPONENTS ( 1.000000000000000000, 0.000000000000000000, 0.000000000000000000, 0.000000000000000000, 0.000000000000000000, 0.000000000000000000, 0.000000000000000000 ) ;
#2390 = EDGE_CURVE ( 'NONE', #2492, #3061, #1799, .T. ) ;
#2391 = CARTESIAN_POINT ( 'NONE',  ( 0.009842519685039369942, -0.01279527559055118266, -0.02283464566929133827 ) ) ;
#2392 = VECTOR ( 'NONE', #2758, 39.37007874015748143 ) ;
#2393 = DIRECTION ( 'NONE',  ( 1.000000000000000000, 0.000000000000000000, -0.000000000000000000 ) ) ;
#2394 =( NAMED_UNIT ( * ) PLANE_ANGLE_UNIT ( ) SI_UNIT ( $, .RADIAN. ) );
#2395 = CARTESIAN_POINT ( 'NONE',  ( 0.01574803149606299191, 0.000000000000000000, -0.02204724409448818867 ) ) ;
#2396 = ORIENTED_EDGE ( 'NONE', *, *, #605, .T. ) ;
#2397 = VECTOR ( 'NONE', #537, 39.37007874015748143 ) ;
#2398 = VECTOR ( 'NONE', #1732, 39.37007874015748143 ) ;
#2399 = VECTOR ( 'NONE', #944, 39.37007874015748143 ) ;
#2400 = VECTOR ( 'NONE', #825, 39.37007874015748143 ) ;
#2401 =( GEOMETRIC_REPRESENTATION_CONTEXT ( 3 ) GLOBAL_UNCERTAINTY_ASSIGNED_CONTEXT ( ( #2324 ) ) GLOBAL_UNIT_ASSIGNED_CONTEXT ( ( #1383, #2993, #2752 ) ) REPRESENTATION_CONTEXT ( 'NONE', 'WORKASPACE' ) );
#2402 = CARTESIAN_POINT ( 'NONE',  ( 0.01574803149606299191, -0.01279527559055118266, -0.02362204724409448786 ) ) ;
#2403 = ORIENTED_EDGE ( 'NONE', *, *, #2246, .T. ) ;
#2404 = LINE ( 'NONE', #813, #3257 ) ;
#2405 = AXIS2_PLACEMENT_3D ( 'NONE', #2650, #3162, #2942 ) ;
#2406 = LINE ( 'NONE', #1856, #1678 ) ;
#2407 = ORIENTED_EDGE ( 'NONE', *, *, #2441, .F. ) ;
#2408 = FACE_OUTER_BOUND ( 'NONE', #3099, .T. ) ;
#2409 = DIRECTION ( 'NONE',  ( 0.000000000000000000, 0.000000000000000000, 1.000000000000000000 ) ) ;
#2410 = FACE_OUTER_BOUND ( 'NONE', #378, .T. ) ;
#2411 = PLANE ( 'NONE',  #2423 ) ;
#2412 = LINE ( 'NONE', #2152, #1426 ) ;
#2413 = ORIENTED_EDGE ( 'NONE', *, *, #525, .T. ) ;
#2414 = ADVANCED_FACE ( 'NONE', ( #203 ), #1472, .F. ) ;
#2415 = EDGE_CURVE ( 'NONE', #2933, #774, #2819, .T. ) ;
#2416 = EDGE_LOOP ( 'NONE', ( #917, #64, #2297, #395 ) ) ;
#2417 = CARTESIAN_POINT ( 'NONE',  ( 0.01574803149606299191, 0.01279527559055118266, -0.02283464566929133827 ) ) ;
#2418 = FACE_OUTER_BOUND ( 'NONE', #1686, .T. ) ;
#2419 = VECTOR ( 'NONE', #2042, 39.37007874015748143 ) ;
#2420 = LINE ( 'NONE', #1615, #2782 ) ;
#2421 = ORIENTED_EDGE ( 'NONE', *, *, #1846, .F. ) ;
#2422 = FACE_OUTER_BOUND ( 'NONE', #391, .T. ) ;
#2423 = AXIS2_PLACEMENT_3D ( 'NONE', #2428, #1916, #627 ) ;
#2424 = LINE ( 'NONE', #2146, #383 ) ;
#2425 = ORIENTED_EDGE ( 'NONE', *, *, #1307, .T. ) ;
#2426 = DIRECTION ( 'NONE',  ( 0.000000000000000000, 1.000000000000000000, 0.000000000000000000 ) ) ;
#2427 = PRESENTATION_LAYER_ASSIGNMENT (  '', '', ( #307 ) ) ;
#2428 = CARTESIAN_POINT ( 'NONE',  ( 0.000000000000000000, 0.000000000000000000, -0.02322834645669292000 ) ) ;
#2429 = DIMENSIONAL_EXPONENTS ( 1.000000000000000000, 0.000000000000000000, 0.000000000000000000, 0.000000000000000000, 0.000000000000000000, 0.000000000000000000, 0.000000000000000000 ) ;
#2430 = ORIENTED_EDGE ( 'NONE', *, *, #1040, .F. ) ;
#2431 =( CONVERSION_BASED_UNIT ( 'INCH', #2645 ) LENGTH_UNIT ( ) NAMED_UNIT ( #3136 ) );
#2432 = STYLED_ITEM ( 'NONE', ( #2946 ), #3286 ) ;
#2433 =( CONVERSION_BASED_UNIT ( 'INCH', #2751 ) LENGTH_UNIT ( ) NAMED_UNIT ( #3390 ) );
#2434 = CARTESIAN_POINT ( 'NONE',  ( 0.000000000000000000, -0.03051181102362205202, -0.02283464566929133827 ) ) ;
#2435 = ORIENTED_EDGE ( 'NONE', *, *, #883, .F. ) ;
#2436 = SURFACE_SIDE_STYLE ('',( #567 ) ) ;
#2437 = DIRECTION ( 'NONE',  ( -1.000000000000000000, 0.000000000000000000, -0.000000000000000000 ) ) ;
#2438 = VERTEX_POINT ( 'NONE', #2786 ) ;
#2439 = LINE ( 'NONE', #1619, #3239 ) ;
#2440 = LINE ( 'NONE', #2457, #3288 ) ;
#2441 = EDGE_CURVE ( 'NONE', #2086, #565, #3335, .T. ) ;
#2442 = LINE ( 'NONE', #844, #713 ) ;
#2443 = ORIENTED_EDGE ( 'NONE', *, *, #2338, .F. ) ;
#2444 = SURFACE_STYLE_FILL_AREA ( #1935 ) ;
#2445 = PRESENTATION_LAYER_ASSIGNMENT (  '', '', ( #60 ) ) ;
#2446 = PRESENTATION_STYLE_ASSIGNMENT (( #1588 ) ) ;
#2447 = ORIENTED_EDGE ( 'NONE', *, *, #556, .T. ) ;
#2448 = DIRECTION ( 'NONE',  ( -0.000000000000000000, 1.000000000000000000, 0.000000000000000000 ) ) ;
#2449 = PLANE ( 'NONE',  #39 ) ;
#2450 = PLANE ( 'NONE',  #2454 ) ;
#2451 = ORIENTED_EDGE ( 'NONE', *, *, #346, .F. ) ;
#2452 = CARTESIAN_POINT ( 'NONE',  ( -0.03346456692913385433, -0.01476377952755905665, -0.02204724409448818867 ) ) ;
#2453 =( CONVERSION_BASED_UNIT ( 'INCH', #1667 ) LENGTH_UNIT ( ) NAMED_UNIT ( #1824 ) );
#2454 = AXIS2_PLACEMENT_3D ( 'NONE', #3025, #1664, #2482 ) ;
#2455 =( CONVERSION_BASED_UNIT ( 'INCH', #1929 ) LENGTH_UNIT ( ) NAMED_UNIT ( #12 ) );
#2456 = ORIENTED_EDGE ( 'NONE', *, *, #526, .F. ) ;
#2457 = CARTESIAN_POINT ( 'NONE',  ( 0.009842519685039369942, 0.000000000000000000, -0.02362204724409448786 ) ) ;
#2458 = ADVANCED_FACE ( 'NONE', ( #718 ), #1785, .T. ) ;
#2459 = CARTESIAN_POINT ( 'NONE',  ( -0.01968503937007425389, 0.007027722319191771240, -0.02362204724409448786 ) ) ;
#2460 = PRESENTATION_STYLE_ASSIGNMENT (( #1379 ) ) ;
#2461 = ORIENTED_EDGE ( 'NONE', *, *, #1905, .T. ) ;
#2462 = DIRECTION ( 'NONE',  ( 1.000000000000000000, 0.000000000000000000, -0.000000000000000000 ) ) ;
#2463 = ADVANCED_FACE ( 'NONE', ( #2916 ), #1365, .T. ) ;
#2464 = LINE ( 'NONE', #1156, #2937 ) ;
#2465 = ORIENTED_EDGE ( 'NONE', *, *, #2345, .T. ) ;
#2466 = CARTESIAN_POINT ( 'NONE',  ( -0.01574803149606299191, -0.03149606299212598381, -0.02204724409448818867 ) ) ;
#2467 = FILL_AREA_STYLE ('',( #1425 ) ) ;
#2468 = EDGE_CURVE ( 'NONE', #2737, #414, #2154, .T. ) ;
#2469 = FACE_OUTER_BOUND ( 'NONE', #1071, .T. ) ;
#2470 = ORIENTED_EDGE ( 'NONE', *, *, #682, .F. ) ;
#2471 = PRESENTATION_STYLE_ASSIGNMENT (( #3275 ) ) ;
#2472 = FILL_AREA_STYLE_COLOUR ( '', #3026 ) ;
#2473 = CARTESIAN_POINT ( 'NONE',  ( 0.000000000000000000, 0.000000000000000000, -0.02322834645669292000 ) ) ;
#2474 = ORIENTED_EDGE ( 'NONE', *, *, #312, .T. ) ;
#2475 = LINE ( 'NONE', #1151, #1140 ) ;
#2476 = ADVANCED_FACE ( 'NONE', ( #561, #2380 ), #1081, .F. ) ;
#2477 = EDGE_CURVE ( 'NONE', #730, #2339, #3172, .T. ) ;
#2478 =( NAMED_UNIT ( * ) PLANE_ANGLE_UNIT ( ) SI_UNIT ( $, .RADIAN. ) );
#2479 = ORIENTED_EDGE ( 'NONE', *, *, #826, .T. ) ;
#2480 = DIRECTION ( 'NONE',  ( 1.000000000000000000, 0.000000000000000000, -0.000000000000000000 ) ) ;
#2481 = CARTESIAN_POINT ( 'NONE',  ( 0.01771653543307086937, 0.03051181102362205202, -0.02322834645669292000 ) ) ;
#2482 = DIRECTION ( 'NONE',  ( 0.000000000000000000, 0.000000000000000000, -1.000000000000000000 ) ) ;
#2483 = AXIS2_PLACEMENT_3D ( 'NONE', #1340, #1057, #784 ) ;
#2484 = ORIENTED_EDGE ( 'NONE', *, *, #3181, .T. ) ;
#2485 = DIRECTION ( 'NONE',  ( -1.000000000000000000, -0.000000000000000000, -0.000000000000000000 ) ) ;
#2486 = AXIS2_PLACEMENT_3D ( 'NONE', #430, #1820, #1009 ) ;
#2487 = PRESENTATION_STYLE_ASSIGNMENT (( #3225 ) ) ;
#2488 = ORIENTED_EDGE ( 'NONE', *, *, #1350, .T. ) ;
#2489 = SURFACE_SIDE_STYLE ('',( #1701 ) ) ;
#2490 = LINE ( 'NONE', #327, #420 ) ;
#2491 = EDGE_CURVE ( 'NONE', #2086, #1157, #1310, .T. ) ;
#2492 = VERTEX_POINT ( 'NONE', #1323 ) ;
#2493 = EDGE_CURVE ( 'NONE', #423, #3177, #2361, .T. ) ;
#2494 =( NAMED_UNIT ( * ) SI_UNIT ( $, .STERADIAN. ) SOLID_ANGLE_UNIT ( ) );
#2495 = ORIENTED_EDGE ( 'NONE', *, *, #1550, .T. ) ;
#2496 = UNCERTAINTY_MEASURE_WITH_UNIT (LENGTH_MEASURE( 1.000000000000000082E-05 ), #238, 'distance_accuracy_value', 'NONE');
#2497 = LINE ( 'NONE', #3007, #1005 ) ;
#2498 = CARTESIAN_POINT ( 'NONE',  ( 0.000000000000000000, 0.000000000000000000, -0.02283464566929133827 ) ) ;
#2499 = CARTESIAN_POINT ( 'NONE',  ( 0.009842519685039369942, 0.03149606299212598381, -0.02283464566929133827 ) ) ;
#2500 = ORIENTED_EDGE ( 'NONE', *, *, #1846, .T. ) ;
#2501 = LINE ( 'NONE', #912, #1670 ) ;
#2502 = ADVANCED_FACE ( 'NONE', ( #1572 ), #3156, .T. ) ;
#2503 = ORIENTED_EDGE ( 'NONE', *, *, #1040, .T. ) ;
#2504 = VECTOR ( 'NONE', #2693, 39.37007874015748143 ) ;
#2505 = AXIS2_PLACEMENT_3D ( 'NONE', #2174, #1401, #2750 ) ;
#2506 = PLANE ( 'NONE',  #95 ) ;
#2507 = VECTOR ( 'NONE', #2648, 39.37007874015748143 ) ;
#2508 = VECTOR ( 'NONE', #2024, 39.37007874015748143 ) ;
#2509 = DIRECTION ( 'NONE',  ( -0.000000000000000000, 1.000000000000000000, 0.000000000000000000 ) ) ;
#2510 = ORIENTED_EDGE ( 'NONE', *, *, #1841, .T. ) ;
#2511 = CARTESIAN_POINT ( 'NONE',  ( -0.01574803149606299191, 0.03149606299212598381, -0.02362204724409448786 ) ) ;
#2512 = VECTOR ( 'NONE', #1877, 39.37007874015748143 ) ;
#2513 = CARTESIAN_POINT ( 'NONE',  ( -0.03641732283464567399, 0.03248031496062991907, -0.02204724409448818867 ) ) ;
#2514 = ORIENTED_EDGE ( 'NONE', *, *, #2812, .F. ) ;
#2515 = CARTESIAN_POINT ( 'NONE',  ( 0.02755905511811023584, -0.01476377952755905665, -0.02322834645669292000 ) ) ;
#2516 = LINE ( 'NONE', #1240, #3015 ) ;
#2517 = DIRECTION ( 'NONE',  ( 1.000000000000000000, 0.000000000000000000, 0.000000000000000000 ) ) ;
#2518 = ORIENTED_EDGE ( 'NONE', *, *, #2171, .T. ) ;
#2519 = CARTESIAN_POINT ( 'NONE',  ( -0.01771653543307086937, -0.01476377952755905665, -0.02322834645669292000 ) ) ;
#2520 = FILL_AREA_STYLE ('',( #874 ) ) ;
#2521 = EDGE_CURVE ( 'NONE', #943, #400, #2497, .T. ) ;
#2522 = EDGE_CURVE ( 'NONE', #1037, #440, #630, .T. ) ;
#2523 = DIRECTION ( 'NONE',  ( 0.000000000000000000, 0.000000000000000000, 1.000000000000000000 ) ) ;
#2524 = EDGE_LOOP ( 'NONE', ( #1840, #1456, #2282, #317 ) ) ;
#2525 = CARTESIAN_POINT ( 'NONE',  ( -0.03346456692913385433, 0.000000000000000000, -0.02322834645669292000 ) ) ;
#2526 = FILL_AREA_STYLE ('',( #948 ) ) ;
#2527 = LINE ( 'NONE', #2776, #3020 ) ;
#2528 = LINE ( 'NONE', #1703, #2392 ) ;
#2529 = ORIENTED_EDGE ( 'NONE', *, *, #2881, .F. ) ;
#2530 = PRODUCT ( 'SFH 7016', 'SFH 7016', '', ( #2126 ) ) ;
#2531 = LINE ( 'NONE', #453, #1613 ) ;
#2532 = FILL_AREA_STYLE_COLOUR ( '', #2057 ) ;
#2533 = STYLED_ITEM ( 'NONE', ( #48 ), #2845 ) ;
#2534 =( LENGTH_UNIT ( ) NAMED_UNIT ( * ) SI_UNIT ( $, .METRE. ) );
#2535 = ORIENTED_EDGE ( 'NONE', *, *, #556, .F. ) ;
#2536 = EDGE_CURVE ( 'NONE', #1571, #1708, #1908, .T. ) ;
#2537 = DIRECTION ( 'NONE',  ( -0.000000000000000000, 0.000000000000000000, -1.000000000000000000 ) ) ;
#2538 = PRESENTATION_LAYER_ASSIGNMENT (  '', '', ( #3312 ) ) ;
#2539 = FILL_AREA_STYLE_COLOUR ( '', #181 ) ;
#2540 = ORIENTED_EDGE ( 'NONE', *, *, #608, .F. ) ;
#2541 = DIRECTION ( 'NONE',  ( 1.000000000000000000, 0.000000000000000000, -0.000000000000000000 ) ) ;
#2542 = CARTESIAN_POINT ( 'NONE',  ( 0.000000000000000000, 0.01476377952755905665, -0.02283464566929133827 ) ) ;
#2543 = VERTEX_POINT ( 'NONE', #2247 ) ;
#2544 = CARTESIAN_POINT ( 'NONE',  ( 0.000000000000000000, 0.01476377952755905665, -0.02204724409448818867 ) ) ;
#2545 = PLANE ( 'NONE',  #2236 ) ;
#2546 =( NAMED_UNIT ( * ) SI_UNIT ( $, .STERADIAN. ) SOLID_ANGLE_UNIT ( ) );
#2547 = PLANE ( 'NONE',  #366 ) ;
#2548 = ORIENTED_EDGE ( 'NONE', *, *, #3282, .F. ) ;
#2549 = LINE ( 'NONE', #3074, #2398 ) ;
#2550 = MECHANICAL_DESIGN_GEOMETRIC_PRESENTATION_REPRESENTATION (  '', ( #3200 ), #437 ) ;
#2551 =( NAMED_UNIT ( * ) SI_UNIT ( $, .STERADIAN. ) SOLID_ANGLE_UNIT ( ) );
#2552 = VERTEX_POINT ( 'NONE', #3270 ) ;
#2553 = CARTESIAN_POINT ( 'NONE',  ( 0.000000000000000000, 0.03051181102362205202, -0.02283464566929133827 ) ) ;
#2554 = UNCERTAINTY_MEASURE_WITH_UNIT (LENGTH_MEASURE( 1.000000000000000082E-05 ), #2590, 'distance_accuracy_value', 'NONE');
#2555 = ORIENTED_EDGE ( 'NONE', *, *, #1132, .F. ) ;
#2556 = VECTOR ( 'NONE', #441, 39.37007874015748143 ) ;
#2557 = DIRECTION ( 'NONE',  ( 0.000000000000000000, 0.000000000000000000, 1.000000000000000000 ) ) ;
#2558 = STYLED_ITEM ( 'NONE', ( #1762 ), #2629 ) ;
#2559 = MECHANICAL_DESIGN_GEOMETRIC_PRESENTATION_REPRESENTATION (  '', ( #1221 ), #2401 ) ;
#2560 = CARTESIAN_POINT ( 'NONE',  ( 0.000000000000000000, 0.03149606299212598381, -0.02204724409448818867 ) ) ;
#2561 = SURFACE_STYLE_USAGE ( .BOTH. , #985 ) ;
#2562 = VERTEX_POINT ( 'NONE', #2734 ) ;
#2563 = CARTESIAN_POINT ( 'NONE',  ( -0.01968503937007425389, -0.001830545397304263536, -0.02362204724409448786 ) ) ;
#2564 = DIRECTION ( 'NONE',  ( -1.355252715606880049E-16, 1.000000000000000000, 0.000000000000000000 ) ) ;
#2565 = EDGE_LOOP ( 'NONE', ( #1023, #634, #2644, #1649 ) ) ;
#2566 = EDGE_CURVE ( 'NONE', #747, #3382, #1419, .T. ) ;
#2567 = FILL_AREA_STYLE_COLOUR ( '', #2683 ) ;
#2568 = CARTESIAN_POINT ( 'NONE',  ( -0.007874015748031495954, 0.03051181102362205202, -0.02322834645669292000 ) ) ;
#2569 = EDGE_LOOP ( 'NONE', ( #1384, #1089, #223, #1347, #92, #1380, #879, #2350, #2111, #540 ) ) ;
#2570 = ORIENTED_EDGE ( 'NONE', *, *, #1620, .F. ) ;
#2571 = CARTESIAN_POINT ( 'NONE',  ( -0.01771653543307086937, 0.01476377952755905665, -0.02283464566929133827 ) ) ;
#2572 = LINE ( 'NONE', #2325, #1331 ) ;
#2573 =( CONVERSION_BASED_UNIT ( 'INCH', #419 ) LENGTH_UNIT ( ) NAMED_UNIT ( #5 ) );
#2574 = CARTESIAN_POINT ( 'NONE',  ( -0.01771653543307086937, 0.000000000000000000, -0.02322834645669292000 ) ) ;
#2575 = VERTEX_POINT ( 'NONE', #921 ) ;
#2576 = DIRECTION ( 'NONE',  ( -4.720272329281329852E-47, -1.000000000000000000, 1.306104834246979868E-31 ) ) ;
#2577 = DIRECTION ( 'NONE',  ( 0.000000000000000000, 0.000000000000000000, -1.000000000000000000 ) ) ;
#2578 = VECTOR ( 'NONE', #2001, 39.37007874015748143 ) ;
#2579 = EDGE_CURVE ( 'NONE', #2742, #2612, #1135, .T. ) ;
#2580 = EDGE_LOOP ( 'NONE', ( #1616, #3223, #2555, #3338, #333, #763 ) ) ;
#2581 = CARTESIAN_POINT ( 'NONE',  ( 0.03346456692913385433, 0.01476377952755905665, -0.02283464566929133827 ) ) ;
#2582 = CARTESIAN_POINT ( 'NONE',  ( 0.000000000000000000, -0.03051181102362205202, -0.02283464566929133827 ) ) ;
#2583 =( LENGTH_UNIT ( ) NAMED_UNIT ( * ) SI_UNIT ( $, .METRE. ) );
#2584 = VERTEX_POINT ( 'NONE', #1452 ) ;
#2585 = VERTEX_POINT ( 'NONE', #2515 ) ;
#2586 = ADVANCED_FACE ( 'NONE', ( #891 ), #318, .T. ) ;
#2587 = DIRECTION ( 'NONE',  ( 1.000000000000000000, 0.000000000000000000, 0.000000000000000000 ) ) ;
#2588 = UNCERTAINTY_MEASURE_WITH_UNIT (LENGTH_MEASURE( 1.000000000000000082E-05 ), #1395, 'distance_accuracy_value', 'NONE');
#2589 = EDGE_CURVE ( 'NONE', #1873, #599, #1971, .T. ) ;
#2590 =( CONVERSION_BASED_UNIT ( 'INCH', #552 ) LENGTH_UNIT ( ) NAMED_UNIT ( #801 ) );
#2591 = CARTESIAN_POINT ( 'NONE',  ( 0.000000000000000000, -0.03051181102362205202, -0.02204724409448818867 ) ) ;
#2592 = EDGE_LOOP ( 'NONE', ( #2211, #2407, #286, #3247 ) ) ;
#2593 = SURFACE_STYLE_USAGE ( .BOTH. , #1003 ) ;
#2594 = FACE_OUTER_BOUND ( 'NONE', #1606, .T. ) ;
#2595 = VERTEX_POINT ( 'NONE', #3022 ) ;
#2596 = CARTESIAN_POINT ( 'NONE',  ( -0.02362204724409448786, 0.000000000000000000, -0.02283464566929133827 ) ) ;
#2597 = DIRECTION ( 'NONE',  ( -1.000000000000000000, -0.000000000000000000, 0.000000000000000000 ) ) ;
#2598 = AXIS2_PLACEMENT_3D ( 'NONE', #2473, #625, #1462 ) ;
#2599 = ORIENTED_EDGE ( 'NONE', *, *, #1473, .F. ) ;
#2600 =( LENGTH_UNIT ( ) NAMED_UNIT ( * ) SI_UNIT ( $, .METRE. ) );
#2601 = DIRECTION ( 'NONE',  ( 0.000000000000000000, -1.000000000000000000, -0.000000000000000000 ) ) ;
#2602 = EDGE_CURVE ( 'NONE', #2492, #1883, #1660, .T. ) ;
#2603 = PLANE ( 'NONE',  #2115 ) ;
#2604 = ADVANCED_FACE ( 'NONE', ( #613 ), #1680, .F. ) ;
#2605 = VECTOR ( 'NONE', #1795, 39.37007874015748143 ) ;
#2606 = AXIS2_PLACEMENT_3D ( 'NONE', #491, #2899, #2610 ) ;
#2607 = AXIS2_PLACEMENT_3D ( 'NONE', #1437, #1458, #2704 ) ;
#2608 = CARTESIAN_POINT ( 'NONE',  ( 0.000000000000000000, -0.03051181102362205202, -0.02322834645669292000 ) ) ;
#2609 = VERTEX_POINT ( 'NONE', #1435 ) ;
#2610 = DIRECTION ( 'NONE',  ( 0.000000000000000000, -0.000000000000000000, 1.000000000000000000 ) ) ;
#2611 = FACE_OUTER_BOUND ( 'NONE', #2234, .T. ) ;
#2612 = VERTEX_POINT ( 'NONE', #67 ) ;
#2613 =( NAMED_UNIT ( * ) SI_UNIT ( $, .STERADIAN. ) SOLID_ANGLE_UNIT ( ) );
#2614 = DIRECTION ( 'NONE',  ( 0.000000000000000000, 0.000000000000000000, 1.000000000000000000 ) ) ;
#2615 = EDGE_CURVE ( 'NONE', #2254, #2379, #98, .T. ) ;
#2616 = EDGE_CURVE ( 'NONE', #1428, #1721, #1098, .T. ) ;
#2617 = CARTESIAN_POINT ( 'NONE',  ( -0.02755905511811023584, 0.01476377952755905665, -0.02283464566929133827 ) ) ;
#2618 = EDGE_LOOP ( 'NONE', ( #2769, #1734, #1659, #925, #2216, #1962 ) ) ;
#2619 = PRESENTATION_STYLE_ASSIGNMENT (( #996 ) ) ;
#2620 = DIMENSIONAL_EXPONENTS ( 1.000000000000000000, 0.000000000000000000, 0.000000000000000000, 0.000000000000000000, 0.000000000000000000, 0.000000000000000000, 0.000000000000000000 ) ;
#2621 =( LENGTH_UNIT ( ) NAMED_UNIT ( * ) SI_UNIT ( $, .METRE. ) );
#2622 = COLOUR_RGB ( '',0.6313725490196078205, 0.6588235294117646967, 0.6784313725490196401 ) ;
#2623 = FILL_AREA_STYLE_COLOUR ( '', #922 ) ;
#2624 = CARTESIAN_POINT ( 'NONE',  ( -0.01574803149606299191, 0.01279527559055118266, -0.02362204724409448786 ) ) ;
#2625 = DIRECTION ( 'NONE',  ( 0.000000000000000000, -0.000000000000000000, 1.000000000000000000 ) ) ;
#2626 = FACE_BOUND ( 'NONE', #2709, .T. ) ;
#2627 = ORIENTED_EDGE ( 'NONE', *, *, #1239, .T. ) ;
#2628 =( NAMED_UNIT ( * ) SI_UNIT ( $, .STERADIAN. ) SOLID_ANGLE_UNIT ( ) );
#2629 = ADVANCED_FACE ( 'NONE', ( #3220 ), #870, .F. ) ;
#2630 = ADVANCED_FACE ( 'NONE', ( #1237 ), #2327, .F. ) ;
#2631 = CARTESIAN_POINT ( 'NONE',  ( -0.009842519685039369942, -0.01279527559055118266, -0.02283464566929133827 ) ) ;
#2632 = ORIENTED_EDGE ( 'NONE', *, *, #1378, .T. ) ;
#2633 = LINE ( 'NONE', #3143, #644 ) ;
#2634 = AXIS2_PLACEMENT_3D ( 'NONE', #1521, #1234, #681 ) ;
#2635 = DIRECTION ( 'NONE',  ( 0.000000000000000000, -1.000000000000000000, -0.000000000000000000 ) ) ;
#2636 = VECTOR ( 'NONE', #2824, 39.37007874015748143 ) ;
#2637 = ORIENTED_EDGE ( 'NONE', *, *, #883, .T. ) ;
#2638 = LENGTH_MEASURE_WITH_UNIT ( LENGTH_MEASURE( 0.02539999999999999897 ), #799 );
#2639 = VECTOR ( 'NONE', #970, 39.37007874015748143 ) ;
#2640 =( NAMED_UNIT ( * ) SI_UNIT ( $, .STERADIAN. ) SOLID_ANGLE_UNIT ( ) );
#2641 = DIRECTION ( 'NONE',  ( -0.000000000000000000, 1.000000000000000000, 0.000000000000000000 ) ) ;
#2642 = DIRECTION ( 'NONE',  ( -0.000000000000000000, 1.000000000000000000, 0.000000000000000000 ) ) ;
#2643 = AXIS2_PLACEMENT_3D ( 'NONE', #927, #342, #1977 ) ;
#2644 = ORIENTED_EDGE ( 'NONE', *, *, #1928, .T. ) ;
#2645 = LENGTH_MEASURE_WITH_UNIT ( LENGTH_MEASURE( 0.02539999999999999897 ), #1831 );
#2646 = FILL_AREA_STYLE_COLOUR ( '', #2722 ) ;
#2647 = ORIENTED_EDGE ( 'NONE', *, *, #486, .T. ) ;
#2648 = DIRECTION ( 'NONE',  ( 1.084202172485499873E-16, 1.000000000000000000, -0.000000000000000000 ) ) ;
#2649 =( LENGTH_UNIT ( ) NAMED_UNIT ( * ) SI_UNIT ( $, .METRE. ) );
#2650 = CARTESIAN_POINT ( 'NONE',  ( 0.000000000000000000, 0.03149606299212598381, -0.01200787401574803133 ) ) ;
#2651 = ORIENTED_EDGE ( 'NONE', *, *, #2164, .F. ) ;
#2652 = PLANE ( 'NONE',  #3003 ) ;
#2653 = AXIS2_PLACEMENT_3D ( 'NONE', #1913, #1320, #2393 ) ;
#2654 = PRESENTATION_STYLE_ASSIGNMENT (( #2167 ) ) ;
#2655 = VERTEX_POINT ( 'NONE', #2263 ) ;
#2656 = LINE ( 'NONE', #503, #116 ) ;
#2657 = DIRECTION ( 'NONE',  ( 1.000000000000000000, 0.000000000000000000, 0.000000000000000000 ) ) ;
#2658 = FILL_AREA_STYLE ('',( #1556 ) ) ;
#2659 = VERTEX_POINT ( 'NONE', #3345 ) ;
#2660 = AXIS2_PLACEMENT_3D ( 'NONE', #1094, #2710, #2677 ) ;
#2661 = VECTOR ( 'NONE', #2537, 39.37007874015748143 ) ;
#2662 = DIRECTION ( 'NONE',  ( 0.000000000000000000, 0.000000000000000000, 1.000000000000000000 ) ) ;
#2663 = VECTOR ( 'NONE', #3388, 39.37007874015748143 ) ;
#2664 = COLOUR_RGB ( '',0.6313725490196078205, 0.6588235294117646967, 0.6784313725490196401 ) ;
#2665 = DIMENSIONAL_EXPONENTS ( 1.000000000000000000, 0.000000000000000000, 0.000000000000000000, 0.000000000000000000, 0.000000000000000000, 0.000000000000000000, 0.000000000000000000 ) ;
#2666 = EDGE_CURVE ( 'NONE', #1878, #2251, #1727, .T. ) ;
#2667 =( CONVERSION_BASED_UNIT ( 'INCH', #541 ) LENGTH_UNIT ( ) NAMED_UNIT ( #1043 ) );
#2668 = ORIENTED_EDGE ( 'NONE', *, *, #1915, .F. ) ;
#2669 = LINE ( 'NONE', #2903, #1726 ) ;
#2670 = PLANE ( 'NONE',  #2151 ) ;
#2671 = ADVANCED_FACE ( 'NONE', ( #3316 ), #2041, .T. ) ;
#2672 = AXIS2_PLACEMENT_3D ( 'NONE', #515, #2162, #308 ) ;
#2673 = LINE ( 'NONE', #857, #1787 ) ;
#2674 = ORIENTED_EDGE ( 'NONE', *, *, #856, .F. ) ;
#2675 = LINE ( 'NONE', #292, #983 ) ;
#2676 = ORIENTED_EDGE ( 'NONE', *, *, #941, .T. ) ;
#2677 = DIRECTION ( 'NONE',  ( 1.000000000000000000, 0.000000000000000000, -0.000000000000000000 ) ) ;
#2678 = LINE ( 'NONE', #2967, #581 ) ;
#2679 = DIRECTION ( 'NONE',  ( -1.000000000000000000, -0.000000000000000000, 0.000000000000000000 ) ) ;
#2680 = EDGE_LOOP ( 'NONE', ( #2332, #234, #1195, #3366, #3108, #42, #130, #61 ) ) ;
#2681 = CARTESIAN_POINT ( 'NONE',  ( 0.02362204724409448786, -0.01279527559055118266, -0.02362204724409448786 ) ) ;
#2682 = APPLICATION_CONTEXT ( 'automotive_design' ) ;
#2683 = COLOUR_RGB ( '',0.6313725490196078205, 0.6588235294117646967, 0.6784313725490196401 ) ;
#2684 = DIRECTION ( 'NONE',  ( 0.000000000000000000, 1.000000000000000000, -0.000000000000000000 ) ) ;
#2685 = ORIENTED_EDGE ( 'NONE', *, *, #1541, .T. ) ;
#2686 = VECTOR ( 'NONE', #715, 39.37007874015748143 ) ;
#2687 = DIRECTION ( 'NONE',  ( -0.000000000000000000, -0.000000000000000000, 1.000000000000000000 ) ) ;
#2688 = ORIENTED_EDGE ( 'NONE', *, *, #1801, .T. ) ;
#2689 = CARTESIAN_POINT ( 'NONE',  ( 0.01574803149606299191, 0.03149606299212598381, -0.02204724409448818867 ) ) ;
#2690 =( LENGTH_UNIT ( ) NAMED_UNIT ( * ) SI_UNIT ( $, .METRE. ) );
#2691 = VECTOR ( 'NONE', #94, 39.37007874015748143 ) ;
#2692 = MECHANICAL_DESIGN_GEOMETRIC_PRESENTATION_REPRESENTATION (  '', ( #149 ), #1029 ) ;
#2693 = DIRECTION ( 'NONE',  ( -1.000000000000000000, -0.000000000000000000, -0.000000000000000000 ) ) ;
#2694 = VECTOR ( 'NONE', #2058, 39.37007874015748143 ) ;
#2695 = CARTESIAN_POINT ( 'NONE',  ( 0.01574803149606299191, 0.01279527559055118266, -0.02362204724409448786 ) ) ;
#2696 = EDGE_CURVE ( 'NONE', #1593, #1533, #2008, .T. ) ;
#2697 = DIRECTION ( 'NONE',  ( -0.000000000000000000, 1.000000000000000000, 0.000000000000000000 ) ) ;
#2698 = VERTEX_POINT ( 'NONE', #1343 ) ;
#2699 = CARTESIAN_POINT ( 'NONE',  ( 0.009842519685039369942, 0.03248031496062991907, -0.01574803149606299191 ) ) ;
#2700 = DIRECTION ( 'NONE',  ( 0.000000000000000000, 0.000000000000000000, 1.000000000000000000 ) ) ;
#2701 = CARTESIAN_POINT ( 'NONE',  ( 0.03346456692913385433, -0.01476377952755905665, -0.02322834645669292000 ) ) ;
#2702 = ORIENTED_EDGE ( 'NONE', *, *, #459, .F. ) ;
#2703 = ADVANCED_FACE ( 'NONE', ( #1811 ), #216, .F. ) ;
#2704 = DIRECTION ( 'NONE',  ( 0.000000000000000000, 0.000000000000000000, -1.000000000000000000 ) ) ;
#2705 = DIRECTION ( 'NONE',  ( 0.000000000000000000, 0.000000000000000000, 1.000000000000000000 ) ) ;
#2706 = DIRECTION ( 'NONE',  ( 1.000000000000000000, -0.000000000000000000, 0.000000000000000000 ) ) ;
#2707 = VERTEX_POINT ( 'NONE', #1077 ) ;
#2708 = CARTESIAN_POINT ( 'NONE',  ( 0.000000000000000000, -0.01279527559055118266, -0.02362204724409448786 ) ) ;
#2709 = EDGE_LOOP ( 'NONE', ( #1583, #350, #579, #2674 ) ) ;
#2710 = DIRECTION ( 'NONE',  ( 0.000000000000000000, 0.000000000000000000, 1.000000000000000000 ) ) ;
#2711 = EDGE_CURVE ( 'NONE', #457, #2492, #10, .T. ) ;
#2712 = DIRECTION ( 'NONE',  ( 1.000000000000000000, 0.000000000000000000, -0.000000000000000000 ) ) ;
#2713 = ADVANCED_FACE ( 'NONE', ( #1321 ), #2149, .F. ) ;
#2714 = FILL_AREA_STYLE ('',( #628 ) ) ;
#2715 = ORIENTED_EDGE ( 'NONE', *, *, #3331, .F. ) ;
#2716 = DIRECTION ( 'NONE',  ( 0.000000000000000000, 0.000000000000000000, 1.000000000000000000 ) ) ;
#2717 = CARTESIAN_POINT ( 'NONE',  ( 0.009842519685039369942, -0.03149606299212598381, -0.02204724409448818867 ) ) ;
#2718 = VERTEX_POINT ( 'NONE', #3150 ) ;
#2719 = LINE ( 'NONE', #2197, #278 ) ;
#2720 =( NAMED_UNIT ( * ) PLANE_ANGLE_UNIT ( ) SI_UNIT ( $, .RADIAN. ) );
#2721 = AXIS2_PLACEMENT_3D ( 'NONE', #724, #494, #1513 ) ;
#2722 = COLOUR_RGB ( '',0.6313725490196078205, 0.6588235294117646967, 0.6784313725490196401 ) ;
#2723 = ORIENTED_EDGE ( 'NONE', *, *, #1487, .T. ) ;
#2724 = EDGE_CURVE ( 'NONE', #400, #2339, #504, .T. ) ;
#2725 = EDGE_CURVE ( 'NONE', #82, #1708, #3168, .T. ) ;
#2726 = LINE ( 'NONE', #1898, #1868 ) ;
#2727 = PRESENTATION_LAYER_ASSIGNMENT (  '', '', ( #2122 ) ) ;
#2728 = LINE ( 'NONE', #1933, #1382 ) ;
#2729 = ORIENTED_EDGE ( 'NONE', *, *, #1871, .T. ) ;
#2730 = PLANE ( 'NONE',  #2660 ) ;
#2731 =( CONVERSION_BASED_UNIT ( 'INCH', #846 ) LENGTH_UNIT ( ) NAMED_UNIT ( #777 ) );
#2732 = AXIS2_PLACEMENT_3D ( 'NONE', #413, #2743, #3295 ) ;
#2733 = ORIENTED_EDGE ( 'NONE', *, *, #2491, .T. ) ;
#2734 = CARTESIAN_POINT ( 'NONE',  ( -0.03346456692913385433, 0.03051181102362205202, -0.02283464566929133827 ) ) ;
#2735 = DIRECTION ( 'NONE',  ( 1.175494350822290108E-32, 0.000000000000000000, -1.000000000000000000 ) ) ;
#2736 = LINE ( 'NONE', #1505, #1453 ) ;
#2737 = VERTEX_POINT ( 'NONE', #2863 ) ;
#2738 = DIRECTION ( 'NONE',  ( -0.000000000000000000, 0.000000000000000000, 1.000000000000000000 ) ) ;
#2739 = ADVANCED_FACE ( 'NONE', ( #1061, #488 ), #2109, .T. ) ;
#2740 = EDGE_CURVE ( 'NONE', #3110, #3391, #1845, .T. ) ;
#2741 = LINE ( 'NONE', #1122, #1014 ) ;
#2742 = VERTEX_POINT ( 'NONE', #3135 ) ;
#2743 = DIRECTION ( 'NONE',  ( 0.000000000000000000, -1.000000000000000000, 0.000000000000000000 ) ) ;
#2744 = CARTESIAN_POINT ( 'NONE',  ( 0.03543307086614173873, 0.03149606299212598381, -0.01200787401574803133 ) ) ;
#2745 = DIRECTION ( 'NONE',  ( -0.000000000000000000, 1.000000000000000000, 0.000000000000000000 ) ) ;
#2746 = ORIENTED_EDGE ( 'NONE', *, *, #788, .F. ) ;
#2747 = SURFACE_STYLE_USAGE ( .BOTH. , #1691 ) ;
#2748 = SURFACE_SIDE_STYLE ('',( #609 ) ) ;
#2749 = VERTEX_POINT ( 'NONE', #3380 ) ;
#2750 = DIRECTION ( 'NONE',  ( 0.000000000000000000, -0.000000000000000000, 1.000000000000000000 ) ) ;
#2751 = LENGTH_MEASURE_WITH_UNIT ( LENGTH_MEASURE( 0.02539999999999999897 ), #3296 );
#2752 =( NAMED_UNIT ( * ) SI_UNIT ( $, .STERADIAN. ) SOLID_ANGLE_UNIT ( ) );
#2753 = EDGE_LOOP ( 'NONE', ( #3163, #3019, #1900, #1064, #2413, #2147 ) ) ;
#2754 = LINE ( 'NONE', #1945, #1559 ) ;
#2755 = FACE_OUTER_BOUND ( 'NONE', #1628, .T. ) ;
#2756 = VECTOR ( 'NONE', #1406, 39.37007874015748143 ) ;
#2757 = EDGE_LOOP ( 'NONE', ( #246, #2012, #1396, #218 ) ) ;
#2758 = DIRECTION ( 'NONE',  ( 0.000000000000000000, -0.000000000000000000, 1.000000000000000000 ) ) ;
#2759 = ORIENTED_EDGE ( 'NONE', *, *, #58, .F. ) ;
#2760 = FACE_OUTER_BOUND ( 'NONE', #3091, .T. ) ;
#2761 = ORIENTED_EDGE ( 'NONE', *, *, #2522, .F. ) ;
#2762 = UNCERTAINTY_MEASURE_WITH_UNIT (LENGTH_MEASURE( 1.000000000000000082E-05 ), #3175, 'distance_accuracy_value', 'NONE');
#2763 = DIRECTION ( 'NONE',  ( -0.000000000000000000, -1.000000000000000000, 0.000000000000000000 ) ) ;
#2764 = EDGE_CURVE ( 'NONE', #1992, #2575, #1273, .T. ) ;
#2765 = EDGE_CURVE ( 'NONE', #411, #2749, #2896, .T. ) ;
#2766 = VECTOR ( 'NONE', #2981, 39.37007874015748143 ) ;
#2767 = CARTESIAN_POINT ( 'NONE',  ( -0.01181102362204098331, 0.002106462476690000325, -0.02362204724409448786 ) ) ;
#2768 = LINE ( 'NONE', #2434, #2832 ) ;
#2769 = ORIENTED_EDGE ( 'NONE', *, *, #2274, .T. ) ;
#2770 = CARTESIAN_POINT ( 'NONE',  ( -0.03543307086614173873, -0.03149606299212598381, -0.02204724409448818867 ) ) ;
#2771 = PLANE ( 'NONE',  #1261 ) ;
#2772 = EDGE_CURVE ( 'NONE', #599, #32, #232, .T. ) ;
#2773 = DIRECTION ( 'NONE',  ( 0.000000000000000000, -1.066208027956720005E-32, -1.000000000000000000 ) ) ;
#2774 = ORIENTED_EDGE ( 'NONE', *, *, #2477, .F. ) ;
#2775 = VECTOR ( 'NONE', #2448, 39.37007874015748143 ) ;
#2776 = CARTESIAN_POINT ( 'NONE',  ( -0.009842519685039369942, -0.03248031496062991907, -0.01574803149606299191 ) ) ;
#2777 = ADVANCED_FACE ( 'NONE', ( #805 ), #3364, .F. ) ;
#2778 = VECTOR ( 'NONE', #2485, 39.37007874015748143 ) ;
#2779 = ORIENTED_EDGE ( 'NONE', *, *, #1177, .T. ) ;
#2780 = CARTESIAN_POINT ( 'NONE',  ( 0.03641732283464567399, 0.03248031496062991907, -0.01574803149606299191 ) ) ;
#2781 = ADVANCED_FACE ( 'NONE', ( #2913 ), #2411, .F. ) ;
#2782 = VECTOR ( 'NONE', #2891, 39.37007874015748143 ) ;
#2783 = LINE ( 'NONE', #183, #388 ) ;
#2784 = DIRECTION ( 'NONE',  ( -0.000000000000000000, 0.000000000000000000, -1.000000000000000000 ) ) ;
#2785 = ORIENTED_EDGE ( 'NONE', *, *, #372, .F. ) ;
#2786 = CARTESIAN_POINT ( 'NONE',  ( 0.009842519685039369942, -0.03248031496062991907, -0.02204724409448818867 ) ) ;
#2787 = LINE ( 'NONE', #1927, #2756 ) ;
#2788 = EDGE_LOOP ( 'NONE', ( #1263, #355, #493, #2874 ) ) ;
#2789 = SURFACE_STYLE_USAGE ( .BOTH. , #2148 ) ;
#2790 = PRESENTATION_STYLE_ASSIGNMENT (( #108 ) ) ;
#2791 = EDGE_CURVE ( 'NONE', #1938, #737, #2678, .T. ) ;
#2792 = VECTOR ( 'NONE', #1771, 39.37007874015748143 ) ;
#2793 = ORIENTED_EDGE ( 'NONE', *, *, #1547, .F. ) ;
#2794 = LINE ( 'NONE', #3067, #148 ) ;
#2795 = DIRECTION ( 'NONE',  ( 0.000000000000000000, 0.000000000000000000, 1.000000000000000000 ) ) ;
#2796 = VECTOR ( 'NONE', #315, 39.37007874015748143 ) ;
#2797 = COLOUR_RGB ( '',0.6313725490196078205, 0.6588235294117646967, 0.6784313725490196401 ) ;
#2798 = LINE ( 'NONE', #1991, #2856 ) ;
#2799 = ORIENTED_EDGE ( 'NONE', *, *, #3018, .T. ) ;
#2800 = CARTESIAN_POINT ( 'NONE',  ( -5.335640612625512558E-18, -0.01476377952755905665, -0.02204724409448818867 ) ) ;
#2801 = DIRECTION ( 'NONE',  ( 1.314184451497579533E-16, -1.000000000000000000, 0.000000000000000000 ) ) ;
#2802 = AXIS2_PLACEMENT_3D ( 'NONE', #3204, #1417, #1906 ) ;
#2803 = VECTOR ( 'NONE', #861, 39.37007874015748143 ) ;
#2804 = LINE ( 'NONE', #961, #280 ) ;
#2805 = ORIENTED_EDGE ( 'NONE', *, *, #1550, .F. ) ;
#2806 = CARTESIAN_POINT ( 'NONE',  ( -0.02362204724409448786, 0.01279527559055118266, -0.02283464566929133827 ) ) ;
#2807 = VECTOR ( 'NONE', #2921, 39.37007874015748143 ) ;
#2808 = SURFACE_STYLE_FILL_AREA ( #3065 ) ;
#2809 = EDGE_LOOP ( 'NONE', ( #2848, #3031, #497, #2227 ) ) ;
#2810 = MECHANICAL_DESIGN_GEOMETRIC_PRESENTATION_REPRESENTATION (  '', ( #705 ), #344 ) ;
#2811 = PRESENTATION_STYLE_ASSIGNMENT (( #1759 ) ) ;
#2812 = EDGE_CURVE ( 'NONE', #1274, #2894, #3203, .T. ) ;
#2813 =( NAMED_UNIT ( * ) SI_UNIT ( $, .STERADIAN. ) SOLID_ANGLE_UNIT ( ) );
#2814 =( LENGTH_UNIT ( ) NAMED_UNIT ( * ) SI_UNIT ( $, .METRE. ) );
#2815 = EDGE_CURVE ( 'NONE', #1434, #3323, #81, .T. ) ;
#2816 =( CONVERSION_BASED_UNIT ( 'INCH', #1763 ) LENGTH_UNIT ( ) NAMED_UNIT ( #2170 ) );
#2817 = CARTESIAN_POINT ( 'NONE',  ( -0.03641732283464567399, 0.03248031496062991907, -0.02204724409448818867 ) ) ;
#2818 = VERTEX_POINT ( 'NONE', #901 ) ;
#2819 = LINE ( 'NONE', #3093, #2556 ) ;
#2820 = MECHANICAL_DESIGN_GEOMETRIC_PRESENTATION_REPRESENTATION (  '', ( #2284 ), #1941 ) ;
#2821 = LINE ( 'NONE', #1751, #850 ) ;
#2822 = VERTEX_POINT ( 'NONE', #1903 ) ;
#2823 = LINE ( 'NONE', #479, #1832 ) ;
#2824 = DIRECTION ( 'NONE',  ( -0.000000000000000000, 0.000000000000000000, 1.000000000000000000 ) ) ;
#2825 = UNCERTAINTY_MEASURE_WITH_UNIT (LENGTH_MEASURE( 1.000000000000000082E-05 ), #114, 'distance_accuracy_value', 'NONE');
#2826 = ORIENTED_EDGE ( 'NONE', *, *, #2192, .F. ) ;
#2827 = VECTOR ( 'NONE', #676, 39.37007874015748143 ) ;
#2828 = STYLED_ITEM ( 'NONE', ( #2095 ), #2502 ) ;
#2829 = DIRECTION ( 'NONE',  ( 1.000000000000000000, 0.000000000000000000, -0.000000000000000000 ) ) ;
#2830 = CARTESIAN_POINT ( 'NONE',  ( -0.01574803149606299191, -0.03248031496062991907, -0.02204724409448818867 ) ) ;
#2831 = STYLED_ITEM ( 'NONE', ( #751 ), #2781 ) ;
#2832 = VECTOR ( 'NONE', #3240, 39.37007874015748143 ) ;
#2833 = CARTESIAN_POINT ( 'NONE',  ( 0.007874015748031495954, -0.03051181102362205202, -0.02322834645669292000 ) ) ;
#2834 = CARTESIAN_POINT ( 'NONE',  ( 0.000000000000000000, 0.000000000000000000, -0.02322834645669292000 ) ) ;
#2835 = EDGE_CURVE ( 'NONE', #2718, #2047, #591, .T. ) ;
#2836 = PRESENTATION_LAYER_ASSIGNMENT (  '', '', ( #18 ) ) ;
#2837 = FACE_OUTER_BOUND ( 'NONE', #1357, .T. ) ;
#2838 = DIRECTION ( 'NONE',  ( 0.000000000000000000, -0.000000000000000000, -1.000000000000000000 ) ) ;
#2839 = ORIENTED_EDGE ( 'NONE', *, *, #271, .F. ) ;
#2840 = FILL_AREA_STYLE ('',( #1260 ) ) ;
#2841 = CARTESIAN_POINT ( 'NONE',  ( 0.01574803149606299191, 0.01279527559055118266, -0.02362204724409448786 ) ) ;
#2842 = ORIENTED_EDGE ( 'NONE', *, *, #177, .T. ) ;
#2843 = CARTESIAN_POINT ( 'NONE',  ( -0.01968503937007425389, 0.000000000000000000, -0.02362204724409448786 ) ) ;
#2844 = CARTESIAN_POINT ( 'NONE',  ( -0.03346456692913385433, 0.01476377952755905665, -0.02204724409448818867 ) ) ;
#2845 = ADVANCED_FACE ( 'NONE', ( #2984 ), #1677, .F. ) ;
#2846 = EDGE_CURVE ( 'NONE', #995, #3249, #1936, .T. ) ;
#2847 = PLANE ( 'NONE',  #2405 ) ;
#2848 = ORIENTED_EDGE ( 'NONE', *, *, #267, .T. ) ;
#2849 = DIRECTION ( 'NONE',  ( 0.000000000000000000, -0.000000000000000000, -1.000000000000000000 ) ) ;
#2850 = LINE ( 'NONE', #215, #2397 ) ;
#2851 = LINE ( 'NONE', #3287, #417 ) ;
#2852 = ORIENTED_EDGE ( 'NONE', *, *, #682, .T. ) ;
#2853 = CARTESIAN_POINT ( 'NONE',  ( 0.02362204724409448786, -0.01279527559055118266, -0.02283464566929133827 ) ) ;
#2854 = FACE_OUTER_BOUND ( 'NONE', #2059, .T. ) ;
#2855 = ORIENTED_EDGE ( 'NONE', *, *, #1178, .F. ) ;
#2856 = VECTOR ( 'NONE', #169, 39.37007874015748143 ) ;
#2857 = CARTESIAN_POINT ( 'NONE',  ( 0.03543307086614173873, 0.000000000000000000, -0.02283464566929133827 ) ) ;
#2858 = PLANE ( 'NONE',  #2486 ) ;
#2859 = EDGE_LOOP ( 'NONE', ( #663, #1300, #3241, #2799, #1463, #2241, #2998, #2124 ) ) ;
#2860 = VECTOR ( 'NONE', #1879, 39.37007874015748143 ) ;
#2861 = LINE ( 'NONE', #485, #638 ) ;
#2862 = UNCERTAINTY_MEASURE_WITH_UNIT (LENGTH_MEASURE( 1.000000000000000082E-05 ), #2123, 'distance_accuracy_value', 'NONE');
#2863 = CARTESIAN_POINT ( 'NONE',  ( 0.02755905511811023584, -0.01476377952755905665, -0.02283464566929133827 ) ) ;
#2864 = PLANE ( 'NONE',  #1921 ) ;
#2865 = EDGE_CURVE ( 'NONE', #158, #1700, #1359, .T. ) ;
#2866 = VERTEX_POINT ( 'NONE', #1416 ) ;
#2867 = SURFACE_SIDE_STYLE ('',( #1850 ) ) ;
#2868 = LINE ( 'NONE', #1313, #783 ) ;
#2869 = ORIENTED_EDGE ( 'NONE', *, *, #2964, .F. ) ;
#2870 = DIRECTION ( 'NONE',  ( 1.000000000000000000, 0.000000000000000000, -0.000000000000000000 ) ) ;
#2871 = LINE ( 'NONE', #480, #698 ) ;
#2872 = VECTOR ( 'NONE', #1058, 39.37007874015748143 ) ;
#2873 = PLANE ( 'NONE',  #2672 ) ;
#2874 = ORIENTED_EDGE ( 'NONE', *, *, #3017, .T. ) ;
#2875 = EDGE_LOOP ( 'NONE', ( #524, #361, #1444, #1690 ) ) ;
#2876 = FACE_OUTER_BOUND ( 'NONE', #2258, .T. ) ;
#2877 = DIMENSIONAL_EXPONENTS ( 1.000000000000000000, 0.000000000000000000, 0.000000000000000000, 0.000000000000000000, 0.000000000000000000, 0.000000000000000000, 0.000000000000000000 ) ;
#2878 = DIRECTION ( 'NONE',  ( 0.000000000000000000, -0.000000000000000000, 1.000000000000000000 ) ) ;
#2879 =( GEOMETRIC_REPRESENTATION_CONTEXT ( 3 ) GLOBAL_UNCERTAINTY_ASSIGNED_CONTEXT ( ( #3098 ) ) GLOBAL_UNIT_ASSIGNED_CONTEXT ( ( #2983, #1398, #1625 ) ) REPRESENTATION_CONTEXT ( 'NONE', 'WORKASPACE' ) );
#2880 = PRESENTATION_LAYER_ASSIGNMENT (  '', '', ( #1778 ) ) ;
#2881 = EDGE_CURVE ( 'NONE', #1694, #1118, #2475, .T. ) ;
#2882 = VECTOR ( 'NONE', #3090, 39.37007874015748143 ) ;
#2883 = DIRECTION ( 'NONE',  ( -1.000000000000000000, -0.000000000000000000, -0.000000000000000000 ) ) ;
#2884 = ORIENTED_EDGE ( 'NONE', *, *, #1238, .T. ) ;
#2885 = SURFACE_STYLE_USAGE ( .BOTH. , #2867 ) ;
#2886 = CARTESIAN_POINT ( 'NONE',  ( -0.03346456692913385433, 0.03051181102362205202, -0.02204724409448818867 ) ) ;
#2887 = ORIENTED_EDGE ( 'NONE', *, *, #2056, .T. ) ;
#2888 = LINE ( 'NONE', #1563, #553 ) ;
#2889 = CARTESIAN_POINT ( 'NONE',  ( -0.01771653543307086937, 0.000000000000000000, -0.02204724409448818867 ) ) ;
#2890 =( GEOMETRIC_REPRESENTATION_CONTEXT ( 3 ) GLOBAL_UNCERTAINTY_ASSIGNED_CONTEXT ( ( #1970 ) ) GLOBAL_UNIT_ASSIGNED_CONTEXT ( ( #362, #1948, #144 ) ) REPRESENTATION_CONTEXT ( 'NONE', 'WORKASPACE' ) );
#2891 = DIRECTION ( 'NONE',  ( -1.084202172485499873E-16, 1.000000000000000000, -0.000000000000000000 ) ) ;
#2892 = EDGE_LOOP ( 'NONE', ( #1059, #808, #2951, #551 ) ) ;
#2893 = FILL_AREA_STYLE ('',( #1825 ) ) ;
#2894 = VERTEX_POINT ( 'NONE', #3266 ) ;
#2895 = CARTESIAN_POINT ( 'NONE',  ( 0.01574803149606299191, -0.01279527559055118266, -0.02204724409448818867 ) ) ;
#2896 = LINE ( 'NONE', #2395, #1504 ) ;
#2897 = SURFACE_STYLE_FILL_AREA ( #1848 ) ;
#2898 = ORIENTED_EDGE ( 'NONE', *, *, #1742, .F. ) ;
#2899 = DIRECTION ( 'NONE',  ( -0.000000000000000000, 1.000000000000000000, 0.000000000000000000 ) ) ;
#2900 = DIMENSIONAL_EXPONENTS ( 1.000000000000000000, 0.000000000000000000, 0.000000000000000000, 0.000000000000000000, 0.000000000000000000, 0.000000000000000000, 0.000000000000000000 ) ;
#2901 = DIRECTION ( 'NONE',  ( -1.000000000000000000, -0.000000000000000000, -0.000000000000000000 ) ) ;
#2902 = ORIENTED_EDGE ( 'NONE', *, *, #1203, .F. ) ;
#2903 = CARTESIAN_POINT ( 'NONE',  ( 0.01771653543307086937, -0.03051181102362205202, -0.02204724409448818867 ) ) ;
#2904 = CARTESIAN_POINT ( 'NONE',  ( 0.000000000000000000, 0.03149606299212598381, -0.02283464566929133827 ) ) ;
#2905 = DIRECTION ( 'NONE',  ( -1.314184451497579533E-16, 1.000000000000000000, 0.000000000000000000 ) ) ;
#2906 = VERTEX_POINT ( 'NONE', #918 ) ;
#2907 = DIRECTION ( 'NONE',  ( 0.000000000000000000, -0.000000000000000000, -1.000000000000000000 ) ) ;
#2908 = CARTESIAN_POINT ( 'NONE',  ( -0.01771653543307086937, 0.000000000000000000, -0.02283464566929133827 ) ) ;
#2909 = VECTOR ( 'NONE', #1344, 39.37007874015748143 ) ;
#2910 =( NAMED_UNIT ( * ) SI_UNIT ( $, .STERADIAN. ) SOLID_ANGLE_UNIT ( ) );
#2911 = ORIENTED_EDGE ( 'NONE', *, *, #2765, .F. ) ;
#2912 = DIRECTION ( 'NONE',  ( 1.000000000000000000, 1.355252715606880049E-16, -0.000000000000000000 ) ) ;
#2913 = FACE_OUTER_BOUND ( 'NONE', #1947, .T. ) ;
#2914 = LINE ( 'NONE', #1032, #3387 ) ;
#2915 = ORIENTED_EDGE ( 'NONE', *, *, #2988, .T. ) ;
#2916 = FACE_OUTER_BOUND ( 'NONE', #2036, .T. ) ;
#2917 = EDGE_CURVE ( 'NONE', #863, #2254, #997, .T. ) ;
#2918 = SURFACE_STYLE_FILL_AREA ( #19 ) ;
#2919 = ORIENTED_EDGE ( 'NONE', *, *, #1147, .F. ) ;
#2920 = CARTESIAN_POINT ( 'NONE',  ( -0.01574803149606299191, 0.01279527559055118266, -0.02204724409448818867 ) ) ;
#2921 = DIRECTION ( 'NONE',  ( 1.000000000000000000, 0.000000000000000000, 0.000000000000000000 ) ) ;
#2922 = DIMENSIONAL_EXPONENTS ( 1.000000000000000000, 0.000000000000000000, 0.000000000000000000, 0.000000000000000000, 0.000000000000000000, 0.000000000000000000, 0.000000000000000000 ) ;
#2923 = CARTESIAN_POINT ( 'NONE',  ( 0.02362204724409984122, 0.000000000000000000, -0.02362204724409448786 ) ) ;
#2924 = ORIENTED_EDGE ( 'NONE', *, *, #74, .F. ) ;
#2925 =( LENGTH_UNIT ( ) NAMED_UNIT ( * ) SI_UNIT ( $, .METRE. ) );
#2926 = DIMENSIONAL_EXPONENTS ( 1.000000000000000000, 0.000000000000000000, 0.000000000000000000, 0.000000000000000000, 0.000000000000000000, 0.000000000000000000, 0.000000000000000000 ) ;
#2927 = LINE ( 'NONE', #1374, #1087 ) ;
#2928 = PLANE ( 'NONE',  #2653 ) ;
#2929 = EDGE_LOOP ( 'NONE', ( #2746, #138, #2826, #490, #1251, #428, #3293, #1209 ) ) ;
#2930 = DIRECTION ( 'NONE',  ( -1.000000000000000000, 0.000000000000000000, -0.000000000000000000 ) ) ;
#2931 = FILL_AREA_STYLE ('',( #28 ) ) ;
#2932 =( LENGTH_UNIT ( ) NAMED_UNIT ( * ) SI_UNIT ( $, .METRE. ) );
#2933 = VERTEX_POINT ( 'NONE', #1705 ) ;
#2934 =( GEOMETRIC_REPRESENTATION_CONTEXT ( 3 ) GLOBAL_UNCERTAINTY_ASSIGNED_CONTEXT ( ( #192 ) ) GLOBAL_UNIT_ASSIGNED_CONTEXT ( ( #2283, #3057, #425 ) ) REPRESENTATION_CONTEXT ( 'NONE', 'WORKASPACE' ) );
#2935 = ADVANCED_FACE ( 'NONE', ( #131 ), #434, .T. ) ;
#2936 = VECTOR ( 'NONE', #2657, 39.37007874015748143 ) ;
#2937 = VECTOR ( 'NONE', #1682, 39.37007874015748143 ) ;
#2938 = DIRECTION ( 'NONE',  ( 0.000000000000000000, -0.000000000000000000, -1.000000000000000000 ) ) ;
#2939 = ORIENTED_EDGE ( 'NONE', *, *, #2083, .F. ) ;
#2940 = FILL_AREA_STYLE ('',( #306 ) ) ;
#2941 = MECHANICAL_DESIGN_GEOMETRIC_PRESENTATION_REPRESENTATION (  '', ( #2122 ), #617 ) ;
#2942 = DIRECTION ( 'NONE',  ( 0.000000000000000000, -0.000000000000000000, -1.000000000000000000 ) ) ;
#2943 = ORIENTED_EDGE ( 'NONE', *, *, #58, .T. ) ;
#2944 = ADVANCED_FACE ( 'NONE', ( #1183 ), #2289, .F. ) ;
#2945 = CARTESIAN_POINT ( 'NONE',  ( -0.03346456692913385433, -0.03051181102362205202, -0.02204724409448818867 ) ) ;
#2946 = PRESENTATION_STYLE_ASSIGNMENT (( #1145 ) ) ;
#2947 =( NAMED_UNIT ( * ) PLANE_ANGLE_UNIT ( ) SI_UNIT ( $, .RADIAN. ) );
#2948 = ORIENTED_EDGE ( 'NONE', *, *, #2390, .T. ) ;
#2949 = FACE_OUTER_BOUND ( 'NONE', #1018, .T. ) ;
#2950 = CARTESIAN_POINT ( 'NONE',  ( -0.03641732283464567399, 0.01279527559055118266, -0.02283464566929133827 ) ) ;
#2951 = ORIENTED_EDGE ( 'NONE', *, *, #1284, .F. ) ;
#2952 =( NAMED_UNIT ( * ) PLANE_ANGLE_UNIT ( ) SI_UNIT ( $, .RADIAN. ) );
#2953 = LINE ( 'NONE', #1942, #1011 ) ;
#2954 = ORIENTED_EDGE ( 'NONE', *, *, #3116, .T. ) ;
#2955 = DIRECTION ( 'NONE',  ( 0.000000000000000000, -1.000000000000000000, 0.000000000000000000 ) ) ;
#2956 =( NAMED_UNIT ( * ) PLANE_ANGLE_UNIT ( ) SI_UNIT ( $, .RADIAN. ) );
#2957 = EDGE_CURVE ( 'NONE', #1821, #16, #3344, .T. ) ;
#2958 = CARTESIAN_POINT ( 'NONE',  ( -0.01574803149606299191, 0.01279527559055118266, -0.02283464566929133827 ) ) ;
#2959 = EDGE_LOOP ( 'NONE', ( #1138, #1758, #2051, #2599 ) ) ;
#2960 = LENGTH_MEASURE_WITH_UNIT ( LENGTH_MEASURE( 0.02539999999999999897 ), #2925 );
#2961 = LENGTH_MEASURE_WITH_UNIT ( LENGTH_MEASURE( 0.02539999999999999897 ), #2690 );
#2962 = COLOUR_RGB ( '',0.6313725490196078205, 0.6588235294117646967, 0.6784313725490196401 ) ;
#2963 = STYLED_ITEM ( 'NONE', ( #1318 ), #29 ) ;
#2964 = EDGE_CURVE ( 'NONE', #3308, #1037, #936, .T. ) ;
#2965 = FILL_AREA_STYLE_COLOUR ( '', #602 ) ;
#2966 = COLOUR_RGB ( '',0.6313725490196078205, 0.6588235294117646967, 0.6784313725490196401 ) ;
#2967 = CARTESIAN_POINT ( 'NONE',  ( 0.000000000000000000, 0.01476377952755905665, -0.02322834645669292000 ) ) ;
#2968 = LINE ( 'NONE', #2513, #780 ) ;
#2969 = ORIENTED_EDGE ( 'NONE', *, *, #2666, .T. ) ;
#2970 = COLOUR_RGB ( '',0.6313725490196078205, 0.6588235294117646967, 0.6784313725490196401 ) ;
#2971 = ADVANCED_FACE ( 'NONE', ( #1482 ), #979, .F. ) ;
#2972 = EDGE_CURVE ( 'NONE', #1226, #2585, #452, .T. ) ;
#2973 =( GEOMETRIC_REPRESENTATION_CONTEXT ( 3 ) GLOBAL_UNCERTAINTY_ASSIGNED_CONTEXT ( ( #14 ) ) GLOBAL_UNIT_ASSIGNED_CONTEXT ( ( #1107, #1912, #2125 ) ) REPRESENTATION_CONTEXT ( 'NONE', 'WORKASPACE' ) );
#2974 = CARTESIAN_POINT ( 'NONE',  ( -0.01968503937007425389, -0.001830545397304263536, -0.02283464566929133827 ) ) ;
#2975 = ORIENTED_EDGE ( 'NONE', *, *, #1766, .T. ) ;
#2976 = CARTESIAN_POINT ( 'NONE',  ( -0.03543307086614173873, 0.01279527559055118266, -0.02283464566929133827 ) ) ;
#2977 = SURFACE_STYLE_USAGE ( .BOTH. , #376 ) ;
#2978 = PLANE ( 'NONE',  #732 ) ;
#2979 = ORIENTED_EDGE ( 'NONE', *, *, #1958, .F. ) ;
#2980 = CARTESIAN_POINT ( 'NONE',  ( -0.01771653543307086937, 0.03051181102362205202, -0.02322834645669292000 ) ) ;
#2981 = DIRECTION ( 'NONE',  ( 0.000000000000000000, -0.000000000000000000, -1.000000000000000000 ) ) ;
#2982 = EDGE_LOOP ( 'NONE', ( #3269, #1790, #3126, #1153 ) ) ;
#2983 =( CONVERSION_BASED_UNIT ( 'INCH', #1638 ) LENGTH_UNIT ( ) NAMED_UNIT ( #2389 ) );
#2984 = FACE_OUTER_BOUND ( 'NONE', #839, .T. ) ;
#2985 = AXIS2_PLACEMENT_3D ( 'NONE', #694, #1266, #2336 ) ;
#2986 =( LENGTH_UNIT ( ) NAMED_UNIT ( * ) SI_UNIT ( $, .METRE. ) );
#2987 = ORIENTED_EDGE ( 'NONE', *, *, #3229, .T. ) ;
#2988 = EDGE_CURVE ( 'NONE', #586, #1174, #2794, .T. ) ;
#2989 = CARTESIAN_POINT ( 'NONE',  ( 0.03543307086614173873, 0.000000000000000000, -0.02283464566929133827 ) ) ;
#2990 = EDGE_CURVE ( 'NONE', #2543, #3375, #1987, .T. ) ;
#2991 = CARTESIAN_POINT ( 'NONE',  ( 0.009842519685039369942, 0.03248031496062991907, -0.02362204724409448786 ) ) ;
#2992 = MECHANICAL_DESIGN_GEOMETRIC_PRESENTATION_REPRESENTATION (  '', ( #2006 ), #2237 ) ;
#2993 =( NAMED_UNIT ( * ) PLANE_ANGLE_UNIT ( ) SI_UNIT ( $, .RADIAN. ) );
#2994 = VERTEX_POINT ( 'NONE', #1212 ) ;
#2995 = DIRECTION ( 'NONE',  ( -1.000000000000000000, -0.000000000000000000, 0.000000000000000000 ) ) ;
#2996 = VECTOR ( 'NONE', #2870, 39.37007874015748143 ) ;
#2997 = STYLED_ITEM ( 'NONE', ( #167 ), #2671 ) ;
#2998 = ORIENTED_EDGE ( 'NONE', *, *, #1516, .F. ) ;
#2999 = LINE ( 'NONE', #1392, #2803 ) ;
#3000 = VECTOR ( 'NONE', #75, 39.37007874015748143 ) ;
#3001 = EDGE_LOOP ( 'NONE', ( #365, #1259, #3289, #2975 ) ) ;
#3002 = DIRECTION ( 'NONE',  ( -0.000000000000000000, 1.000000000000000000, 0.000000000000000000 ) ) ;
#3003 = AXIS2_PLACEMENT_3D ( 'NONE', #1429, #1983, #126 ) ;
#3004 = FACE_OUTER_BOUND ( 'NONE', #1083, .T. ) ;
#3005 = ORIENTED_EDGE ( 'NONE', *, *, #2101, .T. ) ;
#3006 = UNCERTAINTY_MEASURE_WITH_UNIT (LENGTH_MEASURE( 1.000000000000000082E-05 ), #1736, 'distance_accuracy_value', 'NONE');
#3007 = CARTESIAN_POINT ( 'NONE',  ( 0.000000000000000000, -0.01476377952755905665, -0.02283464566929133827 ) ) ;
#3008 = DIRECTION ( 'NONE',  ( -1.000000000000000000, -0.000000000000000000, -0.000000000000000000 ) ) ;
#3009 = DIRECTION ( 'NONE',  ( 0.000000000000000000, -0.000000000000000000, -1.000000000000000000 ) ) ;
#3010 = ORIENTED_EDGE ( 'NONE', *, *, #3352, .F. ) ;
#3011 = CARTESIAN_POINT ( 'NONE',  ( 0.02362204724409984122, 0.002106462476690000325, -0.02362204724409448786 ) ) ;
#3012 = PLANE ( 'NONE',  #1624 ) ;
#3013 = ORIENTED_EDGE ( 'NONE', *, *, #3124, .T. ) ;
#3014 = PLANE ( 'NONE',  #2732 ) ;
#3015 = VECTOR ( 'NONE', #1188, 39.37007874015748143 ) ;
#3016 = DIRECTION ( 'NONE',  ( 0.000000000000000000, 0.000000000000000000, 1.000000000000000000 ) ) ;
#3017 = EDGE_CURVE ( 'NONE', #433, #3061, #182, .T. ) ;
#3018 = EDGE_CURVE ( 'NONE', #440, #3249, #2259, .T. ) ;
#3019 = ORIENTED_EDGE ( 'NONE', *, *, #1871, .F. ) ;
#3020 = VECTOR ( 'NONE', #1441, 39.37007874015748143 ) ;
#3021 = ORIENTED_EDGE ( 'NONE', *, *, #826, .F. ) ;
#3022 = CARTESIAN_POINT ( 'NONE',  ( 0.03543307086614173179, 0.01279527559055118439, -0.02283464566929133827 ) ) ;
#3023 = VECTOR ( 'NONE', #2705, 39.37007874015748143 ) ;
#3024 = SURFACE_SIDE_STYLE ('',( #1973 ) ) ;
#3025 = CARTESIAN_POINT ( 'NONE',  ( -0.02755905511811023584, 0.000000000000000000, -0.02204724409448818867 ) ) ;
#3026 = COLOUR_RGB ( '',0.6313725490196078205, 0.6588235294117646967, 0.6784313725490196401 ) ;
#3027 = VERTEX_POINT ( 'NONE', #2830 ) ;
#3028 = LINE ( 'NONE', #926, #1332 ) ;
#3029 = PLANE ( 'NONE',  #2643 ) ;
#3030 = PRESENTATION_STYLE_ASSIGNMENT (( #1565 ) ) ;
#3031 = ORIENTED_EDGE ( 'NONE', *, *, #2056, .F. ) ;
#3032 =( NAMED_UNIT ( * ) PLANE_ANGLE_UNIT ( ) SI_UNIT ( $, .RADIAN. ) );
#3033 = CARTESIAN_POINT ( 'NONE',  ( 0.007874015748031495954, 0.03051181102362205202, -0.02283464566929133827 ) ) ;
#3034 = ORIENTED_EDGE ( 'NONE', *, *, #459, .T. ) ;
#3035 = PLANE ( 'NONE',  #2209 ) ;
#3036 = CARTESIAN_POINT ( 'NONE',  ( -0.007874015748031495954, -0.01476377952755905665, -0.02322834645669292000 ) ) ;
#3037 = ORIENTED_EDGE ( 'NONE', *, *, #2740, .T. ) ;
#3038 = SURFACE_STYLE_FILL_AREA ( #199 ) ;
#3039 = VECTOR ( 'NONE', #1232, 39.37007874015748143 ) ;
#3040 = CARTESIAN_POINT ( 'NONE',  ( 0.007874015748031495954, 0.03051181102362205202, -0.02322834645669292000 ) ) ;
#3041 = ORIENTED_EDGE ( 'NONE', *, *, #788, .T. ) ;
#3042 = LINE ( 'NONE', #3321, #66 ) ;
#3043 = SURFACE_SIDE_STYLE ('',( #2198 ) ) ;
#3044 = CARTESIAN_POINT ( 'NONE',  ( 0.01771653543307086937, -0.01476377952755905665, -0.02283464566929133827 ) ) ;
#3045 = VERTEX_POINT ( 'NONE', #2571 ) ;
#3046 = LINE ( 'NONE', #3217, #2054 ) ;
#3047 =( GEOMETRIC_REPRESENTATION_CONTEXT ( 3 ) GLOBAL_UNCERTAINTY_ASSIGNED_CONTEXT ( ( #2034 ) ) GLOBAL_UNIT_ASSIGNED_CONTEXT ( ( #368, #2478, #2813 ) ) REPRESENTATION_CONTEXT ( 'NONE', 'WORKASPACE' ) );
#3048 = DIRECTION ( 'NONE',  ( 0.000000000000000000, 0.000000000000000000, -1.000000000000000000 ) ) ;
#3049 = ADVANCED_FACE ( 'NONE', ( #3280 ), #3035, .T. ) ;
#3050 = AXIS2_PLACEMENT_3D ( 'NONE', #1817, #2382, #2938 ) ;
#3051 = VECTOR ( 'NONE', #1119, 39.37007874015748143 ) ;
#3052 =( LENGTH_UNIT ( ) NAMED_UNIT ( * ) SI_UNIT ( $, .METRE. ) );
#3053 = ORIENTED_EDGE ( 'NONE', *, *, #311, .F. ) ;
#3054 =( CONVERSION_BASED_UNIT ( 'INCH', #2004 ) LENGTH_UNIT ( ) NAMED_UNIT ( #1627 ) );
#3055 = DIRECTION ( 'NONE',  ( -0.000000000000000000, 1.000000000000000000, 0.000000000000000000 ) ) ;
#3056 = EDGE_LOOP ( 'NONE', ( #1747, #533, #1919, #546 ) ) ;
#3057 =( NAMED_UNIT ( * ) PLANE_ANGLE_UNIT ( ) SI_UNIT ( $, .RADIAN. ) );
#3058 = CARTESIAN_POINT ( 'NONE',  ( 0.02362204724409448786, -0.01476377952755905665, -0.02283464566929133827 ) ) ;
#3059 = MECHANICAL_DESIGN_GEOMETRIC_PRESENTATION_REPRESENTATION (  '', ( #1126 ), #1084 ) ;
#3060 = LINE ( 'NONE', #1225, #3361 ) ;
#3061 = VERTEX_POINT ( 'NONE', #661 ) ;
#3062 = CARTESIAN_POINT ( 'NONE',  ( 0.009842519685039369942, 0.01279527559055118266, -0.02204724409448818867 ) ) ;
#3063 = DIRECTION ( 'NONE',  ( -0.000000000000000000, -0.000000000000000000, 1.000000000000000000 ) ) ;
#3064 = ADVANCED_FACE ( 'NONE', ( #3315 ), #967, .F. ) ;
#3065 = FILL_AREA_STYLE ('',( #2017 ) ) ;
#3066 = ORIENTED_EDGE ( 'NONE', *, *, #3181, .F. ) ;
#3067 = CARTESIAN_POINT ( 'NONE',  ( 0.000000000000000000, 0.01476377952755905665, -0.02322834645669292000 ) ) ;
#3068 = EDGE_CURVE ( 'NONE', #1992, #1967, #3377, .T. ) ;
#3069 = DIRECTION ( 'NONE',  ( -1.000000000000000000, -0.000000000000000000, -0.000000000000000000 ) ) ;
#3070 = VECTOR ( 'NONE', #2038, 39.37007874015748143 ) ;
#3071 = VECTOR ( 'NONE', #464, 39.37007874015748143 ) ;
#3072 = LINE ( 'NONE', #2574, #68 ) ;
#3073 = ORIENTED_EDGE ( 'NONE', *, *, #177, .F. ) ;
#3074 = CARTESIAN_POINT ( 'NONE',  ( -0.009842519685039369942, -0.01279527559055118266, -0.02283464566929133827 ) ) ;
#3075 =( CONVERSION_BASED_UNIT ( 'INCH', #1120 ) LENGTH_UNIT ( ) NAMED_UNIT ( #2620 ) );
#3076 = STYLED_ITEM ( 'NONE', ( #2460 ), #1530 ) ;
#3077 = EDGE_CURVE ( 'NONE', #1909, #3213, #1301, .T. ) ;
#3078 = EDGE_CURVE ( 'NONE', #1601, #3045, #1319, .T. ) ;
#3079 = PRESENTATION_LAYER_ASSIGNMENT (  '', '', ( #1531 ) ) ;
#3080 = VERTEX_POINT ( 'NONE', #1025 ) ;
#3081 = LINE ( 'NONE', #446, #3376 ) ;
#3082 = STYLED_ITEM ( 'NONE', ( #1946 ), #380 ) ;
#3083 = PRESENTATION_STYLE_ASSIGNMENT (( #162 ) ) ;
#3084 = EDGE_LOOP ( 'NONE', ( #2245, #771, #1102, #1773 ) ) ;
#3085 = CARTESIAN_POINT ( 'NONE',  ( 0.000000000000000000, -0.01476377952755905665, -0.02322834645669292000 ) ) ;
#3086 = CARTESIAN_POINT ( 'NONE',  ( -0.009842519685039369942, 0.01279527559055118266, -0.02283464566929133827 ) ) ;
#3087 = SURFACE_STYLE_USAGE ( .BOTH. , #1523 ) ;
#3088 =( LENGTH_UNIT ( ) NAMED_UNIT ( * ) SI_UNIT ( $, .METRE. ) );
#3089 = ADVANCED_FACE ( 'NONE', ( #2876 ), #3102, .T. ) ;
#3090 = DIRECTION ( 'NONE',  ( 1.084202172485499873E-16, -1.000000000000000000, -0.000000000000000000 ) ) ;
#3091 = EDGE_LOOP ( 'NONE', ( #2842, #1106, #3216, #1033 ) ) ;
#3092 = ADVANCED_FACE ( 'NONE', ( #2408 ), #765, .T. ) ;
#3093 = CARTESIAN_POINT ( 'NONE',  ( -0.02755905511811023584, 0.000000000000000000, -0.02283464566929133827 ) ) ;
#3094 =( NAMED_UNIT ( * ) PLANE_ANGLE_UNIT ( ) SI_UNIT ( $, .RADIAN. ) );
#3095 = ORIENTED_EDGE ( 'NONE', *, *, #1591, .F. ) ;
#3096 = FACE_OUTER_BOUND ( 'NONE', #572, .T. ) ;
#3097 = CARTESIAN_POINT ( 'NONE',  ( 0.01574803149606299191, -0.03248031496062991907, -0.01574803149606299191 ) ) ;
#3098 = UNCERTAINTY_MEASURE_WITH_UNIT (LENGTH_MEASURE( 1.000000000000000082E-05 ), #2983, 'distance_accuracy_value', 'NONE');
#3099 = EDGE_LOOP ( 'NONE', ( #958, #2127, #966, #1862 ) ) ;
#3100 = AXIS2_PLACEMENT_3D ( 'NONE', #231, #2641, #2090 ) ;
#3101 = PRESENTATION_LAYER_ASSIGNMENT (  '', '', ( #2006 ) ) ;
#3102 = PLANE ( 'NONE',  #2483 ) ;
#3103 = COLOUR_RGB ( '',0.6313725490196078205, 0.6588235294117646967, 0.6784313725490196401 ) ;
#3104 = UNCERTAINTY_MEASURE_WITH_UNIT (LENGTH_MEASURE( 1.000000000000000082E-05 ), #1480, 'distance_accuracy_value', 'NONE');
#3105 = VECTOR ( 'NONE', #3009, 39.37007874015748143 ) ;
#3106 = CARTESIAN_POINT ( 'NONE',  ( -0.01574803149606299191, -0.03149606299212598381, -0.02283464566929133827 ) ) ;
#3107 = LINE ( 'NONE', #736, #2639 ) ;
#3108 = ORIENTED_EDGE ( 'NONE', *, *, #2791, .F. ) ;
#3109 = CARTESIAN_POINT ( 'NONE',  ( 0.02755905511811023584, -0.01279527559055118266, -0.02362204724409448786 ) ) ;
#3110 = VERTEX_POINT ( 'NONE', #3358 ) ;
#3111 = LINE ( 'NONE', #2857, #611 ) ;
#3112 =( NAMED_UNIT ( * ) SI_UNIT ( $, .STERADIAN. ) SOLID_ANGLE_UNIT ( ) );
#3113 = ORIENTED_EDGE ( 'NONE', *, *, #3218, .F. ) ;
#3114 = PLANE ( 'NONE',  #1486 ) ;
#3115 = DIRECTION ( 'NONE',  ( -1.084202172485499873E-16, 1.000000000000000000, -0.000000000000000000 ) ) ;
#3116 = EDGE_CURVE ( 'NONE', #680, #1989, #2071, .T. ) ;
#3117 = EDGE_CURVE ( 'NONE', #1174, #3110, #2861, .T. ) ;
#3118 = CARTESIAN_POINT ( 'NONE',  ( 0.02362204724409984122, 0.002106462476690000325, -0.02362204724409448786 ) ) ;
#3119 = SURFACE_SIDE_STYLE ('',( #1828 ) ) ;
#3120 = CARTESIAN_POINT ( 'NONE',  ( 0.01574803149606299191, 0.01279527559055118266, -0.02283464566929133827 ) ) ;
#3121 = ORIENTED_EDGE ( 'NONE', *, *, #261, .T. ) ;
#3122 = CARTESIAN_POINT ( 'NONE',  ( -0.01181102362204098331, 0.000000000000000000, -0.02362204724409448786 ) ) ;
#3123 =( GEOMETRIC_REPRESENTATION_CONTEXT ( 3 ) GLOBAL_UNCERTAINTY_ASSIGNED_CONTEXT ( ( #2554 ) ) GLOBAL_UNIT_ASSIGNED_CONTEXT ( ( #2590, #2243, #866 ) ) REPRESENTATION_CONTEXT ( 'NONE', 'WORKASPACE' ) );
#3124 = EDGE_CURVE ( 'NONE', #1696, #347, #1289, .T. ) ;
#3125 = CARTESIAN_POINT ( 'NONE',  ( 0.01574803149606299191, 0.03248031496062991907, -0.02204724409448818867 ) ) ;
#3126 = ORIENTED_EDGE ( 'NONE', *, *, #1974, .F. ) ;
#3127 = VECTOR ( 'NONE', #2883, 39.37007874015748143 ) ;
#3128 =( LENGTH_UNIT ( ) NAMED_UNIT ( * ) SI_UNIT ( $, .METRE. ) );
#3129 = DIRECTION ( 'NONE',  ( 0.000000000000000000, 0.000000000000000000, -1.000000000000000000 ) ) ;
#3130 = DIRECTION ( 'NONE',  ( 0.000000000000000000, -1.000000000000000000, 0.000000000000000000 ) ) ;
#3131 = ORIENTED_EDGE ( 'NONE', *, *, #2536, .T. ) ;
#3132 = ORIENTED_EDGE ( 'NONE', *, *, #2881, .T. ) ;
#3133 = EDGE_CURVE ( 'NONE', #774, #2659, #2490, .T. ) ;
#3134 = LINE ( 'NONE', #2895, #2605 ) ;
#3135 = CARTESIAN_POINT ( 'NONE',  ( -0.01181102362204098331, 0.007027722319191770373, -0.02283464566929133827 ) ) ;
#3136 = DIMENSIONAL_EXPONENTS ( 1.000000000000000000, 0.000000000000000000, 0.000000000000000000, 0.000000000000000000, 0.000000000000000000, 0.000000000000000000, 0.000000000000000000 ) ;
#3137 = SURFACE_STYLE_FILL_AREA ( #2658 ) ;
#3138 = ORIENTED_EDGE ( 'NONE', *, *, #819, .F. ) ;
#3139 = DIMENSIONAL_EXPONENTS ( 1.000000000000000000, 0.000000000000000000, 0.000000000000000000, 0.000000000000000000, 0.000000000000000000, 0.000000000000000000, 0.000000000000000000 ) ;
#3140 = DIRECTION ( 'NONE',  ( 0.000000000000000000, -0.000000000000000000, 1.000000000000000000 ) ) ;
#3141 = VERTEX_POINT ( 'NONE', #1654 ) ;
#3142 = CARTESIAN_POINT ( 'NONE',  ( 0.01771653543307086937, -0.01476377952755905665, -0.02322834645669292000 ) ) ;
#3143 = CARTESIAN_POINT ( 'NONE',  ( 0.03543307086614173873, 0.000000000000000000, -0.02204724409448818867 ) ) ;
#3144 = AXIS2_PLACEMENT_3D ( 'NONE', #3327, #3130, #2049 ) ;
#3145 = CARTESIAN_POINT ( 'NONE',  ( 0.000000000000000000, -0.03149606299212598381, -0.02204724409448818867 ) ) ;
#3146 = ORIENTED_EDGE ( 'NONE', *, *, #1390, .F. ) ;
#3147 = ORIENTED_EDGE ( 'NONE', *, *, #1944, .F. ) ;
#3148 = VECTOR ( 'NONE', #87, 39.37007874015748143 ) ;
#3149 = FACE_OUTER_BOUND ( 'NONE', #2266, .T. ) ;
#3150 = CARTESIAN_POINT ( 'NONE',  ( 0.03543307086614173179, 0.01279527559055118439, -0.02204724409448818867 ) ) ;
#3151 = AXIS2_PLACEMENT_3D ( 'NONE', #1200, #1485, #938 ) ;
#3152 = MECHANICAL_DESIGN_GEOMETRIC_PRESENTATION_REPRESENTATION (  '', ( #2558 ), #1010 ) ;
#3153 = PRESENTATION_LAYER_ASSIGNMENT (  '', '', ( #1221 ) ) ;
#3154 = FILL_AREA_STYLE_COLOUR ( '', #1810 ) ;
#3155 = EDGE_LOOP ( 'NONE', ( #610, #405, #1534, #1388, #1182, #890 ) ) ;
#3156 = PLANE ( 'NONE',  #2505 ) ;
#3157 = EDGE_CURVE ( 'NONE', #2866, #1314, #2927, .T. ) ;
#3158 = DIRECTION ( 'NONE',  ( 1.000000000000000000, -0.000000000000000000, 0.000000000000000000 ) ) ;
#3159 = ORIENTED_EDGE ( 'NONE', *, *, #932, .T. ) ;
#3160 = CARTESIAN_POINT ( 'NONE',  ( 0.02362204724409984122, -0.001830545397304263969, -0.02283464566929133827 ) ) ;
#3161 = CARTESIAN_POINT ( 'NONE',  ( -0.009842519685039369942, -0.01279527559055118266, -0.02362204724409448786 ) ) ;
#3162 = DIRECTION ( 'NONE',  ( 0.000000000000000000, -1.000000000000000000, 0.000000000000000000 ) ) ;
#3163 = ORIENTED_EDGE ( 'NONE', *, *, #2589, .T. ) ;
#3164 = FILL_AREA_STYLE_COLOUR ( '', #2797 ) ;
#3165 = DIMENSIONAL_EXPONENTS ( 1.000000000000000000, 0.000000000000000000, 0.000000000000000000, 0.000000000000000000, 0.000000000000000000, 0.000000000000000000, 0.000000000000000000 ) ;
#3166 = EDGE_CURVE ( 'NONE', #1197, #1907, #2999, .T. ) ;
#3167 = LINE ( 'NONE', #241, #1723 ) ;
#3168 = LINE ( 'NONE', #3398, #2116 ) ;
#3169 = EDGE_CURVE ( 'NONE', #1571, #754, #898, .T. ) ;
#3170 = ORIENTED_EDGE ( 'NONE', *, *, #2222, .F. ) ;
#3171 = AXIS2_PLACEMENT_3D ( 'NONE', #942, #2309, #185 ) ;
#3172 = LINE ( 'NONE', #2681, #903 ) ;
#3173 = ORIENTED_EDGE ( 'NONE', *, *, #514, .F. ) ;
#3174 = CARTESIAN_POINT ( 'NONE',  ( 0.03346456692913385433, 0.01476377952755905665, -0.02204724409448818867 ) ) ;
#3175 =( CONVERSION_BASED_UNIT ( 'INCH', #582 ) LENGTH_UNIT ( ) NAMED_UNIT ( #555 ) );
#3176 = LINE ( 'NONE', #3145, #2063 ) ;
#3177 = VERTEX_POINT ( 'NONE', #588 ) ;
#3178 = PRESENTATION_STYLE_ASSIGNMENT (( #2141 ) ) ;
#3179 = DIRECTION ( 'NONE',  ( -1.000000000000000000, -0.000000000000000000, 0.000000000000000000 ) ) ;
#3180 = DIMENSIONAL_EXPONENTS ( 1.000000000000000000, 0.000000000000000000, 0.000000000000000000, 0.000000000000000000, 0.000000000000000000, 0.000000000000000000, 0.000000000000000000 ) ;
#3181 = EDGE_CURVE ( 'NONE', #194, #1696, #2440, .T. ) ;
#3182 = VECTOR ( 'NONE', #1269, 39.37007874015748143 ) ;
#3183 = DIRECTION ( 'NONE',  ( -1.000000000000000000, -0.000000000000000000, 0.000000000000000000 ) ) ;
#3184 =( LENGTH_UNIT ( ) NAMED_UNIT ( * ) SI_UNIT ( $, .METRE. ) );
#3185 = CARTESIAN_POINT ( 'NONE',  ( 0.000000000000000000, 0.000000000000000000, -0.02362204724409448786 ) ) ;
#3186 = COLOUR_RGB ( '',0.6313725490196078205, 0.6588235294117646967, 0.6784313725490196401 ) ;
#3187 = CARTESIAN_POINT ( 'NONE',  ( 0.03346456692913385433, 0.01476377952755905665, -0.02322834645669292000 ) ) ;
#3188 = ORIENTED_EDGE ( 'NONE', *, *, #1333, .T. ) ;
#3189 = CARTESIAN_POINT ( 'NONE',  ( 0.02755905511811023584, 0.000000000000000000, -0.02283464566929133827 ) ) ;
#3190 = EDGE_CURVE ( 'NONE', #1886, #1428, #1430, .T. ) ;
#3191 = EDGE_CURVE ( 'NONE', #1186, #1519, #3199, .T. ) ;
#3192 =( NAMED_UNIT ( * ) SI_UNIT ( $, .STERADIAN. ) SOLID_ANGLE_UNIT ( ) );
#3193 = EDGE_LOOP ( 'NONE', ( #1982, #56, #2191, #1113 ) ) ;
#3194 =( NAMED_UNIT ( * ) PLANE_ANGLE_UNIT ( ) SI_UNIT ( $, .RADIAN. ) );
#3195 = LINE ( 'NONE', #2160, #1980 ) ;
#3196 = PLANE ( 'NONE',  #1957 ) ;
#3197 = EDGE_LOOP ( 'NONE', ( #1540, #71, #1566, #973 ) ) ;
#3198 = DIRECTION ( 'NONE',  ( -0.000000000000000000, 1.000000000000000000, 0.000000000000000000 ) ) ;
#3199 = LINE ( 'NONE', #601, #1249 ) ;
#3200 = STYLED_ITEM ( 'NONE', ( #2002 ), #589 ) ;
#3201 = ORIENTED_EDGE ( 'NONE', *, *, #2696, .T. ) ;
#3202 = LINE ( 'NONE', #2525, #1054 ) ;
#3203 = LINE ( 'NONE', #606, #2796 ) ;
#3204 = CARTESIAN_POINT ( 'NONE',  ( 0.000000000000000000, 0.000000000000000000, -0.02283464566929133827 ) ) ;
#3205 = EDGE_LOOP ( 'NONE', ( #576, #2396, #1163, #2425 ) ) ;
#3206 = STYLED_ITEM ( 'NONE', ( #865 ), #1870 ) ;
#3207 = STYLED_ITEM ( 'NONE', ( #1853 ), #2009 ) ;
#3208 =( LENGTH_UNIT ( ) NAMED_UNIT ( * ) SI_UNIT ( $, .METRE. ) );
#3209 = ORIENTED_EDGE ( 'NONE', *, *, #1199, .F. ) ;
#3210 = FACE_OUTER_BOUND ( 'NONE', #911, .T. ) ;
#3211 = CARTESIAN_POINT ( 'NONE',  ( 0.01771653543307086937, -0.03051181102362205202, -0.02322834645669292000 ) ) ;
#3212 = LINE ( 'NONE', #1070, #128 ) ;
#3213 = VERTEX_POINT ( 'NONE', #820 ) ;
#3214 = CARTESIAN_POINT ( 'NONE',  ( 0.01574803149606299191, -0.03149606299212598381, -0.02362204724409448786 ) ) ;
#3215 = LINE ( 'NONE', #862, #328 ) ;
#3216 = ORIENTED_EDGE ( 'NONE', *, *, #1223, .T. ) ;
#3217 = CARTESIAN_POINT ( 'NONE',  ( 0.007874015748031495954, 0.03051181102362205202, -0.02322834645669292000 ) ) ;
#3218 = EDGE_CURVE ( 'NONE', #2014, #343, #841, .T. ) ;
#3219 = ORIENTED_EDGE ( 'NONE', *, *, #1147, .T. ) ;
#3220 = FACE_OUTER_BOUND ( 'NONE', #3400, .T. ) ;
#3221 =( LENGTH_UNIT ( ) NAMED_UNIT ( * ) SI_UNIT ( $, .METRE. ) );
#3222 = DIRECTION ( 'NONE',  ( -1.274473528905959695E-48, -1.000000000000000000, -1.498136433501504026E-80 ) ) ;
#3223 = ORIENTED_EDGE ( 'NONE', *, *, #1150, .T. ) ;
#3224 = DIRECTION ( 'NONE',  ( 0.000000000000000000, 0.000000000000000000, 1.000000000000000000 ) ) ;
#3225 = SURFACE_STYLE_USAGE ( .BOTH. , #639 ) ;
#3226 = VERTEX_POINT ( 'NONE', #2980 ) ;
#3227 = DIRECTION ( 'NONE',  ( 0.000000000000000000, 1.000000000000000000, 0.000000000000000000 ) ) ;
#3228 =( GEOMETRIC_REPRESENTATION_CONTEXT ( 3 ) GLOBAL_UNCERTAINTY_ASSIGNED_CONTEXT ( ( #1230 ) ) GLOBAL_UNIT_ASSIGNED_CONTEXT ( ( #2731, #331, #1639 ) ) REPRESENTATION_CONTEXT ( 'NONE', 'WORKASPACE' ) );
#3229 = EDGE_CURVE ( 'NONE', #893, #3254, #2726, .T. ) ;
#3230 = CARTESIAN_POINT ( 'NONE',  ( 0.03346456692913385433, -0.01476377952755905665, -0.02204724409448818867 ) ) ;
#3231 = ORIENTED_EDGE ( 'NONE', *, *, #1944, .T. ) ;
#3232 = EDGE_CURVE ( 'NONE', #3391, #1938, #1688, .T. ) ;
#3233 = CARTESIAN_POINT ( 'NONE',  ( 0.03346456692913385433, -0.03051181102362205202, -0.02322834645669292000 ) ) ;
#3234 = STYLED_ITEM ( 'NONE', ( #1044 ), #1356 ) ;
#3235 =( LENGTH_UNIT ( ) NAMED_UNIT ( * ) SI_UNIT ( $, .METRE. ) );
#3236 =( GEOMETRIC_REPRESENTATION_CONTEXT ( 3 ) GLOBAL_UNCERTAINTY_ASSIGNED_CONTEXT ( ( #35 ) ) GLOBAL_UNIT_ASSIGNED_CONTEXT ( ( #3054, #228, #469 ) ) REPRESENTATION_CONTEXT ( 'NONE', 'WORKASPACE' ) );
#3237 = ORIENTED_EDGE ( 'NONE', *, *, #2972, .F. ) ;
#3238 =( GEOMETRIC_REPRESENTATION_CONTEXT ( 3 ) GLOBAL_UNCERTAINTY_ASSIGNED_CONTEXT ( ( #1170 ) ) GLOBAL_UNIT_ASSIGNED_CONTEXT ( ( #3256, #1715, #654 ) ) REPRESENTATION_CONTEXT ( 'NONE', 'WORKASPACE' ) );
#3239 = VECTOR ( 'NONE', #326, 39.37007874015748143 ) ;
#3240 = DIRECTION ( 'NONE',  ( -1.000000000000000000, -0.000000000000000000, 0.000000000000000000 ) ) ;
#3241 = ORIENTED_EDGE ( 'NONE', *, *, #941, .F. ) ;
#3242 = LINE ( 'NONE', #375, #3148 ) ;
#3243 = VERTEX_POINT ( 'NONE', #44 ) ;
#3244 = FILL_AREA_STYLE_COLOUR ( '', #1681 ) ;
#3245 = CARTESIAN_POINT ( 'NONE',  ( 0.01771653543307086937, 0.000000000000000000, -0.02322834645669292000 ) ) ;
#3246 =( NAMED_UNIT ( * ) PLANE_ANGLE_UNIT ( ) SI_UNIT ( $, .RADIAN. ) );
#3247 = ORIENTED_EDGE ( 'NONE', *, *, #1800, .T. ) ;
#3248 = AXIS2_PLACEMENT_3D ( 'NONE', #1518, #2352, #179 ) ;
#3249 = VERTEX_POINT ( 'NONE', #1108 ) ;
#3250 = VECTOR ( 'NONE', #1256, 39.37007874015748143 ) ;
#3251 = CARTESIAN_POINT ( 'NONE',  ( 0.000000000000000000, 0.000000000000000000, -0.02204724409448818867 ) ) ;
#3252 = VECTOR ( 'NONE', #392, 39.37007874015748143 ) ;
#3253 = CARTESIAN_POINT ( 'NONE',  ( -0.009842519685039369942, -0.01279527559055118266, -0.02283464566929133827 ) ) ;
#3254 = VERTEX_POINT ( 'NONE', #2203 ) ;
#3255 = CARTESIAN_POINT ( 'NONE',  ( 0.007874015748031495954, -0.03051181102362205202, -0.02283464566929133827 ) ) ;
#3256 =( CONVERSION_BASED_UNIT ( 'INCH', #895 ) LENGTH_UNIT ( ) NAMED_UNIT ( #2092 ) );
#3257 = VECTOR ( 'NONE', #836, 39.37007874015748143 ) ;
#3258 = AXIS2_PLACEMENT_3D ( 'NONE', #436, #2280, #1214 ) ;
#3259 = VECTOR ( 'NONE', #3158, 39.37007874015748143 ) ;
#3260 = LENGTH_MEASURE_WITH_UNIT ( LENGTH_MEASURE( 0.02539999999999999897 ), #2219 );
#3261 = ORIENTED_EDGE ( 'NONE', *, *, #3116, .F. ) ;
#3262 =( NAMED_UNIT ( * ) PLANE_ANGLE_UNIT ( ) SI_UNIT ( $, .RADIAN. ) );
#3263 = CARTESIAN_POINT ( 'NONE',  ( -0.009842519685039373412, 0.03149606299212598381, -0.02362204724409448786 ) ) ;
#3264 = ORIENTED_EDGE ( 'NONE', *, *, #3017, .F. ) ;
#3265 = EDGE_CURVE ( 'NONE', #3249, #507, #548, .T. ) ;
#3266 = CARTESIAN_POINT ( 'NONE',  ( -0.009842519685039369942, 0.01279527559055118266, -0.02362204724409448786 ) ) ;
#3267 = EDGE_CURVE ( 'NONE', #457, #411, #1636, .T. ) ;
#3268 = CARTESIAN_POINT ( 'NONE',  ( -0.009842519685039369942, 0.01279527559055118266, -0.02283464566929133827 ) ) ;
#3269 = ORIENTED_EDGE ( 'NONE', *, *, #772, .F. ) ;
#3270 = CARTESIAN_POINT ( 'NONE',  ( -0.03641732283464567399, 0.01279527559055118092, -0.02362204724409448786 ) ) ;
#3271 = SURFACE_STYLE_USAGE ( .BOTH. , #668 ) ;
#3272 = ORIENTED_EDGE ( 'NONE', *, *, #1391, .F. ) ;
#3273 = CARTESIAN_POINT ( 'NONE',  ( 0.03346456692913385433, 0.000000000000000000, -0.02283464566929133827 ) ) ;
#3274 = VERTEX_POINT ( 'NONE', #1622 ) ;
#3275 = SURFACE_STYLE_USAGE ( .BOTH. , #600 ) ;
#3276 = MECHANICAL_DESIGN_GEOMETRIC_PRESENTATION_REPRESENTATION (  '', ( #1244 ), #466 ) ;
#3277 = SURFACE_STYLE_USAGE ( .BOTH. , #1461 ) ;
#3278 = LINE ( 'NONE', #364, #833 ) ;
#3279 = ORIENTED_EDGE ( 'NONE', *, *, #2865, .T. ) ;
#3280 = FACE_OUTER_BOUND ( 'NONE', #516, .T. ) ;
#3281 = AXIS2_PLACEMENT_3D ( 'NONE', #384, #2306, #1741 ) ;
#3282 = EDGE_CURVE ( 'NONE', #1878, #2044, #2675, .T. ) ;
#3283 = VECTOR ( 'NONE', #957, 39.37007874015748143 ) ;
#3284 = LINE ( 'NONE', #401, #1393 ) ;
#3285 = ORIENTED_EDGE ( 'NONE', *, *, #2164, .T. ) ;
#3286 = ADVANCED_FACE ( 'NONE', ( #2422 ), #78, .F. ) ;
#3287 = CARTESIAN_POINT ( 'NONE',  ( -0.01181102362204098331, 0.007027722319191771240, -0.02362204724409448786 ) ) ;
#3288 = VECTOR ( 'NONE', #3227, 39.37007874015748143 ) ;
#3289 = ORIENTED_EDGE ( 'NONE', *, *, #772, .T. ) ;
#3290 = DIRECTION ( 'NONE',  ( 1.000000000000000000, 0.000000000000000000, -0.000000000000000000 ) ) ;
#3291 =( LENGTH_UNIT ( ) NAMED_UNIT ( * ) SI_UNIT ( $, .METRE. ) );
#3292 = EDGE_CURVE ( 'NONE', #2609, #2698, #1478, .T. ) ;
#3293 = ORIENTED_EDGE ( 'NONE', *, *, #461, .F. ) ;
#3294 = CARTESIAN_POINT ( 'NONE',  ( -0.009842519685039369942, 0.000000000000000000, -0.02362204724409448786 ) ) ;
#3295 = DIRECTION ( 'NONE',  ( 0.000000000000000000, -0.000000000000000000, -1.000000000000000000 ) ) ;
#3296 =( LENGTH_UNIT ( ) NAMED_UNIT ( * ) SI_UNIT ( $, .METRE. ) );
#3297 = PLANE ( 'NONE',  #2985 ) ;
#3298 = ORIENTED_EDGE ( 'NONE', *, *, #1100, .F. ) ;
#3299 = DIRECTION ( 'NONE',  ( -0.000000000000000000, 0.000000000000000000, 1.000000000000000000 ) ) ;
#3300 = FACE_OUTER_BOUND ( 'NONE', #2618, .T. ) ;
#3301 = CARTESIAN_POINT ( 'NONE',  ( -0.03543307086614173873, 0.01279527559055118266, -0.02362204724409448786 ) ) ;
#3302 = PRESENTATION_LAYER_ASSIGNMENT (  '', '', ( #3200 ) ) ;
#3303 =( NAMED_UNIT ( * ) PLANE_ANGLE_UNIT ( ) SI_UNIT ( $, .RADIAN. ) );
#3304 = DIRECTION ( 'NONE',  ( 0.000000000000000000, -0.000000000000000000, -1.000000000000000000 ) ) ;
#3305 = EDGE_LOOP ( 'NONE', ( #125, #1822, #339, #1589 ) ) ;
#3306 = DIRECTION ( 'NONE',  ( 1.000000000000000000, 0.000000000000000000, 0.000000000000000000 ) ) ;
#3307 = EDGE_CURVE ( 'NONE', #3045, #2707, #379, .T. ) ;
#3308 = VERTEX_POINT ( 'NONE', #658 ) ;
#3309 = PLANE ( 'NONE',  #2344 ) ;
#3310 = ADVANCED_FACE ( 'NONE', ( #160 ), #1984, .F. ) ;
#3311 = VECTOR ( 'NONE', #83, 39.37007874015748143 ) ;
#3312 = STYLED_ITEM ( 'NONE', ( #439 ), #1283 ) ;
#3313 = DIRECTION ( 'NONE',  ( -0.000000000000000000, 0.000000000000000000, -1.000000000000000000 ) ) ;
#3314 = EDGE_LOOP ( 'NONE', ( #1432, #195, #2403, #2924 ) ) ;
#3315 = FACE_OUTER_BOUND ( 'NONE', #283, .T. ) ;
#3316 = FACE_OUTER_BOUND ( 'NONE', #1252, .T. ) ;
#3317 = EDGE_CURVE ( 'NONE', #20, #1623, #2527, .T. ) ;
#3318 = ADVANCED_FACE ( 'NONE', ( #2273, #396 ), #2506, .F. ) ;
#3319 = CARTESIAN_POINT ( 'NONE',  ( 0.02755905511811023584, -0.01279527559055118266, -0.02283464566929133827 ) ) ;
#3320 = ORIENTED_EDGE ( 'NONE', *, *, #1539, .T. ) ;
#3321 = CARTESIAN_POINT ( 'NONE',  ( -0.03641732283464567399, -0.01279527559055118266, -0.02283464566929133827 ) ) ;
#3322 = DIRECTION ( 'NONE',  ( 1.314184451497579533E-16, -1.000000000000000000, 0.000000000000000000 ) ) ;
#3323 = VERTEX_POINT ( 'NONE', #595 ) ;
#3324 = DIRECTION ( 'NONE',  ( -0.000000000000000000, 1.000000000000000000, 0.000000000000000000 ) ) ;
#3325 = FACE_OUTER_BOUND ( 'NONE', #3205, .T. ) ;
#3326 = UNCERTAINTY_MEASURE_WITH_UNIT (LENGTH_MEASURE( 1.000000000000000082E-05 ), #2128, 'distance_accuracy_value', 'NONE');
#3327 = CARTESIAN_POINT ( 'NONE',  ( 0.000000000000000000, -0.01476377952755905665, -0.02204724409448818867 ) ) ;
#3328 = ORIENTED_EDGE ( 'NONE', *, *, #770, .F. ) ;
#3329 = CARTESIAN_POINT ( 'NONE',  ( 0.03543307086614173873, 0.000000000000000000, -0.02204724409448818867 ) ) ;
#3330 = EDGE_CURVE ( 'NONE', #49, #3027, #577, .T. ) ;
#3331 = EDGE_CURVE ( 'NONE', #1242, #2749, #832, .T. ) ;
#3332 = CARTESIAN_POINT ( 'NONE',  ( 0.01574803149606299191, 0.03149606299212598381, -0.02283464566929133827 ) ) ;
#3333 = CARTESIAN_POINT ( 'NONE',  ( 0.03543307086614173179, -0.01279527559055118266, -0.02204724409448818867 ) ) ;
#3334 = ORIENTED_EDGE ( 'NONE', *, *, #3157, .T. ) ;
#3335 = LINE ( 'NONE', #2045, #1051 ) ;
#3336 = VECTOR ( 'NONE', #2238, 39.37007874015748143 ) ;
#3337 = CARTESIAN_POINT ( 'NONE',  ( 0.03641732283464567399, -0.03248031496062991907, 0.000000000000000000 ) ) ;
#3338 = ORIENTED_EDGE ( 'NONE', *, *, #2815, .F. ) ;
#3339 = FILL_AREA_STYLE_COLOUR ( '', #3103 ) ;
#3340 = CARTESIAN_POINT ( 'NONE',  ( 0.009842519685039369942, -0.03248031496062991907, -0.02362204724409448786 ) ) ;
#3341 = DIRECTION ( 'NONE',  ( 1.000000000000000000, 0.000000000000000000, -0.000000000000000000 ) ) ;
#3342 = ORIENTED_EDGE ( 'NONE', *, *, #1121, .T. ) ;
#3343 = FILL_AREA_STYLE ('',( #2320 ) ) ;
#3344 = LINE ( 'NONE', #1498, #750 ) ;
#3345 = CARTESIAN_POINT ( 'NONE',  ( -0.03346456692913385433, 0.01476377952755905665, -0.02283464566929133827 ) ) ;
#3346 = ORIENTED_EDGE ( 'NONE', *, *, #2521, .F. ) ;
#3347 = SURFACE_SIDE_STYLE ('',( #690 ) ) ;
#3348 = ORIENTED_EDGE ( 'NONE', *, *, #2165, .F. ) ;
#3349 = CARTESIAN_POINT ( 'NONE',  ( 0.009842519685039369942, -0.01279527559055118266, -0.02283464566929133827 ) ) ;
#3350 = FACE_OUTER_BOUND ( 'NONE', #1128, .T. ) ;
#3351 = EDGE_CURVE ( 'NONE', #3226, #1601, #353, .T. ) ;
#3352 = EDGE_CURVE ( 'NONE', #104, #1765, #69, .T. ) ;
#3353 = SURFACE_SIDE_STYLE ('',( #2068 ) ) ;
#3354 = ORIENTED_EDGE ( 'NONE', *, *, #2964, .T. ) ;
#3355 = VECTOR ( 'NONE', #947, 39.37007874015748143 ) ;
#3356 = VECTOR ( 'NONE', #1644, 39.37007874015748143 ) ;
#3357 = ORIENTED_EDGE ( 'NONE', *, *, #2711, .F. ) ;
#3358 = CARTESIAN_POINT ( 'NONE',  ( -0.02755905511811023584, 0.01279527559055118266, -0.02322834645669292000 ) ) ;
#3359 = STYLED_ITEM ( 'NONE', ( #1804 ), #1999 ) ;
#3360 = UNCERTAINTY_MEASURE_WITH_UNIT (LENGTH_MEASURE( 1.000000000000000082E-05 ), #293, 'distance_accuracy_value', 'NONE');
#3361 = VECTOR ( 'NONE', #2300, 39.37007874015748143 ) ;
#3362 = ADVANCED_FACE ( 'NONE', ( #2229 ), #302, .T. ) ;
#3363 = LINE ( 'NONE', #3118, #902 ) ;
#3364 = PLANE ( 'NONE',  #907 ) ;
#3365 = CARTESIAN_POINT ( 'NONE',  ( 0.009842519685039369942, -0.01279527559055118266, -0.02362204724409448786 ) ) ;
#3366 = ORIENTED_EDGE ( 'NONE', *, *, #1245, .F. ) ;
#3367 = CARTESIAN_POINT ( 'NONE',  ( -0.03641732283464567399, -0.03248031496062991907, -0.01574803149606299191 ) ) ;
#3368 = ADVANCED_FACE ( 'NONE', ( #1662 ), #2449, .F. ) ;
#3369 = DIRECTION ( 'NONE',  ( 1.175494350822290108E-32, 0.000000000000000000, -1.000000000000000000 ) ) ;
#3370 = VERTEX_POINT ( 'NONE', #320 ) ;
#3371 = CARTESIAN_POINT ( 'NONE',  ( 0.03641732283464567399, -0.01279527559055118092, -0.02362204724409448786 ) ) ;
#3372 = SURFACE_STYLE_FILL_AREA ( #760 ) ;
#3373 = CARTESIAN_POINT ( 'NONE',  ( 0.009842519685039369942, -0.03149606299212598381, -0.02283464566929133827 ) ) ;
#3374 = EDGE_LOOP ( 'NONE', ( #2915, #2232, #1943, #3121 ) ) ;
#3375 = VERTEX_POINT ( 'NONE', #101 ) ;
#3376 = VECTOR ( 'NONE', #2597, 39.37007874015748143 ) ;
#3377 = LINE ( 'NONE', #2105, #471 ) ;
#3378 = APPLICATION_PROTOCOL_DEFINITION ( 'draft international standard', 'automotive_design', 1998, #1509 ) ;
#3379 = DIRECTION ( 'NONE',  ( -1.000000000000000000, 1.084202172485499873E-16, 0.000000000000000000 ) ) ;
#3380 = CARTESIAN_POINT ( 'NONE',  ( 0.01574803149606299191, -0.03248031496062991907, -0.02204724409448818867 ) ) ;
#3381 = CARTESIAN_POINT ( 'NONE',  ( 0.03346456692913385433, 0.03051181102362205202, -0.02322834645669292000 ) ) ;
#3382 = VERTEX_POINT ( 'NONE', #2991 ) ;
#3383 = FILL_AREA_STYLE_COLOUR ( '', #3186 ) ;
#3384 = VECTOR ( 'NONE', #3299, 39.37007874015748143 ) ;
#3385 = CARTESIAN_POINT ( 'NONE',  ( 0.007874015748031495954, -0.01476377952755905665, -0.02322834645669292000 ) ) ;
#3386 = ORIENTED_EDGE ( 'NONE', *, *, #1994, .T. ) ;
#3387 = VECTOR ( 'NONE', #539, 39.37007874015748143 ) ;
#3388 = DIRECTION ( 'NONE',  ( 0.000000000000000000, 0.000000000000000000, -1.000000000000000000 ) ) ;
#3389 = CARTESIAN_POINT ( 'NONE',  ( -0.03641732283464566705, 0.01279527559055118092, -0.01574803149606299191 ) ) ;
#3390 = DIMENSIONAL_EXPONENTS ( 1.000000000000000000, 0.000000000000000000, 0.000000000000000000, 0.000000000000000000, 0.000000000000000000, 0.000000000000000000, 0.000000000000000000 ) ;
#3391 = VERTEX_POINT ( 'NONE', #2194 ) ;
#3392 = DIMENSIONAL_EXPONENTS ( 1.000000000000000000, 0.000000000000000000, 0.000000000000000000, 0.000000000000000000, 0.000000000000000000, 0.000000000000000000, 0.000000000000000000 ) ;
#3393 = CARTESIAN_POINT ( 'NONE',  ( 0.000000000000000000, 0.03149606299212598381, -0.01200787401574803133 ) ) ;
#3394 = STYLED_ITEM ( 'NONE', ( #672 ), #358 ) ;
#3395 = VECTOR ( 'NONE', #1124, 39.37007874015748143 ) ;
#3396 = SURFACE_STYLE_USAGE ( .BOTH. , #3024 ) ;
#3397 = DIRECTION ( 'NONE',  ( 0.000000000000000000, -1.000000000000000000, -0.000000000000000000 ) ) ;
#3398 = CARTESIAN_POINT ( 'NONE',  ( 0.01574803149606299191, 0.03149606299212598381, -0.02362204724409448786 ) ) ;
#3399 = SURFACE_STYLE_USAGE ( .BOTH. , #1063 ) ;
#3400 = EDGE_LOOP ( 'NONE', ( #3237, #24, #2329, #3113, #212, #652, #2201, #2277 ) ) ;
#3401 = SURFACE_STYLE_USAGE ( .BOTH. , #284 ) ;
#3402 = DIRECTION ( 'NONE',  ( 1.000000000000000000, 0.000000000000000000, 0.000000000000000000 ) ) ;
#3403 = ADVANCED_FACE ( 'NONE', ( #371 ), #1647, .T. ) ;
#3404 = ORIENTED_EDGE ( 'NONE', *, *, #200, .F. ) ;
#3405 = DIRECTION ( 'NONE',  ( 0.000000000000000000, 0.000000000000000000, 1.000000000000000000 ) ) ;
ENDSEC;
END-ISO-10303-21;
